,01c [bldta] [otf],01s [bldta] [otf],02A [bldta] [otf],02B [bldta] [otf],13c [bldta] [otf],13s [Bmax=40000] [bldta] [otf],14c [bldta] [otf],14s [bldta] [otf],15c [bldta] [otf],15s [Bmax=13000] [bldta] [otf],22 [bldta] [otf],27 [bldta] [otf],33 [bldta] [otf],37a [bldta] [otf],37b [bldta] [otf],37c [bldta] [otf],38a [bldta] [otf],38b [bldta] [otf],max_Band5_MID_continuum [bldta] [otf],max_Band5_MID_spectral [bldta] [otf],max_LOW_continuum [bldta] [otf],max_LOW_spectral [bldta] [otf],max_MID_continuum [bldta] [otf],max_MID_spectral [bldta] [otf]
-- Parameters --,,,,,,,,,,,,,,,,,,,,,,,,
Telescope,SKA1_Low_rebaselined,SKA1_Low_rebaselined,SKA1_Low_rebaselined,SKA1_Low_rebaselined,SKA1_Mid_rebaselined,SKA1_Mid_rebaselined,SKA1_Mid_rebaselined,SKA1_Mid_rebaselined,SKA1_Mid_rebaselined,SKA1_Mid_rebaselined,SKA1_Mid_rebaselined,SKA1_Mid_rebaselined,SKA1_Mid_rebaselined,SKA1_Mid_rebaselined,SKA1_Mid_rebaselined,SKA1_Mid_rebaselined,SKA1_Mid_rebaselined,SKA1_Mid_rebaselined,SKA1_Mid_rebaselined,SKA1_Mid_rebaselined,SKA1_Low_rebaselined,SKA1_Low_rebaselined,SKA1_Mid_rebaselined,SKA1_Mid_rebaselined
Band,HPSO 01c,HPSO 01s,HPSO 02A,HPSO 02B,HPSO 13c,HPSO 13s,HPSO 14c,HPSO 14s,HPSO 15c,HPSO 15s,HPSO 22,HPSO 27,HPSO 33,HPSO 37a,HPSO 37b,HPSO 37c,HPSO 38a,HPSO 38b,HPSO max_Band5_MID_continuum,HPSO max_Band5_MID_spectral,HPSO max_LOW_continuum,HPSO max_LOW_spectral,HPSO max_MID_continuum,HPSO max_MID_spectral
Mode,Continuum,Spectral,Continuum,Continuum,Continuum,Spectral,Continuum,Spectral,Continuum,Spectral,Continuum,Continuum,Continuum,Continuum,Continuum,Continuum,Continuum,Continuum,Continuum,Spectral,Continuum,Spectral,Continuum,Spectral
BL-dependent averaging,True,True,True,True,True,True,True,True,True,True,True,True,True,True,True,True,True,True,True,True,True,True,True,True
On-the-fly kernels,True,True,True,True,True,True,True,True,True,True,True,True,True,True,True,True,True,True,True,True,True,True,True,True
Max # of channels,65536,65536,65536,65536,41000,65536,65536,5000,65536,2500,65536,65536,65536,65536,65536,65536,65536,65536,65536,65536,65536,65536,65536,65536
Max Baseline [m],80000,80000,80000,80000,150000,40000,150000,150000,150000,13000,150000,150000,150000,150000,150000,150000,150000,150000,150000,150000,80000,80000,150000,150000
Observation Time [s],21600,21600,21600,21600,21600,21600,21600,21600,15840.000000000002,15840.000000000002,21600,442.8,442.8,21600,21600,21600,21600,21600,21600,21600,21600,21600,21600,21600
Snapshot Time [s],36.08684977296418,83.32912791228902,36.17912416527392,36.17912416527392,122.71433133160937,465.4203592265739,161.6463101534652,269.42938289204955,167.39747469515194,251.8961323020197,605.0489621911862,150.16904155595142,150.16904155595142,156.0415457338322,156.0415457338322,150.2050374934032,513.7928966503695,513.7928966503695,581.5578530259287,985.7849323767294,38.01545969871913,62.27529443029742,122.46824052553485,153.9089991168016
Facets,1.0,1.0,1.0,1.0,1.0,1.0,1.0,1.0,1.0,1.0,1.0,1.0,1.0,1.0,1.0,1.0,1.0,1.0,1.0,1.0,1.0,1.0,10.0,1.0
Stations/antennas,512,512,512,512,197,197,197,197,197,197,197,197,197,197,197,197,197,197,197,197,512,512,197,197
Max Baseline [per bin]0 [m],4900,4900,4900,4900,5000.0,5000.0,5000.0,5000.0,5000.0,5000.0,5000.0,5000.0,5000.0,5000.0,5000.0,5000.0,5000.0,5000.0,5000.0,5000.0,4900,4900,5000.0,5000.0
Max Baseline [per bin]1 [m],7100,7100,7100,7100,7500.0,7500.0,7500.0,7500.0,7500.0,7500.0,7500.0,7500.0,7500.0,7500.0,7500.0,7500.0,7500.0,7500.0,7500.0,7500.0,7100,7100,7500.0,7500.0
Max Baseline [per bin]2 [m],10400,10400,10400,10400,10000.0,10000.0,10000.0,10000.0,10000.0,10000.0,10000.0,10000.0,10000.0,10000.0,10000.0,10000.0,10000.0,10000.0,10000.0,10000.0,10400,10400,10000.0,10000.0
Max Baseline [per bin]3 [m],15100,15100,15100,15100,15000.0,15000.0,15000.0,15000.0,15000.0,13000.0,15000.0,15000.0,15000.0,15000.0,15000.0,15000.0,15000.0,15000.0,15000.0,15000.0,15100,15100,15000.0,15000.0
Max Baseline [per bin]4 [m],22100,22100,22100,22100,25000.0,25000.0,25000.0,25000.0,25000.0,,25000.0,25000.0,25000.0,25000.0,25000.0,25000.0,25000.0,25000.0,25000.0,25000.0,22100,22100,25000.0,25000.0
Max Baseline [per bin]5 [m],32200,32200,32200,32200,35000.0,35000.0,35000.0,35000.0,35000.0,,35000.0,35000.0,35000.0,35000.0,35000.0,35000.0,35000.0,35000.0,35000.0,35000.0,32200,32200,35000.0,35000.0
Max Baseline [per bin]6 [m],47000,47000,47000,47000,55000.0,40000.0,55000.0,55000.0,55000.0,,55000.0,55000.0,55000.0,55000.0,55000.0,55000.0,55000.0,55000.0,55000.0,55000.0,47000,47000,55000.0,55000.0
Max Baseline [per bin]7 [m],80000,80000,80000,80000,75000.0,,75000.0,75000.0,75000.0,,75000.0,75000.0,75000.0,75000.0,75000.0,75000.0,75000.0,75000.0,75000.0,75000.0,80000,80000,75000.0,75000.0
Max Baseline [per bin]8 [m],,,,,90000.0,,90000.0,90000.0,90000.0,,90000.0,90000.0,90000.0,90000.0,90000.0,90000.0,90000.0,90000.0,90000.0,90000.0,,,90000.0,90000.0
Max Baseline [per bin]9 [m],,,,,110000.0,,110000.0,110000.0,110000.0,,110000.0,110000.0,110000.0,110000.0,110000.0,110000.0,110000.0,110000.0,110000.0,110000.0,,,110000.0,110000.0
Max Baseline [per bin]10 [m],,,,,130000.0,,130000.0,130000.0,130000.0,,130000.0,130000.0,130000.0,130000.0,130000.0,130000.0,130000.0,130000.0,130000.0,130000.0,,,130000.0,130000.0
Max Baseline [per bin]11 [m],,,,,150000.0,,150000.0,150000.0,150000.0,,150000.0,150000.0,150000.0,150000.0,150000.0,150000.0,150000.0,150000.0,150000.0,150000.0,,,150000.0,150000.0
Baseline fraction [per bin]0,0.524239919747576,0.524239919747576,0.524239919747576,0.524239919747576,0.6148904201149844,0.6148904201149844,0.6148904201149844,0.6148904201149844,0.6148904201149844,0.6148904201149844,0.6148904201149844,0.6148904201149844,0.6148904201149844,0.6148904201149844,0.6148904201149844,0.6148904201149844,0.6148904201149844,0.6148904201149844,0.6148904201149844,0.6148904201149844,0.524239919747576,0.524239919747576,0.6148904201149844,0.6148904201149844
Baseline fraction [per bin]1,0.079116159492088389,0.079116159492088389,0.079116159492088389,0.079116159492088389,0.050619138909465761,0.050619138909465761,0.050619138909465761,0.050619138909465761,0.050619138909465761,0.050619138909465761,0.050619138909465761,0.050619138909465761,0.050619138909465761,0.050619138909465761,0.050619138909465761,0.050619138909465761,0.050619138909465761,0.050619138909465761,0.050619138909465761,0.050619138909465761,0.079116159492088389,0.079116159492088389,0.050619138909465761,0.050619138909465761
Baseline fraction [per bin]2,0.059153457094084663,0.059153457094084663,0.059153457094084663,0.059153457094084663,0.028392311305309354,0.028392311305309354,0.028392311305309354,0.028392311305309354,0.028392311305309354,0.028392311305309354,0.028392311305309354,0.028392311305309354,0.028392311305309354,0.028392311305309354,0.028392311305309354,0.028392311305309354,0.028392311305309354,0.028392311305309354,0.028392311305309354,0.028392311305309354,0.059153457094084663,0.059153457094084663,0.028392311305309354,0.028392311305309354
Baseline fraction [per bin]3,0.091502783190849729,0.091502783190849729,0.091502783190849729,0.091502783190849729,0.050878192809514208,0.050878192809514208,0.050878192809514208,0.050878192809514208,0.050878192809514208,0.030526915685708523,0.050878192809514208,0.050878192809514208,0.050878192809514208,0.050878192809514208,0.050878192809514208,0.050878192809514208,0.050878192809514208,0.050878192809514208,0.050878192809514208,0.050878192809514208,0.091502783190849729,0.091502783190849729,0.050878192809514208,0.050878192809514208
Baseline fraction [per bin]4,0.073959481192604051,0.073959481192604051,0.073959481192604051,0.073959481192604051,0.071395264513350903,0.071395264513350903,0.071395264513350903,0.071395264513350903,0.071395264513350903,,0.071395264513350903,0.071395264513350903,0.071395264513350903,0.071395264513350903,0.071395264513350903,0.071395264513350903,0.071395264513350903,0.071395264513350903,0.071395264513350903,0.071395264513350903,0.073959481192604051,0.073959481192604051,0.071395264513350903,0.071395264513350903
Baseline fraction [per bin]5,0.10568718038943128,0.10568718038943128,0.10568718038943128,0.10568718038943128,0.03756282060702424,0.03756282060702424,0.03756282060702424,0.03756282060702424,0.03756282060702424,,0.03756282060702424,0.03756282060702424,0.03756282060702424,0.03756282060702424,0.03756282060702424,0.03756282060702424,0.03756282060702424,0.03756282060702424,0.03756282060702424,0.03756282060702424,0.10568718038943128,0.10568718038943128,0.03756282060702424,0.03756282060702424
Baseline fraction [per bin]6,0.060915910793908408,0.060915910793908408,0.060915910793908408,0.060915910793908408,0.057354541210725286,0.014338635302681322,0.057354541210725286,0.057354541210725286,0.057354541210725286,,0.057354541210725286,0.057354541210725286,0.057354541210725286,0.057354541210725286,0.057354541210725286,0.057354541210725286,0.057354541210725286,0.057354541210725286,0.057354541210725286,0.057354541210725286,0.060915910793908408,0.060915910793908408,0.057354541210725286,0.057354541210725286
Baseline fraction [per bin]7,0.0054251080994574897,0.0054251080994574897,0.0054251080994574897,0.0054251080994574897,0.054815812710250551,,0.054815812710250551,0.054815812710250551,0.054815812710250551,,0.054815812710250551,0.054815812710250551,0.054815812710250551,0.054815812710250551,0.054815812710250551,0.054815812710250551,0.054815812710250551,0.054815812710250551,0.054815812710250551,0.054815812710250551,0.0054251080994574897,0.0054251080994574897,0.054815812710250551,0.054815812710250551
Baseline fraction [per bin]8,,,,,0.017356613603245682,,0.017356613603245682,0.017356613603245682,0.017356613603245682,,0.017356613603245682,0.017356613603245682,0.017356613603245682,0.017356613603245682,0.017356613603245682,0.017356613603245682,0.017356613603245682,0.017356613603245682,0.017356613603245682,0.017356613603245682,,,0.017356613603245682,0.017356613603245682
Baseline fraction [per bin]9,,,,,0.015180560602838761,,0.015180560602838761,0.015180560602838761,0.015180560602838761,,0.015180560602838761,0.015180560602838761,0.015180560602838761,0.015180560602838761,0.015180560602838761,0.015180560602838761,0.015180560602838761,0.015180560602838761,0.015180560602838761,0.015180560602838761,,,0.015180560602838761,0.015180560602838761
Baseline fraction [per bin]10,,,,,0.0010880265302034607,,0.0010880265302034607,0.0010880265302034607,0.0010880265302034607,,0.0010880265302034607,0.0010880265302034607,0.0010880265302034607,0.0010880265302034607,0.0010880265302034607,0.0010880265302034607,0.0010880265302034607,0.0010880265302034607,0.0010880265302034607,0.0010880265302034607,,,0.0010880265302034607,0.0010880265302034607
Baseline fraction [per bin]11,,,,,0.00046629708308719751,,0.00046629708308719751,0.00046629708308719751,0.00046629708308719751,,0.00046629708308719751,0.00046629708308719751,0.00046629708308719751,0.00046629708308719751,0.00046629708308719751,0.00046629708308719751,0.00046629708308719751,0.00046629708308719751,0.00046629708308719751,0.00046629708308719751,,,0.00046629708308719751,0.00046629708308719751
-- Image --,,,,,,,,,,,,,,,,,,,,,,,,
Facet FoV size [deg],30.927349711913482,17.181860951063044,30.927349711913482,30.927349711913482,7.098682987638947,3.943712770910526,4.682494099443146,2.3880487372046404,4.313399450923628,2.192475334391248,0.5607419286200717,5.149944367723305,5.149944367723305,5.0635843199466475,5.0635843199466475,5.149944367723305,0.7307795984658851,0.7307795984658851,0.6009380045137866,0.3338544469521037,28.28673264661664,15.714851470342577,1.464276418656435,6.779057493779791
PSF size [arcs],12.616855293763889,12.616855293763889,12.616855293763889,12.616855293763889,0.6536814113146615,2.4513052924299807,0.414812746432146,0.44199349217371975,0.398036867634397,5.007045878775813,0.05174479279247161,0.4656308809464686,0.4656308809464686,0.43004950575276385,0.43004950575276385,0.4656308809464686,0.06455411908949733,0.06455411908949733,0.052802819899117066,0.052802819899117066,11.531210745827075,11.531210745827075,1.026706652111203,1.026706652111203
Pixel size [arcs],2.523371058752778,2.523371058752778,2.523371058752778,2.523371058752778,0.1307362822629323,0.4902610584859961,0.0829625492864292,0.08839869843474395,0.07960737352687941,1.0014091757551624,0.01034895855849432,0.09312617618929371,0.09312617618929371,0.08600990115055276,0.08600990115055276,0.09312617618929371,0.012910823817899467,0.012910823817899467,0.010560563979823412,0.010560563979823412,2.3062421491654153,2.3062421491654153,0.20534133042224062,0.20534133042224062
Facet side length [pixels],44122.90399253433,24512.724440296854,44122.90399253433,44122.90399253433,195471.81786999534,28958.787832591905,203187.81068065306,97252.28545398785,195060.2982534269,7881.804356202797,195060.29825342697,199082.58324833197,199082.58324833197,211939.59425554783,211939.59425554783,199082.58324833197,203767.52030570322,203767.52030570322,204854.28812162802,113807.93784534889,44155.050051735045,24530.583362075024,25671.378949009762,118848.97661578593
Image side length [pixels],44122.90399253433,24512.724440296854,44122.90399253433,44122.90399253433,195471.81786999534,28958.787832591905,203187.81068065306,97252.28545398785,195060.2982534269,7881.804356202797,195060.29825342697,199082.58324833197,199082.58324833197,211939.59425554783,211939.59425554783,199082.58324833197,203767.52030570322,203767.52030570322,204854.28812162802,113807.93784534889,44155.050051735045,24530.583362075024,256713.7894900976,118848.97661578593
Epsilon (approx),0.6666666666666672,0.342997170285018,0.6666666666666672,0.6666666666666672,0.4441757193189375,0.24373333911071637,0.4441757193189375,0.24373333911071637,0.4441757193189375,0.24373333911071637,0.4441757193189375,0.4441757193189375,0.4441757193189375,0.4441757193189375,0.4441757193189375,0.4441757193189375,0.4441757193189375,0.4441757193189375,0.4441757193189375,0.24373333911071637,0.6666666666666672,0.342997170285018,0.4441757193189375,0.24373333911071637
Qbw,2.2049999999999983,4.285749642711291,2.2049999999999983,2.2049999999999983,3.309501028678418,6.031181476294671,3.309501028678418,6.031181476294671,3.309501028678418,6.031181476294671,3.309501028678418,3.309501028678418,3.309501028678418,3.309501028678418,3.309501028678418,3.309501028678418,3.309501028678418,3.309501028678418,3.309501028678418,6.031181476294671,2.2049999999999983,4.285749642711291,3.309501028678418,6.031181476294671
Max subband ratio,1.35,1.35,1.35,1.35,1.35,1.35,1.35,1.35,1.35,1.35,1.35,1.35,1.35,1.35,1.35,1.35,1.35,1.35,1.35,1.35,1.35,1.35,1.35,1.35
Number subbands,5.0,5.0,5.0,5.0,1.0,1.0,1.0,1.0,1.0,1.0,1.0,2.0,2.0,2.0,2.0,2.0,2.0,2.0,2.0,2.0,7.0,7.0,4.0,4.0
Station/antenna diameter,35,35,35,35,13.5,13.5,13.5,13.5,13.5,13.5,13.5,13.5,13.5,13.5,13.5,13.5,13.5,13.5,13.5,13.5,35,35,13.5,13.5
-- Channelization --,,,,,,,,,,,,,,,,,,,,,,,,
Ionospheric timescale [s],10.0,10.0,10.0,10.0,10.0,10.0,10.0,10.0,10.0,10.0,10.0,10.0,10.0,10.0,10.0,10.0,10.0,10.0,10.0,10.0,10.0,10.0,10.0,10.0
Coalesce time pred0 [s],1.2,1.2,1.2,1.2,1.2,1.2,1.2,1.2,1.2,1.2,1.2,1.2,1.2,1.2,1.2,1.2,1.2,1.2,1.2,1.2,1.2,1.2,1.2,1.2
Coalesce time pred1 [s],1.2,1.2,1.2,1.2,1.2,1.2,1.2,1.2,1.2,1.2,1.2,1.2,1.2,1.2,1.2,1.2,1.2,1.2,1.2,1.2,1.2,1.2,1.2,1.2
Coalesce time pred2 [s],1.2,1.2,1.2,1.2,1.2,1.2,1.2,1.2,1.2,1.2,1.2,1.2,1.2,1.2,1.2,1.2,1.2,1.2,1.2,1.2,1.2,1.2,1.2,1.2
Coalesce time pred3 [s],1.2,1.2,1.2,1.2,1.12,1.0500000000000003,0.9800000000000001,1.12,1.12,1.2,1.12,1.12,1.12,0.9800000000000001,0.9800000000000001,1.12,0.9800000000000001,0.9800000000000001,0.9800000000000001,0.9800000000000001,1.2,1.2,0.9800000000000001,0.9800000000000001
Coalesce time pred4 [s],1.2,1.2,1.2,1.2,0.56,0.5250000000000001,0.56,0.7000000000000001,0.56,1.2,0.56,0.56,0.56,0.56,0.56,0.56,0.56,0.56,0.56,0.56,1.2,1.2,0.56,0.56
Coalesce time pred5 [s],1.2,1.2,1.2,1.2,0.42000000000000004,0.5250000000000001,0.42000000000000004,0.42000000000000004,0.42000000000000004,1.2,0.42000000000000004,0.42000000000000004,0.42000000000000004,0.42000000000000004,0.42000000000000004,0.42000000000000004,0.42000000000000004,0.42000000000000004,0.42000000000000004,0.42000000000000004,1.2,1.2,0.42000000000000004,0.42000000000000004
Coalesce time pred6 [s],0.9,0.9,0.9,0.9,0.28,0.5250000000000001,0.28,0.28,0.28,1.2,0.28,0.28,0.28,0.28,0.28,0.28,0.28,0.28,0.28,0.28,0.9,0.9,0.28,0.28
Coalesce time pred7 [s],0.9,0.9,0.9,0.9,0.14,0.5250000000000001,0.14,0.14,0.14,1.2,0.14,0.14,0.14,0.14,0.14,0.14,0.14,0.14,0.14,0.14,0.9,0.9,0.14,0.14
Coalesce time pred8 [s],,,,,0.14,0.5250000000000001,0.14,0.14,0.14,1.2,0.14,0.14,0.14,0.14,0.14,0.14,0.14,0.14,0.14,0.14,,,0.14,0.14
Coalesce time pred9 [s],,,,,0.14,0.5250000000000001,0.14,0.14,0.14,1.2,0.14,0.14,0.14,0.14,0.14,0.14,0.14,0.14,0.14,0.14,,,0.14,0.14
Coalesce time pred10 [s],,,,,0.14,0.5250000000000001,0.14,0.14,0.14,1.2,0.14,0.14,0.14,0.14,0.14,0.14,0.14,0.14,0.14,0.14,,,0.14,0.14
Coalesce time pred11 [s],,,,,0.14,0.5250000000000001,0.14,0.14,0.14,1.2,0.14,0.14,0.14,0.14,0.14,0.14,0.14,0.14,0.14,0.14,,,0.14,0.14
Coalesce time bw0 [s],10.0,10.0,10.0,10.0,3.3600000000000003,3.150000000000001,3.22,3.5000000000000004,3.3600000000000003,3.2307692307692313,3.3600000000000003,3.3600000000000003,3.3600000000000003,3.22,3.22,3.3600000000000003,3.22,3.22,3.22,3.22,10.0,10.0,10.0,3.22
Coalesce time bw1 [s],8.1,8.1,8.1,8.1,2.24,2.1000000000000005,2.1,2.24,2.24,1.6153846153846156,2.24,2.24,2.24,2.1,2.1,2.24,2.1,2.1,2.1,2.1,8.1,8.1,10.0,2.1
Coalesce time bw2 [s],5.4,5.4,5.4,5.4,1.6800000000000002,1.5750000000000004,1.54,1.6800000000000002,1.6800000000000002,1.6153846153846156,1.6800000000000002,1.6800000000000002,1.6800000000000002,1.54,1.54,1.6800000000000002,1.54,1.54,1.54,1.54,5.4,5.4,10.0,1.54
Coalesce time bw3 [s],3.6,3.6,3.6,3.6,1.12,1.0500000000000003,0.9800000000000001,1.12,1.12,1.6153846153846156,1.12,1.12,1.12,0.9800000000000001,0.9800000000000001,1.12,0.9800000000000001,0.9800000000000001,0.9800000000000001,0.9800000000000001,3.6,3.6,8.166666666666668,0.9800000000000001
Coalesce time bw4 [s],2.7,1.8,2.7,2.7,0.56,0.5250000000000001,0.56,0.7000000000000001,0.56,1.6153846153846156,0.56,0.56,0.56,0.56,0.56,0.56,0.56,0.56,0.56,0.56,2.7,1.8,4.666666666666667,0.56
Coalesce time bw5 [s],1.8,1.8,1.8,1.8,0.42000000000000004,0.5250000000000001,0.42000000000000004,0.42000000000000004,0.42000000000000004,1.6153846153846156,0.42000000000000004,0.42000000000000004,0.42000000000000004,0.42000000000000004,0.42000000000000004,0.42000000000000004,0.42000000000000004,0.42000000000000004,0.42000000000000004,0.42000000000000004,1.8,1.8,3.5,0.42000000000000004
Coalesce time bw6 [s],0.9,0.9,0.9,0.9,0.28,0.5250000000000001,0.28,0.28,0.28,1.6153846153846156,0.28,0.28,0.28,0.28,0.28,0.28,0.28,0.28,0.28,0.28,0.9,0.9,2.3333333333333335,0.28
Coalesce time bw7 [s],0.9,0.9,0.9,0.9,0.14,0.5250000000000001,0.14,0.14,0.14,1.6153846153846156,0.14,0.14,0.14,0.14,0.14,0.14,0.14,0.14,0.14,0.14,0.9,0.9,1.1666666666666667,0.14
Coalesce time bw8 [s],,,,,0.14,0.5250000000000001,0.14,0.14,0.14,1.6153846153846156,0.14,0.14,0.14,0.14,0.14,0.14,0.14,0.14,0.14,0.14,,,1.1666666666666667,0.14
Coalesce time bw9 [s],,,,,0.14,0.5250000000000001,0.14,0.14,0.14,1.6153846153846156,0.14,0.14,0.14,0.14,0.14,0.14,0.14,0.14,0.14,0.14,,,1.1666666666666667,0.14
Coalesce time bw10 [s],,,,,0.14,0.5250000000000001,0.14,0.14,0.14,1.6153846153846156,0.14,0.14,0.14,0.14,0.14,0.14,0.14,0.14,0.14,0.14,,,1.1666666666666667,0.14
Coalesce time bw11 [s],,,,,0.14,0.5250000000000001,0.14,0.14,0.14,1.6153846153846156,0.14,0.14,0.14,0.14,0.14,0.14,0.14,0.14,0.14,0.14,,,1.1666666666666667,0.14
Combined Samples0,14.0,13.0,14.0,14.0,24.0,6.0,23.0,25.0,24.0,2.0,24.0,24.0,24.0,23.0,23.0,24.0,23.0,23.0,23.0,23.0,14.0,13.0,23.0,23.0
Combined Samples1,9.0,9.0,9.0,9.0,16.0,4.0,15.0,16.0,16.0,1.0,16.0,16.0,16.0,15.0,15.0,16.0,15.0,15.0,15.0,15.0,9.0,9.0,15.0,15.0
Combined Samples2,6.0,6.0,6.0,6.0,12.0,3.0,11.0,12.0,12.0,1.0,12.0,12.0,12.0,11.0,11.0,12.0,11.0,11.0,11.0,11.0,6.0,6.0,11.0,11.0
Combined Samples3,4.0,4.0,4.0,4.0,8.0,2.0,7.0,8.0,8.0,1.0,8.0,8.0,8.0,7.0,7.0,8.0,7.0,7.0,7.0,7.0,4.0,4.0,7.0,7.0
Combined Samples4,3.0,2.0,3.0,3.0,4.0,1.0,4.0,5.0,4.0,1.0,4.0,4.0,4.0,4.0,4.0,4.0,4.0,4.0,4.0,4.0,3.0,2.0,4.0,4.0
Combined Samples5,2.0,2.0,2.0,2.0,3.0,1.0,3.0,3.0,3.0,1.0,3.0,3.0,3.0,3.0,3.0,3.0,3.0,3.0,3.0,3.0,2.0,2.0,3.0,3.0
Combined Samples6,1.0,1.0,1.0,1.0,2.0,1.0,2.0,2.0,2.0,1.0,2.0,2.0,2.0,2.0,2.0,2.0,2.0,2.0,2.0,2.0,1.0,1.0,2.0,2.0
Combined Samples7,1.0,1.0,1.0,1.0,1.0,1.0,1.0,1.0,1.0,1.0,1.0,1.0,1.0,1.0,1.0,1.0,1.0,1.0,1.0,1.0,1.0,1.0,1.0,1.0
Combined Samples8,,,,,1.0,1.0,1.0,1.0,1.0,1.0,1.0,1.0,1.0,1.0,1.0,1.0,1.0,1.0,1.0,1.0,,,1.0,1.0
Combined Samples9,,,,,1.0,1.0,1.0,1.0,1.0,1.0,1.0,1.0,1.0,1.0,1.0,1.0,1.0,1.0,1.0,1.0,,,1.0,1.0
Combined Samples10,,,,,1.0,1.0,1.0,1.0,1.0,1.0,1.0,1.0,1.0,1.0,1.0,1.0,1.0,1.0,1.0,1.0,,,1.0,1.0
Combined Samples11,,,,,1.0,1.0,1.0,1.0,1.0,1.0,1.0,1.0,1.0,1.0,1.0,1.0,1.0,1.0,1.0,1.0,,,1.0,1.0
Channels predict (no-smear),23483.615124332395,25357.69099984863,23483.615124332395,23483.615124332395,21760.03326863552,5874.90211016006,26842.397673499825,8377.351095988965,21488.724594920375,66.72140768035355,21488.724594920375,48279.00153236485,48279.00153236485,65190.5312565323,65190.5312565323,48279.00153236485,54447.72758676212,54447.72758676212,55877.680875140846,56572.54569243951,32975.4265816828,35606.9827446091,135602.13352237805,137288.40894903094
Channels backward (no-smear)0,1439.0220074055394,1553.8091629762937,1439.0220074055394,1439.0220074055394,725.4235790959281,734.4434476774929,894.8544371933378,279.28085374879674,716.3789380602059,25.664246596024633,716.3789380602059,1609.4960173883849,1609.4960173883849,2173.274168099727,2173.274168099727,1609.4960173883849,1815.142702990266,1815.142702990266,1862.8129543000314,1885.9751150023908,2020.6580841292684,2181.8409106014506,542.9554577673553,4576.81127226378
Channels backward (no-smear)1,2084.8023964370545,2251.1266360271425,2084.8023964370545,2084.8023964370545,1088.0892646396737,1101.6190674725092,1342.225873765601,418.90275499589205,1074.522829922399,38.494609457539404,1074.522829922399,2414.1426668997783,2414.1426668997783,3259.7786040836563,3259.7786040836563,2414.1426668997783,2722.601066020032,2722.601066020032,2794.103783547841,2828.8470245059593,2927.4556074956,3161.0062248568347,814.1586879068773,6864.942273636082
Channels backward (no-smear)2,3053.4729526440356,3297.102820280685,3053.4729526440356,3053.4729526440356,1450.7549495332357,1468.7946866230889,1789.5973095663412,558.5246559695574,1432.6667211420954,51.32497229224026,1432.6667211420954,3218.789314993408,3218.789314993408,4346.283038268417,4346.283038268417,3218.789314993408,3630.0594274868595,3630.0594274868595,3725.394611200172,3771.7189324319356,4287.651854180768,4629.754160708587,1085.3618872090558,9153.073271346264
Channels backward (no-smear)3,4433.094635524015,4786.8264596173585,4433.094635524015,4433.094635524015,2176.0863186701217,2203.1459242849523,2684.3401803962356,837.7684576434344,2148.954502933313,66.72140768035355,2148.954502933313,4828.082609751441,4828.082609751441,6519.291904838624,6519.291904838624,4828.082609751441,5444.976148857445,5444.976148857445,5587.976264909225,5657.462746707873,6224.9010282119,6721.607257574179,1627.768254954736,13729.335263104213
Channels backward (no-smear)4,6487.850320557811,7005.563782880562,6487.850320557811,6487.850320557811,3626.749056159887,3671.8483988277135,4473.825921121464,1396.2560606678828,3581.5300657480143,128.3071491877274,3581.5300657480143,8046.669197569351,8046.669197569351,10865.309635809857,10865.309635809857,8046.669197569351,9074.809589730918,9074.809589730918,9313.139570420815,9428.950373368421,9110.165737425465,9837.133129807215,2712.580953399158,22881.859242246133
Channels backward (no-smear)5,9452.569228770244,10206.884769757768,9452.569228770244,9452.569228770244,5077.411793360802,5140.550873089399,6263.311661512502,1954.7436635588253,5014.1056282530935,179.6286004280895,5014.1056282530935,11265.255784762805,11265.255784762805,15211.32736593673,15211.32736593673,11265.255784762805,12704.643029896244,12704.643029896244,13038.302875221221,13200.437999296486,13273.19051986579,14332.391876912034,3797.393637726225,32034.383219760202
Channels backward (no-smear)6,13796.909801136626,14897.929378619174,13796.909801136626,13796.909801136626,7978.737267513338,5874.902110160061,9842.283141929025,3071.718869253034,7879.256753068427,282.2715028998748,7879.256753068427,17702.428958559485,17702.428958559485,23903.362825622116,23903.362825622116,17702.428958559485,19964.30990966161,19964.30990966161,20488.629484136913,20743.413250674002,19373.464450029325,20919.503696560292,5967.0189948249545,50339.43117338024
Channels backward (no-smear)7,23483.615124332395,25357.69099984863,23483.615124332395,23483.615124332395,10880.062741524669,11015.360769551247,13421.254622226623,4188.694074905575,10744.407877796613,384.9144053664507,10744.407877796613,24139.6021320338,24139.6021320338,32595.398284789022,32595.398284789022,24139.6021320338,27223.97678919299,27223.97678919299,27938.956092972145,28286.38850162736,32975.42658168279,35606.98274460911,8136.644346788232,68644.47912648872
Channels backward (no-smear)8,,,,,13056.056846918604,13218.414480651934,16105.483232473196,5026.425479104304,12893.271221261048,461.89658221317296,12893.271221261048,28967.482012137847,28967.482012137847,39114.42487939907,39114.42487939907,28967.482012137847,32668.72694857374,32668.72694857374,33526.70104926861,33943.619939647484,,,9763.86335943972,82373.26509018058
Channels backward (no-smear)9,,,,,15957.382321039995,16155.819428625153,19684.45471290756,6143.40068474348,15758.422345734596,564.5394846753744,15758.422345734596,35404.655186069,35404.655186069,47806.46033859111,47806.46033859111,35404.655186069,39928.39382804045,39928.39382804045,40977.02765781857,41486.595190876724,,,11933.488708788935,100678.31304361316
Channels backward (no-smear)10,,,,,18858.707794847738,19093.224376601953,23263.42619301842,7260.375890433637,18623.573470428568,667.1823871407294,18623.573470428568,41841.828358901505,41841.828358901505,56498.49579826335,56498.49579826335,41841.828358901505,47188.060706940756,47188.060706940756,48427.354265992435,49029.57044203559,,,14103.114057559533,118983.36099533516
Channels backward (no-smear)11,,,,,21760.033268635525,22030.62932496891,26842.397673499825,8377.351095988965,21488.72459492037,769.825289607694,21488.72459492037,48279.00153236485,48279.00153236485,65190.5312565323,65190.5312565323,48279.00153236485,54447.72758676212,54447.72758676212,55877.680875140846,56572.54569243952,,,16272.739405947037,137288.40894903094
Channels predict fft,23483.615124332395,25357.69099984863,23483.615124332395,23483.615124332395,21760.03326863552,5874.90211016006,26842.397673499825,5000.0,21488.724594920375,2500.0,21488.724594920375,48279.00153236485,48279.00153236485,65190.5312565323,65190.5312565323,48279.00153236485,54447.72758676212,54447.72758676212,55877.680875140846,65536.0,32975.4265816828,65536.0,65536.0,65536.0
Channels predict gcf0,23483.615124332395,25357.69099984863,23483.615124332395,23483.615124332395,21760.03326863552,5874.90211016006,26842.397673499825,5000.0,21488.724594920375,2500.0,21488.724594920375,48279.00153236485,48279.00153236485,65190.5312565323,65190.5312565323,48279.00153236485,54447.72758676212,54447.72758676212,55877.680875140846,65536.0,32975.4265816828,65536.0,65536.0,65536.0
Channels predict gcf1,23483.615124332395,25357.69099984863,23483.615124332395,23483.615124332395,21760.03326863552,5874.90211016006,26842.397673499825,5000.0,21488.724594920375,2500.0,21488.724594920375,48279.00153236485,48279.00153236485,65190.5312565323,65190.5312565323,48279.00153236485,54447.72758676212,54447.72758676212,55877.680875140846,65536.0,32975.4265816828,65536.0,65536.0,65536.0
Channels predict gcf2,23483.615124332395,25357.69099984863,23483.615124332395,23483.615124332395,21760.03326863552,5874.90211016006,26842.397673499825,5000.0,21488.724594920375,2500.0,21488.724594920375,48279.00153236485,48279.00153236485,65190.5312565323,65190.5312565323,48279.00153236485,54447.72758676212,54447.72758676212,55877.680875140846,65536.0,32975.4265816828,65536.0,65536.0,65536.0
Channels predict gcf3,23483.615124332395,25357.69099984863,23483.615124332395,23483.615124332395,21760.03326863552,5874.90211016006,26842.397673499825,5000.0,21488.724594920375,2500.0,21488.724594920375,48279.00153236485,48279.00153236485,65190.5312565323,65190.5312565323,48279.00153236485,54447.72758676212,54447.72758676212,55877.680875140846,65536.0,32975.4265816828,65536.0,65536.0,65536.0
Channels predict gcf4,23483.615124332395,25357.69099984863,23483.615124332395,23483.615124332395,21760.03326863552,5874.90211016006,26842.397673499825,5000.0,21488.724594920375,2500.0,21488.724594920375,48279.00153236485,48279.00153236485,65190.5312565323,65190.5312565323,48279.00153236485,54447.72758676212,54447.72758676212,55877.680875140846,65536.0,32975.4265816828,65536.0,65536.0,65536.0
Channels predict gcf5,23483.615124332395,25357.69099984863,23483.615124332395,23483.615124332395,21760.03326863552,5874.90211016006,26842.397673499825,5000.0,21488.724594920375,2500.0,21488.724594920375,48279.00153236485,48279.00153236485,65190.5312565323,65190.5312565323,48279.00153236485,54447.72758676212,54447.72758676212,55877.680875140846,65536.0,32975.4265816828,65536.0,65536.0,65536.0
Channels predict gcf6,23483.615124332395,25357.69099984863,23483.615124332395,23483.615124332395,21760.03326863552,5874.90211016006,26842.397673499825,5000.0,21488.724594920375,2500.0,21488.724594920375,48279.00153236485,48279.00153236485,65190.5312565323,65190.5312565323,48279.00153236485,54447.72758676212,54447.72758676212,55877.680875140846,65536.0,32975.4265816828,65536.0,65536.0,65536.0
Channels predict gcf7,23483.615124332395,25357.69099984863,23483.615124332395,23483.615124332395,21760.03326863552,5874.90211016006,26842.397673499825,5000.0,21488.724594920375,2500.0,21488.724594920375,48279.00153236485,48279.00153236485,65190.5312565323,65190.5312565323,48279.00153236485,54447.72758676212,54447.72758676212,55877.680875140846,65536.0,32975.4265816828,65536.0,65536.0,65536.0
Channels predict gcf8,,,,,21760.03326863552,5874.90211016006,26842.397673499825,5000.0,21488.724594920375,2500.0,21488.724594920375,48279.00153236485,48279.00153236485,65190.5312565323,65190.5312565323,48279.00153236485,54447.72758676212,54447.72758676212,55877.680875140846,65536.0,,,65536.0,65536.0
Channels predict gcf9,,,,,21760.03326863552,5874.90211016006,26842.397673499825,5000.0,21488.724594920375,2500.0,21488.724594920375,48279.00153236485,48279.00153236485,65190.5312565323,65190.5312565323,48279.00153236485,54447.72758676212,54447.72758676212,55877.680875140846,65536.0,,,65536.0,65536.0
Channels predict gcf10,,,,,21760.03326863552,5874.90211016006,26842.397673499825,5000.0,21488.724594920375,2500.0,21488.724594920375,48279.00153236485,48279.00153236485,65190.5312565323,65190.5312565323,48279.00153236485,54447.72758676212,54447.72758676212,55877.680875140846,65536.0,,,65536.0,65536.0
Channels predict gcf11,,,,,21760.03326863552,5874.90211016006,26842.397673499825,5000.0,21488.724594920375,2500.0,21488.724594920375,48279.00153236485,48279.00153236485,65190.5312565323,65190.5312565323,48279.00153236485,54447.72758676212,54447.72758676212,55877.680875140846,65536.0,,,65536.0,65536.0
Channels predict,23483.615124332395,25357.69099984863,23483.615124332395,23483.615124332395,21760.03326863552,5874.90211016006,26842.397673499825,5000.0,21488.724594920375,2500.0,21488.724594920375,48279.00153236485,48279.00153236485,65190.5312565323,65190.5312565323,48279.00153236485,54447.72758676212,54447.72758676212,55877.680875140846,65536.0,32975.4265816828,65536.0,65536.0,65536.0
Channels backward gcf0,1439.0220074055394,1553.8091629762937,1500.0,1500.0,725.4235790959281,3200.0,894.8544371933378,5000.0,716.3789380602059,2500.0,5000.0,1609.4960173883849,1609.4960173883849,2173.274168099727,2173.274168099727,1609.4960173883849,1815.142702990266,1815.142702990266,1862.8129543000314,65536.0,2020.6580841292684,65536.0,542.9554577673553,65536.0
Channels backward gcf1,2084.8023964370545,2251.1266360271425,2084.8023964370545,2084.8023964370545,1088.0892646396737,3200.0,1342.225873765601,5000.0,1074.522829922399,2500.0,5000.0,2414.1426668997783,2414.1426668997783,3259.7786040836563,3259.7786040836563,2414.1426668997783,2722.601066020032,2722.601066020032,2794.103783547841,65536.0,2927.4556074956,65536.0,814.1586879068773,65536.0
Channels backward gcf2,3053.4729526440356,3297.102820280685,3053.4729526440356,3053.4729526440356,1450.7549495332357,3200.0,1789.5973095663412,5000.0,1432.6667211420954,2500.0,5000.0,3218.789314993408,3218.789314993408,4346.283038268417,4346.283038268417,3218.789314993408,3630.0594274868595,3630.0594274868595,3725.394611200172,65536.0,4287.651854180768,65536.0,1085.3618872090558,65536.0
Channels backward gcf3,4433.094635524015,4786.8264596173585,4433.094635524015,4433.094635524015,2176.0863186701217,3200.0,2684.3401803962356,5000.0,2148.954502933313,2500.0,5000.0,4828.082609751441,4828.082609751441,6519.291904838624,6519.291904838624,4828.082609751441,5444.976148857445,5444.976148857445,5587.976264909225,65536.0,6224.9010282119,65536.0,1627.768254954736,65536.0
Channels backward gcf4,6487.850320557811,7005.563782880562,6487.850320557811,6487.850320557811,3626.749056159887,3671.8483988277135,4473.825921121464,5000.0,3581.5300657480143,2500.0,5000.0,8046.669197569351,8046.669197569351,10865.309635809857,10865.309635809857,8046.669197569351,9074.809589730918,9074.809589730918,9313.139570420815,65536.0,9110.165737425465,65536.0,2712.580953399158,65536.0
Channels backward gcf5,9452.569228770244,10206.884769757768,9452.569228770244,9452.569228770244,5077.411793360802,5140.550873089399,6263.311661512502,5000.0,5014.1056282530935,2500.0,5014.1056282530935,11265.255784762805,11265.255784762805,15211.32736593673,15211.32736593673,11265.255784762805,12704.643029896244,12704.643029896244,13038.302875221221,65536.0,13273.19051986579,65536.0,3797.393637726225,65536.0
Channels backward gcf6,13796.909801136626,14897.929378619174,13796.909801136626,13796.909801136626,7978.737267513338,5874.902110160061,9842.283141929025,5000.0,7879.256753068427,2500.0,7879.256753068427,17702.428958559485,17702.428958559485,23903.362825622116,23903.362825622116,17702.428958559485,19964.30990966161,19964.30990966161,20488.629484136913,65536.0,19373.464450029325,65536.0,5967.0189948249545,65536.0
Channels backward gcf7,23483.615124332395,25357.69099984863,23483.615124332395,23483.615124332395,10880.062741524669,11015.360769551247,13421.254622226623,5000.0,10744.407877796613,2500.0,10744.407877796613,24139.6021320338,24139.6021320338,32595.398284789022,32595.398284789022,24139.6021320338,27223.97678919299,27223.97678919299,27938.956092972145,65536.0,32975.42658168279,65536.0,8136.644346788232,65536.0
Channels backward gcf8,,,,,13056.056846918604,13218.414480651934,16105.483232473196,5000.0,12893.271221261048,2500.0,12893.271221261048,28967.482012137847,28967.482012137847,39114.42487939907,39114.42487939907,28967.482012137847,32668.72694857374,32668.72694857374,33526.70104926861,65536.0,,,9763.86335943972,65536.0
Channels backward gcf9,,,,,15957.382321039995,16155.819428625153,19684.45471290756,5000.0,15758.422345734596,2500.0,15758.422345734596,35404.655186069,35404.655186069,47806.46033859111,47806.46033859111,35404.655186069,39928.39382804045,39928.39382804045,40977.02765781857,65536.0,,,11933.488708788935,65536.0
Channels backward gcf10,,,,,18858.707794847738,19093.224376601953,23263.42619301842,5000.0,18623.573470428568,2500.0,18623.573470428568,41841.828358901505,41841.828358901505,56498.49579826335,56498.49579826335,41841.828358901505,47188.060706940756,47188.060706940756,48427.354265992435,65536.0,,,14103.114057559533,65536.0
Channels backward gcf11,,,,,21760.033268635525,22030.62932496891,26842.397673499825,5000.0,21488.72459492037,2500.0,21488.72459492037,48279.00153236485,48279.00153236485,65190.5312565323,65190.5312565323,48279.00153236485,54447.72758676212,54447.72758676212,55877.680875140846,65536.0,,,16272.739405947037,65536.0
Channels backward0,1439.0220074055394,1553.8091629762937,1500.0,1500.0,725.4235790959281,3200.0,894.8544371933378,5000.0,716.3789380602059,2500.0,5000.0,1609.4960173883849,1609.4960173883849,2173.274168099727,2173.274168099727,1609.4960173883849,1815.142702990266,1815.142702990266,1862.8129543000314,65536.0,2020.6580841292684,65536.0,542.9554577673553,65536.0
Channels backward1,2084.8023964370545,2251.1266360271425,2084.8023964370545,2084.8023964370545,1088.0892646396737,3200.0,1342.225873765601,5000.0,1074.522829922399,2500.0,5000.0,2414.1426668997783,2414.1426668997783,3259.7786040836563,3259.7786040836563,2414.1426668997783,2722.601066020032,2722.601066020032,2794.103783547841,65536.0,2927.4556074956,65536.0,814.1586879068773,65536.0
Channels backward2,3053.4729526440356,3297.102820280685,3053.4729526440356,3053.4729526440356,1450.7549495332357,3200.0,1789.5973095663412,5000.0,1432.6667211420954,2500.0,5000.0,3218.789314993408,3218.789314993408,4346.283038268417,4346.283038268417,3218.789314993408,3630.0594274868595,3630.0594274868595,3725.394611200172,65536.0,4287.651854180768,65536.0,1085.3618872090558,65536.0
Channels backward3,4433.094635524015,4786.8264596173585,4433.094635524015,4433.094635524015,2176.0863186701217,3200.0,2684.3401803962356,5000.0,2148.954502933313,2500.0,5000.0,4828.082609751441,4828.082609751441,6519.291904838624,6519.291904838624,4828.082609751441,5444.976148857445,5444.976148857445,5587.976264909225,65536.0,6224.9010282119,65536.0,1627.768254954736,65536.0
Channels backward4,6487.850320557811,7005.563782880562,6487.850320557811,6487.850320557811,3626.749056159887,3671.8483988277135,4473.825921121464,5000.0,3581.5300657480143,2500.0,5000.0,8046.669197569351,8046.669197569351,10865.309635809857,10865.309635809857,8046.669197569351,9074.809589730918,9074.809589730918,9313.139570420815,65536.0,9110.165737425465,65536.0,2712.580953399158,65536.0
Channels backward5,9452.569228770244,10206.884769757768,9452.569228770244,9452.569228770244,5077.411793360802,5140.550873089399,6263.311661512502,5000.0,5014.1056282530935,2500.0,5014.1056282530935,11265.255784762805,11265.255784762805,15211.32736593673,15211.32736593673,11265.255784762805,12704.643029896244,12704.643029896244,13038.302875221221,65536.0,13273.19051986579,65536.0,3797.393637726225,65536.0
Channels backward6,13796.909801136626,14897.929378619174,13796.909801136626,13796.909801136626,7978.737267513338,5874.902110160061,9842.283141929025,5000.0,7879.256753068427,2500.0,7879.256753068427,17702.428958559485,17702.428958559485,23903.362825622116,23903.362825622116,17702.428958559485,19964.30990966161,19964.30990966161,20488.629484136913,65536.0,19373.464450029325,65536.0,5967.0189948249545,65536.0
Channels backward7,23483.615124332395,25357.69099984863,23483.615124332395,23483.615124332395,10880.062741524669,11015.360769551247,13421.254622226623,5000.0,10744.407877796613,2500.0,10744.407877796613,24139.6021320338,24139.6021320338,32595.398284789022,32595.398284789022,24139.6021320338,27223.97678919299,27223.97678919299,27938.956092972145,65536.0,32975.42658168279,65536.0,8136.644346788232,65536.0
Channels backward8,,,,,13056.056846918604,13218.414480651934,16105.483232473196,5000.0,12893.271221261048,2500.0,12893.271221261048,28967.482012137847,28967.482012137847,39114.42487939907,39114.42487939907,28967.482012137847,32668.72694857374,32668.72694857374,33526.70104926861,65536.0,,,9763.86335943972,65536.0
Channels backward9,,,,,15957.382321039995,16155.819428625153,19684.45471290756,5000.0,15758.422345734596,2500.0,15758.422345734596,35404.655186069,35404.655186069,47806.46033859111,47806.46033859111,35404.655186069,39928.39382804045,39928.39382804045,40977.02765781857,65536.0,,,11933.488708788935,65536.0
Channels backward10,,,,,18858.707794847738,19093.224376601953,23263.42619301842,5000.0,18623.573470428568,2500.0,18623.573470428568,41841.828358901505,41841.828358901505,56498.49579826335,56498.49579826335,41841.828358901505,47188.060706940756,47188.060706940756,48427.354265992435,65536.0,,,14103.114057559533,65536.0
Channels backward11,,,,,21760.033268635525,22030.62932496891,26842.397673499825,5000.0,21488.72459492037,2500.0,21488.72459492037,48279.00153236485,48279.00153236485,65190.5312565323,65190.5312565323,48279.00153236485,54447.72758676212,54447.72758676212,55877.680875140846,65536.0,,,16272.739405947037,65536.0
Channels backward fft,500,65536,500,500,500,65536,500,5000,500,2500,500,500,500,500,500,500,500,500,500,65536,500,65536,500,65536
Channels out,500,65536,1500,1500,500,65536,500,5000,500,2500,5000,500,500,700,700,700,1000,1000,500,65536,500,65536,500,65536
Visibilities pred0,1342068434.7032068,1449170261.379078,1342068434.7032068,1342068434.7032068,215262479.15212432,60730198.10454093,265540084.34873638,49462810.211416215,212578541.26478764,25245176.692619033,212578541.26478764,477603017.998407,477603017.998407,644901375.0246507,644901375.0246507,477603017.998407,538627523.213381,538627523.213381,552773424.8362346,648318946.0030745,1884517307.1455562,3745326112.3146496,648318946.0030745,648318946.0030745
Visibilities pred1,202539517.36525932,218702890.0539745,202539517.36525932,202539517.36525932,17720883.230152998,4999444.1827184,21859846.853958793,4071887.899108942,17499935.529068198,2078238.7625403649,17499935.529068198,39317336.4241397,39317336.4241397,53089707.07199143,53089707.07199143,39317336.4241397,44341008.61890336,44341008.61890336,45505530.51715144,53371049.07120073,284403698.0425281,565229405.2586584,53371049.07120073,53371049.07120073
Visibilities pred2,151434456.9710891,163519464.37002924,151434456.9710891,151434456.9710891,9939656.108639443,2804191.8263985896,12261203.772629244,2283924.8419179274,9815726.384694278,1165685.611885682,9815726.384694278,22053122.18855235,22053122.18855235,29778054.758924242,29778054.758924242,22053122.18855235,24870903.524277207,24870903.524277207,25524084.691899285,29935859.687986653,212642550.61875242,422609914.16837627,29935859.687986653,29935859.687986653
Visibilities pred3,234249610.49715713,252943561.21801224,234249610.49715713,234249610.49715713,19083828.761555877,5742891.281241906,26904145.880749,4385064.242770006,18845887.568783544,1253324.7472326572,18845887.568783544,42341304.65924229,42341304.65924229,65340495.44690289,65340495.44690289,42341304.65924229,54572979.04932402,54572979.04932402,56006221.79988423,65686758.906097166,328930651.93923765,653723133.8643019,65686758.906097166,65686758.906097166
Visibilities pred4,189338280.84555808,204448147.98337874,189338280.84555808,189338280.84555808,53559095.8373816,16117523.813424826,66068582.32943479,9845406.97639109,52891309.76014397,2931231.3360139374,52891309.76014397,118831604.62498526,118831604.62498526,160456827.80692613,160456827.80692613,118831604.62498526,134015009.25783736,134015009.25783736,137534627.27816668,161307147.90119162,265866671.12660885,528388559.75958896,161307147.90119162,161307147.90119162
Visibilities pred5,270562052.6222723,292153865.16752964,270562052.6222723,270562052.6222723,37571692.79180548,8479829.296240013,46347094.5440999,8633188.269514406,37103241.01993846,1542193.5555934503,37103241.01993846,83360341.93861605,83360341.93861605,112560425.94546138,112560425.94546138,83360341.93861605,94011496.62075014,94011496.62075014,96480507.81178708,113156925.28617923,379920172.2051206,755060691.7535795,113156925.28617923,113156925.28617923
Visibilities pred6,207928515.08921194,224521948.93223414,207928515.08921194,207928515.08921194,86052132.1785943,3236955.5252472498,106150828.17542218,19772978.082397547,84979216.08680753,2354770.020190098,84979216.08680753,190923927.82789752,190923927.82789752,257802189.14305305,257802189.14305305,190923927.82789752,215318744.84187993,215318744.84187993,220973631.84787288,259168378.32160112,291970867.6564998,580268544.376171,259168378.32160112,259168378.32160112
Visibilities pred7,18517898.798805382,19995692.878650185,18517898.798805382,18517898.798805382,164486279.9438615,12374702.618329613,202904383.6275627,37795502.863717765,162435430.39299104,2250539.010123154,162435430.39299104,364945828.13478595,364945828.13478595,492781782.1587097,492781782.1587097,364945828.13478595,411575848.78567845,411575848.78567845,422385009.5068586,495393215.13532144,26002623.916891437,51678117.2427348,495393215.13532144,495393215.13532144
Visibilities pred8,,,,,52082139.49342821,3918265.937909834,64246661.88283607,11967385.079437898,51432768.418680064,712599.7785386126,51432768.418680064,115554680.5177165,115554680.5177165,156032038.21601093,156032038.21601093,115554680.5177165,130319384.54622325,130319384.54622325,133741944.8757506,156858909.71320844,,,156858909.71320844,156858909.71320844
Visibilities pred9,,,,,45552438.567719236,3427020.667058929,56191856.691451795,10466996.535657328,44984481.17814519,623258.912766946,44984481.17814519,101067228.35685153,101067228.35685153,136469812.96395686,136469812.96395686,101067228.35685153,113980835.2050106,113980835.2050106,116974298.428133,137193016.9921677,,,137193016.9921677,137193016.9921677
Visibilities pred10,,,,,3264850.552875744,245622.64219797074,4027402.7067391425,750194.2925752864,3224143.70916629,44670.43411752481,3224143.70916629,7243726.280162723,7243726.280162723,9781112.895720268,9781112.895720268,7243726.280162723,8169274.895856583,8169274.895856583,8383823.454974779,9832946.631642792,,,9832946.631642792,9832946.631642792
Visibilities pred11,,,,,1399221.661660122,105266.84636602242,1726029.7267004752,321511.8387886227,1381775.8715470303,19144.471711866714,1381775.8715470303,3104454.1115098707,3104454.1115098707,4191905.515178976,4191905.515178976,3104454.1115098707,3501117.8028563815,3501117.8028563815,3593067.185082078,4214119.973370235,,,4214119.973370235,4214119.973370235
Visibilities bw0,9868664.61278945,10655863.095060209,10286845.401254835,10286845.401254835,2562963.4868362974,12601572.250131302,3299032.1883531227,16958677.78677127,2531008.246623418,9376779.914401352,17665289.361220077,5686442.574579423,5686442.574579423,8012142.686764489,8012142.686764489,5686442.574579423,6691830.48630891,6691830.48630891,6867574.92804298,241609545.09431347,13857464.880155714,449439133.47775793,644546.4662591832,241609545.09431347
Visibilities bw1,2663826.539487355,2876344.9653762165,2663826.539487355,2663826.539487355,474704.73319678224,1556083.9346491566,624616.3763722373,2181368.51737979,468786.05447971204,1543834.5093156993,2181368.51737979,1053226.9620076923,1053226.9620076923,1516966.0630562834,1516966.0630562834,1053226.9620076923,1266985.866837494,1266985.866837494,1300260.2725809102,30497742.326400414,3740514.6663996098,83737689.6679494,79563.90982181826,30497742.326400414
Visibilities bw2,4375637.283095819,4724759.724538613,4375637.283095819,4375637.283095819,473345.03839633503,1163744.7927556564,636982.7146516447,1631374.8870842336,467443.302086505,865937.8831150777,1631374.8870842336,1050210.4110590615,1050210.4110590615,1547000.0728999109,1547000.0728999109,1050210.4110590615,1292070.0629728218,1292070.0629728218,1326003.3192416495,23326643.912716873,6144219.90993657,93913314.25963916,59493.23944002446,23326643.912716873
Visibilities bw3,14740074.248513713,15916235.323311467,14740074.248513713,14740074.248513713,1908455.6610362737,3128095.0312674087,2690515.232111159,4385064.242770006,1884660.7100304929,931041.2408014024,4385064.242770006,4234290.482632148,4234290.482632148,6534288.873162928,6534288.873162928,4234290.482632148,5457501.762992072,5457501.762992072,5600830.8362745,65686758.906097166,20697844.483224478,217907711.28810063,195781.53244301194,65686758.906097166
Visibilities bw4,23248330.93814649,37655230.28096718,23248330.93814649,23248330.93814649,8926705.114784088,10073547.251969296,11011659.233742138,9845406.97639109,8815405.273867484,2177486.1353246393,12306758.720488863,19805683.263615146,19805683.263615146,26743348.822262928,26743348.822262928,19805683.263615146,22336298.411039386,22336298.411039386,22922912.324681252,161307147.90119162,32645042.271385323,352259039.839726,801193.9032786499,161307147.90119162
Visibilities bw5,72603998.42044942,78397801.46181615,72603998.42044942,72603998.42044942,8766850.386787316,7419867.271839196,10814469.752896504,8633188.269514406,8657543.578388155,1145629.4984408487,8657543.578388155,19451014.81881871,19451014.81881871,26264450.59586969,26264450.59586969,19451014.81881871,21936315.034813646,21936315.034813646,22512424.687347163,113156925.28617923,101949711.26003943,503373794.50238633,786806.7409907203,113156925.28617923
Visibilities bw6,122160534.1674023,131909176.55563876,122160534.1674023,122160534.1674023,31552679.423149947,3236955.52524725,38922249.76922269,19772978.082397547,31159274.216800973,1749257.7292840728,31159274.216800973,70005947.96055926,70005947.96055926,94528133.84932448,94528133.84932448,70005947.96055926,78950772.45478623,78950772.45478623,81024244.34564066,259168378.32160112,171536438.23153704,580268544.376171,2831657.6592461676,259168378.32160112
Visibilities bw7,18517898.798805382,19995692.878650185,18517898.798805382,18517898.798805382,82243488.50094491,23202397.4528994,101452613.50181031,37795502.863717765,81218059.74284272,1671828.9789486285,81218059.74284272,182473680.3020582,182473680.3020582,246391893.84335288,246391893.84335288,182473680.3020582,205788778.53954592,205788778.53954592,211193379.0042427,495393215.13532144,26002623.91689143,51678117.2427348,7380685.553042101,495393215.13532144
Visibilities bw8,,,,,31249371.981221344,8816021.482833097,38548103.9466874,11967385.0794379,30859748.327693105,529359.8354858264,30859748.327693105,69333002.40418884,69333002.40418884,93619476.938503,93619476.938503,69333002.40418884,78191847.08971845,78191847.08971845,80245388.37995842,156858909.71320844,,,2804349.9044503034,156858909.71320844
Visibilities bw9,,,,,33405173.09449702,9424212.699547794,41207423.8572614,10466996.535657326,32988670.420045804,462992.3351983027,32988670.420045804,74116080.63574529,74116080.63574529,100078010.9492145,100078010.9492145,74116080.63574529,83586071.97449215,83586071.97449215,85781281.3071843,137193016.9921677,,,2997786.8393567908,137193016.9921677
Visibilities bw10,,,,,2829538.990607967,798264.9125930549,3490417.9111497677,750194.2925752862,2794259.704974406,33183.75105873271,2794259.704974406,6277900.165152533,6277900.165152533,8476969.817389192,8476969.817389192,6277900.165152533,7080042.764008617,7080042.764008617,7265984.954973794,9832946.631642792,,,253921.8161644668,9832946.631642792
Visibilities bw11,,,,,1399221.6616601222,394746.13006532413,1726029.7267004754,321511.8387886227,1381775.87154703,14221.6075573867,1381775.87154703,3104454.111509871,3104454.111509871,4191905.515178976,4191905.515178976,3104454.111509871,3501117.8028563815,3501117.8028563815,3593067.185082078,4214119.973370235,,,125565.08084481869,4214119.973370235
-- Geometry --,,,,,,,,,,,,,,,,,,,,,,,,
Delta W earth0 [lambda],0.12556762548976114,0.12556762548976114,0.12556762548976114,0.12556762548976114,1.4098307776762335,1.4098307776762335,2.179085545775391,2.203297607395118,2.3177546259610975,2.3206973331141834,17.82888173816229,1.961176991197852,1.961176991197852,2.058025237676758,2.058025237676758,1.961176991197852,13.982465585392093,13.982465585392093,17.04886816211769,17.04886816211769,0.13733959037942622,0.13733959037942622,0.8580149336490602,0.8580149336490602
Delta W earth1 [lambda],0.2636344856700899,0.2636344856700899,0.2636344856700899,0.2636344856700899,3.172119249771525,3.172119249771525,4.902942477994629,4.957419616639014,5.214947908412469,5.221568999506912,40.11498391086515,4.412648230195167,4.412648230195167,4.630556784772706,4.630556784772706,4.412648230195167,31.46054756713221,31.46054756713221,38.3599533647648,38.3599533647648,0.28835021870166083,0.28835021870166083,1.9305336007103855,1.9305336007103855
Delta W earth2 [lambda],0.5656557423145592,0.5656557423145592,0.5656557423145592,0.5656557423145592,5.639323110704934,5.639323110704934,8.716342183101563,8.813190429580471,9.27101850384439,9.282789332456733,71.31552695264917,7.844707964791408,7.844707964791408,8.232100950707032,8.232100950707032,7.844707964791408,55.92986234156837,55.92986234156837,68.19547264847075,68.19547264847075,0.618685968156549,0.618685968156549,3.432059734596241,3.432059734596241
Delta W earth3 [lambda],1.1924479087013926,1.1924479087013926,1.1924479087013926,1.1924479087013926,12.6884769990861,12.6884769990861,19.611769911978516,19.829678466556057,20.859791633649877,15.687913971851879,160.4599356434606,17.650592920780667,17.650592920780667,18.522227139090823,18.522227139090823,17.650592920780667,125.84219026852884,125.84219026852884,153.4398134590592,153.4398134590592,1.304239900142148,1.304239900142148,7.722134402841542,7.722134402841542
Delta W earth4 [lambda],2.554289211389181,2.554289211389181,2.554289211389181,2.554289211389181,35.245769441905836,35.245769441905836,54.47713864438477,55.08244018487794,57.94386564902744,58.017433327854576,445.72204345405726,49.0294247799463,49.0294247799463,51.45063094191895,51.45063094191895,49.0294247799463,349.5616396348023,349.5616396348023,426.22170405294224,426.22170405294224,2.7937538249569163,2.7937538249569163,21.450373341226506,21.450373341226506
Delta W earth5 [lambda],5.422471337476216,5.422471337476216,5.422471337476216,5.422471337476216,69.08170810613544,69.08170810613544,106.77519174299415,107.96158276236076,113.56997667209377,113.71416932259497,873.6152051699522,96.09767256869475,96.09767256869475,100.84323664616115,100.84323664616115,96.09767256869475,685.1408136842125,685.1408136842125,835.3945399437669,835.3945399437669,5.93082802536461,5.93082802536461,42.04273174880395,42.04273174880395
Delta W earth6 [lambda],11.552639929482813,11.552639929482813,11.552639929482813,11.552639929482813,170.58952409882426,90.22916977127895,263.6693510388223,266.59901049480925,280.4483097412928,280.80437730681615,2157.294690317637,237.3024159349401,237.3024159349401,249.02105375888772,249.02105375888772,237.3024159349401,1691.8783358324433,1691.8783358324433,2062.9130476162404,2062.9130476162404,12.635699922871826,12.635699922871826,103.81980697153628,103.81980697153628
Delta W earth7 [lambda],33.47075398311001,33.47075398311001,33.47075398311001,33.47075398311001,317.21192497715253,317.21192497715253,490.29424779946294,495.74196166390146,521.4947908412469,522.1568999506912,4011.4983910865153,441.2648230195167,441.2648230195167,463.0556784772706,463.0556784772706,441.2648230195167,3146.0547567132207,3146.0547567132207,3835.99533647648,3835.99533647648,36.608637169026565,36.608637169026565,193.05336007103855,193.05336007103855
Delta W earth8 [lambda],,,,,456.78517196709964,456.78517196709964,706.0237168312267,713.8684247960181,750.9524988113956,751.9059359289954,5776.557683164582,635.421345148104,635.421345148104,666.8001770072697,666.8001770072697,635.421345148104,4530.318849667038,4530.318849667038,5523.833284526131,5523.833284526131,,,277.99683850229553,277.99683850229553
Delta W earth9 [lambda],,,,,682.358096395297,682.358096395297,1054.6774041552892,1066.396041979237,1121.7932389651712,1123.2175092272646,8629.178761270548,949.2096637397603,949.2096637397603,996.0842150355509,996.0842150355509,949.2096637397603,6767.513343329773,6767.513343329773,8251.652190464962,8251.652190464962,,,415.2792278861451,415.2792278861451
Delta W earth10 [lambda],,,,,953.0456057091338,953.0456057091338,1473.0618289441643,1489.4291825990995,1566.8021271497018,1568.7913971851879,12052.324054997707,1325.7556460497478,1325.7556460497478,1391.2250606694886,1391.2250606694886,1325.7556460497478,9452.146735725055,9452.146735725055,11525.034877591559,11525.034877591559,,,580.0180951467647,580.0180951467647
Delta W earth11 [lambda],,,,,1268.8476999086101,1268.8476999086101,1961.1769911978517,1982.9678466556059,2085.9791633649875,2088.627599802765,16045.993564346061,1765.0592920780668,1765.0592920780668,1852.2227139090824,1852.2227139090824,1765.0592920780668,12584.219026852883,12584.219026852883,15343.98134590592,15343.98134590592,,,772.2134402841542,772.2134402841542
Delta W snapshot0 [lambda],1.7204333363285287,3.972699486085131,1.7248324995034219,1.7248324995034219,64.37237669449567,244.1460126157507,131.06216778861685,220.8794899072713,144.36224594985666,217.5090211085103,4013.7645790294596,109.58080077509256,109.58080077509256,119.48907838157804,119.48907838157804,109.60706759819902,2673.06257972544,2673.06257972544,3689.1451965081774,6253.382581191983,1.9822899997291077,3.2473023963859564,39.09809492471678,49.13558512324827
Delta W snapshot1 [lambda],2.492872793455623,5.756360479837639,2.499247091117203,2.499247091117203,96.5585650417435,366.21901892362604,196.59325168292526,331.319234860907,216.543368924785,326.26353166276544,6020.64686854419,164.37120116263884,164.37120116263884,179.23361757236705,179.23361757236705,164.41060139729854,4009.5938695881605,4009.5938695881605,5533.717794762266,9380.073871787974,2.8722977547095234,4.705274900885773,58.64714238707517,73.70337768487241
Delta W snapshot2 [lambda],3.651531979146265,8.4318519704664,3.6608689785378754,3.6608689785378754,128.74475338899134,488.2920252315014,262.1243355772337,441.7589798145426,288.7244918997133,435.0180422170206,8027.529158058919,219.1616015501851,219.1616015501851,238.97815676315608,238.97815676315608,219.21413519639805,5346.12515945088,5346.12515945088,7378.290393016355,12506.765162383967,4.207309387180147,6.892233657635499,78.19618984943357,98.27117024649654
Delta W snapshot3 [lambda],5.301743546645058,12.242400457119485,5.315300151530954,5.315300151530954,193.117130083487,732.4380378472521,393.1865033658505,662.638469721814,433.08673784957,565.5234548821268,12041.29373708838,328.7424023252777,328.7424023252777,358.4672351447341,358.4672351447341,328.82120279459707,8019.187739176321,8019.187739176321,11067.435589524532,18760.147743575948,6.108689591001944,10.006993099066927,117.29428477415034,147.40675536974481
Delta W snapshot4 [lambda],7.759505455685813,17.9176854372411,7.779346579392985,7.779346579392985,321.8618834724784,1220.7300630787533,655.3108389430841,1104.3974495363566,721.8112297492833,1087.5451055425515,20068.8228951473,547.9040038754628,547.9040038754628,597.4453919078902,597.4453919078902,548.0353379909951,13365.312898627202,13365.312898627202,18445.725982540887,31266.912905959914,8.940532447757812,14.645996522475436,195.4904746235839,245.67792561624134
Delta W snapshot5 [lambda],11.305704781587474,26.106310908559433,11.334613568165345,11.334613568165345,450.6066368614697,1709.0220883102547,917.4351745203179,1546.1564293508993,1010.5357216489966,1522.563147759572,28096.352053206218,767.065605425648,767.065605425648,836.4235486710462,836.4235486710462,767.2494731873932,18711.43805807808,18711.43805807808,25824.01637555724,43773.67806834388,13.026477141076994,21.33941574767914,273.68666447301746,343.94909586273786
Delta W snapshot6 [lambda],16.502115674987927,38.10548486653085,16.544311729930783,16.544311729930783,708.0961436394524,1953.1681009260055,1441.6838456747853,2429.6743889799845,1587.9847054484233,2392.5992321936133,44151.410369324054,1205.3888085260182,1205.3888085260182,1314.3798621973583,1314.3798621973583,1205.6777435801891,29403.688376979844,29403.688376979844,40580.59716158995,68787.20839311181,19.01380203821797,31.147594414314277,430.0790441718846,540.4914363557309
Delta W snapshot7 [lambda],28.088707531894347,64.86039977281847,28.160530604137502,28.160530604137502,965.5856504174351,3662.1901892362603,1965.9325168292526,3313.19234860907,2165.43368924785,3262.6353166276544,60206.46868544189,1643.7120116263884,1643.7120116263884,1792.3361757236705,1792.3361757236705,1644.1060139729852,40095.9386958816,40095.9386958816,55337.17794762266,93800.73871787975,32.36391836292421,53.01718198181153,586.4714238707518,737.0337768487241
Delta W snapshot8 [lambda],,,,,1158.702780500922,4394.628227083513,2359.119020195103,3975.8308183308836,2598.52042709742,3915.1623799531853,72247.76242253027,1972.454413951666,1972.454413951666,2150.8034108684046,2150.8034108684046,1972.9272167675824,48115.12643505793,48115.12643505793,66404.61353714719,112560.8864614557,,,703.7657086449021,884.4405322184688
Delta W snapshot9 [lambda],,,,,1416.1922872789048,5371.212277546515,2883.3676913495706,4859.348777959969,3175.9694108968465,4785.1984643872265,88302.82073864811,2410.7776170520365,2410.7776170520365,2628.7597243947166,2628.7597243947166,2411.3554871603783,58807.37675395969,58807.37675395969,81161.1943231799,137574.41678622362,,,860.1580883437692,1080.9828727114618
Delta W snapshot10 [lambda],,,,,1673.6817940568874,6347.796328009517,3407.6163625040376,5742.8667375890545,3753.418394696273,5655.234548821268,104357.87905476594,2849.1008201524064,2849.1008201524064,3106.716037921029,3106.716037921029,2849.7837575531744,69499.62707286145,69499.62707286145,95917.77510921261,162587.94711099155,,,1016.5504680426363,1277.525213204455
Delta W snapshot11 [lambda],,,,,1931.1713008348702,7324.3803784725205,3931.865033658505,6626.38469721814,4330.8673784957,6525.270633255309,120412.93737088378,3287.424023252777,3287.424023252777,3584.672351447341,3584.672351447341,3288.2120279459705,80191.8773917632,80191.8773917632,110674.35589524532,187601.4774357595,,,1172.9428477415036,1474.0675536974481
Delta W max0 [lambda],1.7204333363285287,3.972699486085131,1.7248324995034219,1.7248324995034219,64.37237669449567,244.1460126157507,131.06216778861685,220.8794899072713,144.36224594985666,217.5090211085103,4013.7645790294596,109.58080077509256,109.58080077509256,119.48907838157804,119.48907838157804,109.60706759819902,2673.06257972544,2673.06257972544,3689.1451965081774,6253.382581191983,1.9822899997291077,3.2473023963859564,39.09809492471678,49.13558512324827
Delta W max1 [lambda],2.492872793455623,5.756360479837639,2.499247091117203,2.499247091117203,96.5585650417435,366.21901892362604,196.59325168292526,331.319234860907,216.543368924785,326.26353166276544,6020.64686854419,164.37120116263884,164.37120116263884,179.23361757236705,179.23361757236705,164.41060139729854,4009.5938695881605,4009.5938695881605,5533.717794762266,9380.073871787974,2.8722977547095234,4.705274900885773,58.64714238707517,73.70337768487241
Delta W max2 [lambda],3.651531979146265,8.4318519704664,3.6608689785378754,3.6608689785378754,128.74475338899134,488.2920252315014,262.1243355772337,441.7589798145426,288.7244918997133,435.0180422170206,8027.529158058919,219.1616015501851,219.1616015501851,238.97815676315608,238.97815676315608,219.21413519639805,5346.12515945088,5346.12515945088,7378.290393016355,12506.765162383967,4.207309387180147,6.892233657635499,78.19618984943357,98.27117024649654
Delta W max3 [lambda],5.301743546645058,12.242400457119485,5.315300151530954,5.315300151530954,193.117130083487,732.4380378472521,393.1865033658505,662.638469721814,433.08673784957,565.5234548821268,12041.29373708838,328.7424023252777,328.7424023252777,358.4672351447341,358.4672351447341,328.82120279459707,8019.187739176321,8019.187739176321,11067.435589524532,18760.147743575948,6.108689591001944,10.006993099066927,117.29428477415034,147.40675536974481
Delta W max4 [lambda],7.759505455685813,17.9176854372411,7.779346579392985,7.779346579392985,321.8618834724784,1220.7300630787533,655.3108389430841,1104.3974495363566,721.8112297492833,1087.5451055425515,20068.8228951473,547.9040038754628,547.9040038754628,597.4453919078902,597.4453919078902,548.0353379909951,13365.312898627202,13365.312898627202,18445.725982540887,31266.912905959914,8.940532447757812,14.645996522475436,195.4904746235839,245.67792561624134
Delta W max5 [lambda],11.305704781587474,26.106310908559433,11.334613568165345,11.334613568165345,450.6066368614697,1709.0220883102547,917.4351745203179,1546.1564293508993,1010.5357216489966,1522.563147759572,28096.352053206218,767.065605425648,767.065605425648,836.4235486710462,836.4235486710462,767.2494731873932,18711.43805807808,18711.43805807808,25824.01637555724,43773.67806834388,13.026477141076994,21.33941574767914,273.68666447301746,343.94909586273786
Delta W max6 [lambda],16.502115674987927,38.10548486653085,16.544311729930783,16.544311729930783,708.0961436394524,1953.1681009260055,1441.6838456747853,2429.6743889799845,1587.9847054484233,2392.5992321936133,44151.410369324054,1205.3888085260182,1205.3888085260182,1314.3798621973583,1314.3798621973583,1205.6777435801891,29403.688376979844,29403.688376979844,40580.59716158995,68787.20839311181,19.01380203821797,31.147594414314277,430.0790441718846,540.4914363557309
Delta W max7 [lambda],33.47075398311001,64.86039977281847,33.47075398311001,33.47075398311001,965.5856504174351,3662.1901892362603,1965.9325168292526,3313.19234860907,2165.43368924785,3262.6353166276544,60206.46868544189,1643.7120116263884,1643.7120116263884,1792.3361757236705,1792.3361757236705,1644.1060139729852,40095.9386958816,40095.9386958816,55337.17794762266,93800.73871787975,36.608637169026565,53.01718198181153,586.4714238707518,737.0337768487241
Delta W max8 [lambda],,,,,1158.702780500922,4394.628227083513,2359.119020195103,3975.8308183308836,2598.52042709742,3915.1623799531853,72247.76242253027,1972.454413951666,1972.454413951666,2150.8034108684046,2150.8034108684046,1972.9272167675824,48115.12643505793,48115.12643505793,66404.61353714719,112560.8864614557,,,703.7657086449021,884.4405322184688
Delta W max9 [lambda],,,,,1416.1922872789048,5371.212277546515,2883.3676913495706,4859.348777959969,3175.9694108968465,4785.1984643872265,88302.82073864811,2410.7776170520365,2410.7776170520365,2628.7597243947166,2628.7597243947166,2411.3554871603783,58807.37675395969,58807.37675395969,81161.1943231799,137574.41678622362,,,860.1580883437692,1080.9828727114618
Delta W max10 [lambda],,,,,1673.6817940568874,6347.796328009517,3407.6163625040376,5742.8667375890545,3753.418394696273,5655.234548821268,104357.87905476594,2849.1008201524064,2849.1008201524064,3106.716037921029,3106.716037921029,2849.7837575531744,69499.62707286145,69499.62707286145,95917.77510921261,162587.94711099155,,,1016.5504680426363,1277.525213204455
Delta W max11 [lambda],,,,,1931.1713008348702,7324.3803784725205,3931.865033658505,6626.38469721814,4330.8673784957,6525.270633255309,120412.93737088378,3287.424023252777,3287.424023252777,3584.672351447341,3584.672351447341,3288.2120279459705,80191.8773917632,80191.8773917632,110674.35589524532,187601.4774357595,,,1172.9428477415036,1474.0675536974481
-- Kernel Sizes --,,,,,,,,,,,,,,,,,,,,,,,,
W kernel support pred0 [pixels],4.779695229802639,3.7042896688809193,4.788892244874103,4.788892244874103,7.969147494089946,8.974061771352043,7.273577271061737,3.9087697639596155,6.912568453238466,3.397681258066168,3.9144364988080924,7.335786230248415,7.335786230248415,7.633254255556857,7.633254255556857,7.337111400372267,4.294674807070896,4.294674807070896,4.077153401555795,2.504633227037234,4.64904510390994,2.7831905398614056,12.388848457884077,6.0655170536709555
W kernel support pred1 [pixels],6.319503634251327,4.896804388574429,6.331672469105407,6.331672469105407,10.820051421278297,12.186156624169689,9.874660958731619,5.303692133792217,9.38405420066457,4.609772392232329,5.3113866302393555,9.959206502603866,9.959206502603866,10.363499859928805,10.363499859928805,9.961007498454538,5.827717402541866,5.827717402541866,5.53233504178753,3.397527570143401,6.146639764489855,3.6785799466009483,16.830500110512826,8.233092100319762
W kernel support pred2 [pixels],8.425905719989444,6.527602443349588,8.442145385087883,8.442145385087883,13.445062503621964,15.144352437354497,12.269288968267738,6.586847473098801,11.659189776186718,5.724585427125196,6.596409255962744,12.374430932136523,12.374430932136523,12.877233451166761,12.877233451166761,12.376670688722163,7.23807297587893,7.23807297587893,6.870982802317837,4.218538438698086,8.195218886581854,4.902683054576718,20.923704282358642,10.228076280147716
W kernel support pred3 [pixels],11.163046869066276,8.645918172633039,11.184584863534662,11.184584863534662,18.26766760191253,20.58045336304862,16.66783660019336,8.941440186963511,15.837841872641201,6.9755443841491145,8.954432946233842,16.81088452455618,16.81088452455618,17.49499870552756,17.49499870552756,16.813931793995494,9.826409148017566,9.826409148017566,9.327542542093324,5.724326176584753,10.857104305354765,6.492152551793749,28.451471032230312,13.891318837501062
W kernel support pred4 [pixels],14.883834068163521,11.52417891638401,14.912588340432887,14.912588340432887,26.898449695418897,30.313110565124045,24.537408923809718,13.147367201149377,23.312829220087156,11.422361822996159,13.166501499628904,24.748485938419854,24.748485938419854,25.758036224381893,25.758036224381893,24.752982466792812,14.450812014497608,14.450812014497608,13.716006188231509,8.411856942182366,14.47539856735237,8.650911094309803,41.94589366395769,20.441837881852127
W kernel support pred5 [pixels],19.785523401502576,15.313869520405015,19.82380613996702,19.82380613996702,34.72652788306352,39.14442478474852,31.67283047215045,16.954318835724486,30.08933865906298,14.727324880764755,16.979024761279067,31.945795931403502,31.945795931403502,33.2514453014774,33.2514453014774,31.951610931788824,18.63747379679277,18.63747379679277,17.688568382627523,10.842280067485751,19.241762287126388,11.491789683891907,54.2070751111766,26.377838664655002
W kernel support pred6 [pixels],26.349860470416203,20.385723609631643,26.400938524023204,26.400938524023204,48.98418273082766,43.33156697756568,44.664139228351935,23.87145243544186,42.424758394004066,20.730177391637643,23.906309019602894,45.05022218085471,45.05022218085471,46.897152257879554,46.897152257879554,45.05844710175707,26.246525063694428,26.246525063694428,24.907446243017553,15.253648690279578,25.624388830994207,15.291474998937185,76.58529726666188,37.1780913305223
W kernel support pred7 [pixels],45.09913102949984,30.50924925504751,45.09913102949984,45.09913102949984,62.067742553375176,70.01354027726246,56.58083068626612,30.20219881452199,53.73737374351618,26.22194194728839,30.246373030488503,57.07111551938312,57.07111551938312,59.41674521521275,59.41674521521275,57.08156048167164,33.212550291938,33.212550291938,31.515200983857415,19.286344443624458,42.14781065759961,22.868689680439847,97.16721116040866,47.077620493716175
W kernel support pred8 [pixels],,,,,71.35601256079799,80.50763077356252,65.03820570458248,34.6877290589175,61.76475297700312,30.111865330520253,34.738519569422024,65.60267444677504,65.60267444677504,68.30338293034497,68.30338293034497,65.61469994505529,38.149256927203105,38.149256927203105,36.19744443190375,22.14115451771686,,,111.80298154370918,54.09955110385832
W kernel support pred9 [pixels],,,,,83.21707822661384,93.91329315577201,75.8354289796134,40.405937413585555,72.01159408155584,35.06948743702989,40.46517862301815,76.49486261631897,76.49486261631897,79.65016393932373,79.65016393932373,76.50891143973149,44.443816825530874,44.443816825530874,42.16692161416085,25.777726926746283,,,130.51972338093157,63.0599114313783
W kernel support pred10 [pixels],,,,,94.60465816537328,106.78851140101519,86.19887963543862,45.88621824642564,81.84537102347694,39.81954208090471,45.953574540059584,86.94971646808298,86.94971646808298,90.54260658475427,90.54260658475427,86.96571276709663,50.47764255088857,50.47764255088857,47.88850785286431,29.26023730582759,,,148.51583306915882,71.65606783438058
W kernel support pred11 [pixels],,,,,105.6107187058421,119.23647005406853,96.21271827370302,51.1744509767882,91.34617949325829,44.40200977362798,51.24965200778149,97.05209611512755,97.05209611512755,101.06891205009477,101.06891205009477,97.06997893812172,56.30105161663127,56.30105161663127,53.41002071270189,32.61829705147791,,,165.9321336866206,79.95854033865308
"W kernel support pred, ff0 [pixels]",11.083568310332106,10.6640406015252,11.08753755046698,11.08753755046698,12.78699776267127,13.43628611916411,12.365473153830624,10.736781690415658,12.156627929681306,10.56145056000425,10.73884598563556,12.402167537003452,12.402167537003452,12.580404227606396,12.580404227606396,12.402951410913158,10.88320870416852,10.88320870416852,10.799221261730773,10.308888766592593,11.027856563185296,10.380084276207684,15.921167234609925,11.695746967525126
"W kernel support pred, ff1 [pixels]",11.829460096864764,11.134571981893233,11.835965370683853,11.835965370683853,14.733414836999144,15.76395931448679,14.053787000303457,11.319414748565821,13.713514255689908,11.011357841255881,11.323022031943829,14.113319742764533,14.113319742764533,14.40146275024674,14.40146275024674,14.11459069134729,11.574207969614566,11.574207969614566,11.428330193628035,10.56140111869086,11.738022848606485,10.65513727849316,19.577173799350412,12.953138829347413
"W kernel support pred, ff2 [pixels]",13.076539572920307,11.941925877278903,13.087009540111165,13.087009540111165,16.756184103974903,18.14804151270338,15.828311716252507,11.974412705175483,15.360231321081622,11.52262462776837,11.9796750820776,15.909951002256957,15.909951002256957,16.304083579148145,16.304083579148145,15.91169310089515,12.344622327319247,12.344622327319247,12.133029492659592,10.853389634523092,12.929099450425303,11.137158575401255,23.190545506641136,14.304319081750112
"W kernel support pred, ff3 [pixels]",14.987114979240348,13.219375970440746,15.003164285230255,15.003164285230255,20.825649560433035,22.881325587225476,19.437509535193687,13.414520215685913,18.730649619882033,12.19254770157715,13.423184025729443,19.56031284253814,19.56031284253814,20.151302183889037,20.151302183889037,19.562931845026004,14.019925703948767,14.019925703948767,13.67490584518083,11.52249583102261,14.760647475546353,11.922585489555615,30.157688968119565,17.116329602023672
"W kernel support pred, ff4 [pixels]",17.931216260159964,15.25800444674302,17.95509094967817,17.95509094967817,28.697153099514605,31.9199729344095,26.49687597990104,16.518270621401577,25.36706538496224,15.181249935872874,16.53350421839636,26.692462536157375,26.692462536157375,27.63107725255333,27.63107725255333,26.696631641489013,17.573444963306095,17.573444963306095,16.974357889346066,13.06749161911886,17.593668283894264,13.222642049214386,43.12143313096221,22.756729465982687
"W kernel support pred, ff5 [pixels]",22.169053571846636,18.28974028486981,22.203227014895695,22.203227014895695,36.137677551458495,40.40155927348392,33.21397582520921,19.68372239144319,31.70754328136732,17.801519545914967,19.705006517231293,33.474376434683236,33.474376434683236,34.72259515988319,34.72259515988319,33.47992594281545,21.150778461468906,21.150778461468906,20.319582954059122,14.74974701687452,21.6851427459973,15.233556056902946,55.12174699797478,28.209756691942037
"W kernel support pred, ff6 [pixels]",28.183597123334035,22.70633671661488,28.231357653312614,28.231357653312614,49.994501275711464,44.470492427353,45.76991733671372,25.881387933755853,43.5873849271738,23.016086867423063,25.9135410729747,46.14674981560861,46.14674981560861,47.95146389734872,47.95146389734872,46.15477933239244,28.087009059690565,28.087009059690565,26.839912040631003,18.239347531270624,27.50653200536157,18.270993614007995,77.23540481814649,38.499486684638505
"W kernel support pred, ff7 [pixels]",46.19449772013973,32.10629673610173,46.19449772013973,46.19449772013973,62.86815303213591,70.72408233519789,57.45772707954879,31.8146634939286,54.659906118199125,28.06403818923717,31.856601851099285,57.94059221846781,57.94059221846781,60.25238262483491,60.25238262483491,57.950880468054464,34.68534988859866,34.68534988859866,33.06369448583941,21.724711321399045,43.3178709452446,24.95950655963086,97.68043266023878,48.12797888287399
"W kernel support pred, ff8 [pixels]",,,,,72.05331726282115,81.12631270292192,65.80249388337486,36.10039538931491,62.569039550805115,31.728921092331326,36.149201123608755,66.36046183209962,66.36046183209962,69.0315298956161,69.0315298956161,66.37235003282346,39.43812627518901,39.43812627518901,37.55336181223673,24.29466450431892,,,112.24930593131957,55.01601066634128
"W kernel support pred, ff9 [pixels]",,,,,83.8157628884589,94.44419850558303,76.49190995472651,41.62498982907495,72.70261124723629,36.46736827762592,41.68249849748411,77.14573226491218,77.14573226491218,80.2754546269353,80.2754546269353,77.1596625815113,45.55494324462869,45.55494324462869,43.336465919763064,27.64943409022869,,,130.90224670124994,63.847885084263176
"W kernel support pred, ff10 [pixels]",,,,,95.13170526479135,107.25570459068716,86.77699493762638,46.96323056348025,82.45401602087433,41.05600968838717,47.02904435568314,87.52287240418943,87.52287240418943,91.09315894819757,91.09315894819757,87.53876396825098,51.45864745108713,51.45864745108713,48.92145934427801,30.921860991753793,,,148.85211678785845,72.35048069975313
"W kernel support pred, ff11 [pixels]",,,,,106.08309905712835,119.65507005954568,96.73100411768166,52.142347787337876,91.89191753366865,45.51415682990683,52.21615488446752,97.56592315116971,97.56592315116971,101.56241914699449,101.56241914699449,97.58371181220457,57.182238616012384,57.182238616012384,54.33811105045193,34.116759848180955,,,166.23318859299587,80.58143814234153
W kernel support bw0 [pixels],4.779695229802639,3.7042896688809193,4.788892244874103,4.788892244874103,7.969147494089946,8.974061771352043,7.273577271061737,3.9087697639596155,6.912568453238467,3.3976812580661684,3.9144364988080924,7.335786230248417,7.335786230248417,7.633254255556857,7.633254255556857,7.33711140037227,4.294674807070896,4.294674807070896,4.077153401555795,2.504633227037234,4.64904510390994,2.7831905398614056,0.5103308235671907,6.065517053670956
W kernel support bw1 [pixels],6.319503634251327,4.896804388574429,6.331672469105407,6.331672469105407,10.820051421278297,12.186156624169689,9.874660958731619,5.303692133792217,9.384054200664572,4.60977239223233,5.3113866302393555,9.95920650260387,9.95920650260387,10.363499859928805,10.363499859928805,9.961007498454542,5.827717402541867,5.827717402541867,5.5323350417875305,3.397527570143401,6.146639764489855,3.6785799466009483,0.6918985255015812,8.233092100319762
W kernel support bw2 [pixels],8.425905719989444,6.527602443349588,8.442145385087883,8.442145385087883,13.445062503621964,15.144352437354497,12.269288968267738,6.586847473098801,11.659189776186722,5.724585427125197,6.596409255962744,12.374430932136528,12.374430932136528,12.877233451166761,12.877233451166761,12.376670688722166,7.23807297587893,7.23807297587893,6.870982802317837,4.218538438698086,8.195218886581854,4.902683054576718,0.8587156745452071,10.228076280147718
W kernel support bw3 [pixels],11.163046869066276,8.645918172633039,11.184584863534662,11.184584863534662,18.26766760191253,20.58045336304862,16.66783660019336,8.941440186963511,15.837841872641203,6.975544384149115,8.954432946233842,16.81088452455618,16.81088452455618,17.49499870552756,17.49499870552756,16.813931793995494,9.826409148017568,9.826409148017568,9.327542542093326,5.724326176584753,10.857104305354765,6.492152551793749,1.1643683633198165,13.891318837501064
W kernel support bw4 [pixels],14.883834068163521,11.52417891638401,14.912588340432887,14.912588340432887,26.898449695418897,30.313110565124045,24.537408923809718,13.147367201149377,23.31282922008716,11.42236182299616,13.166501499628904,24.748485938419858,24.748485938419858,25.758036224381893,25.758036224381893,24.75298246679282,14.45081201449761,14.45081201449761,13.71600618823151,8.411856942182366,14.47539856735237,8.650911094309803,1.7090325031537466,20.44183788185213
W kernel support bw5 [pixels],19.785523401502576,15.313869520405015,19.82380613996702,19.82380613996702,34.72652788306352,39.14442478474852,31.67283047215045,16.954318835724486,30.089338659062985,14.727324880764758,16.979024761279067,31.94579593140351,31.94579593140351,33.2514453014774,33.2514453014774,31.95161093178883,18.63747379679277,18.63747379679277,17.688568382627526,10.842280067485751,19.241762287126388,11.491789683891907,2.200737762012764,26.377838664655005
W kernel support bw6 [pixels],26.349860470416203,20.385723609631643,26.400938524023204,26.400938524023204,48.98418273082766,43.33156697756568,44.664139228351935,23.87145243544186,42.42475839400407,20.730177391637646,23.906309019602894,45.05022218085472,45.05022218085472,46.897152257879554,46.897152257879554,45.05844710175708,26.246525063694428,26.246525063694428,24.907446243017553,15.253648690279578,25.624388830994207,15.291474998937185,3.091378886666713,37.17809133052231
W kernel support bw7 [pixels],45.09913102949984,30.50924925504751,45.09913102949984,45.09913102949984,62.067742553375176,70.01354027726246,56.58083068626612,30.20219881452199,53.73737374351619,26.221941947288393,30.246373030488503,57.07111551938313,57.07111551938313,59.41674521521275,59.41674521521275,57.081560481671644,33.212550291938,33.212550291938,31.51520098385742,19.286344443624458,42.14781065759961,22.868689680439847,3.9037024700893648,47.07762049371618
W kernel support bw8 [pixels],,,,,71.35601256079799,80.50763077356252,65.03820570458248,34.6877290589175,61.76475297700313,30.11186533052026,34.738519569422024,65.60267444677505,65.60267444677505,68.30338293034497,68.30338293034497,65.61469994505532,38.14925692720311,38.14925692720311,36.197444431903754,22.14115451771686,,,4.477773291774653,54.09955110385832
W kernel support bw9 [pixels],,,,,83.21707822661384,93.91329315577201,75.8354289796134,40.405937413585555,72.01159408155586,35.06948743702989,40.46517862301815,76.49486261631898,76.49486261631898,79.65016393932373,79.65016393932373,76.5089114397315,44.443816825530874,44.443816825530874,42.166921614160856,25.777726926746283,,,5.207941487690396,63.05991143137831
W kernel support bw10 [pixels],,,,,94.60465816537328,106.78851140101519,86.19887963543862,45.88621824642564,81.84537102347696,39.81954208090472,45.953574540059584,86.94971646808301,86.94971646808301,90.54260658475427,90.54260658475427,86.96571276709666,50.47764255088857,50.47764255088857,47.888507852864315,29.26023730582759,,,5.9060770865433545,71.6560678343806
W kernel support bw11 [pixels],,,,,105.6107187058421,119.23647005406853,96.21271827370302,51.1744509767882,91.3461794932583,44.40200977362799,51.24965200778149,97.05209611512757,97.05209611512757,101.06891205009477,101.06891205009477,97.06997893812175,56.30105161663128,56.30105161663128,53.41002071270191,32.61829705147791,,,6.578297184137011,79.9585403386531
"W kernel support bw, ff0 [pixels]",11.083568310332106,10.6640406015252,11.08753755046698,11.08753755046698,12.78699776267127,13.43628611916411,12.365473153830626,10.736781690415658,12.156627929681308,10.561450560004252,10.73884598563556,12.402167537003452,12.402167537003452,12.580404227606396,12.580404227606396,12.40295141091316,10.88320870416852,10.88320870416852,10.799221261730773,10.308888766592593,11.027856563185296,10.380084276207684,10.013013410032105,11.695746967525126
"W kernel support bw, ff1 [pixels]",11.829460096864764,11.134571981893233,11.835965370683853,11.835965370683853,14.733414836999144,15.76395931448679,14.053787000303458,11.319414748565821,13.71351425568991,11.011357841255881,11.323022031943829,14.113319742764535,14.113319742764535,14.40146275024674,14.40146275024674,14.114590691347292,11.574207969614566,11.574207969614566,11.428330193628035,10.56140111869086,11.738022848606485,10.65513727849316,10.023907599813121,12.953138829347413
"W kernel support bw, ff2 [pixels]",13.076539572920307,11.941925877278903,13.087009540111165,13.087009540111165,16.756184103974903,18.14804151270338,15.828311716252509,11.974412705175483,15.360231321081624,11.52262462776837,11.979675082077602,15.90995100225696,15.90995100225696,16.30408357914815,16.30408357914815,15.911693100895151,12.344622327319247,12.344622327319247,12.133029492659594,10.853389634523092,12.929099450425305,11.137158575401255,10.036801911451159,14.304319081750114
"W kernel support bw, ff3 [pixels]",14.987114979240348,13.219375970440746,15.003164285230255,15.003164285230255,20.825649560433035,22.881325587225476,19.437509535193687,13.414520215685913,18.730649619882033,12.192547701577151,13.423184025729443,19.560312842538142,19.560312842538142,20.151302183889037,20.151302183889037,19.562931845026007,14.019925703948767,14.019925703948767,13.674905845180831,11.52249583102261,14.760647475546353,11.922585489555615,10.06755947017449,17.116329602023672
"W kernel support bw, ff4 [pixels]",17.931216260159964,15.25800444674302,17.95509094967817,17.95509094967817,28.697153099514605,31.9199729344095,26.496875979901045,16.518270621401577,25.367065384962245,15.181249935872874,16.53350421839636,26.692462536157382,26.692462536157382,27.631077252553332,27.631077252553332,26.69663164148902,17.5734449633061,17.5734449633061,16.97435788934607,13.06749161911886,17.593668283894267,13.222642049214386,10.144988521276698,22.75672946598269
"W kernel support bw, ff5 [pixels]",22.169053571846636,18.28974028486981,22.203227014895695,22.203227014895695,36.137677551458495,40.40155927348392,33.21397582520922,19.68372239144319,31.707543281367325,17.801519545914967,19.705006517231293,33.47437643468324,33.47437643468324,34.7225951598832,34.7225951598832,33.479925942815456,21.15077846146891,21.15077846146891,20.319582954059126,14.74974701687452,21.6851427459973,15.233556056902946,10.239299131149014,28.209756691942037
"W kernel support bw, ff6 [pixels]",28.183597123334035,22.706336716614885,28.231357653312614,28.231357653312614,49.994501275711464,44.470492427353,45.76991733671372,25.881387933755853,43.587384927173815,23.016086867423066,25.913541072974702,46.14674981560862,46.14674981560862,47.951463897348724,47.951463897348724,46.154779332392444,28.08700905969057,28.08700905969057,26.839912040631006,18.239347531270624,27.50653200536157,18.270993614007995,10.466929990256395,38.49948668463851
"W kernel support bw, ff7 [pixels]",46.19449772013973,32.10629673610174,46.19449772013973,46.19449772013973,62.86815303213591,70.72408233519789,57.45772707954879,31.8146634939286,54.65990611819913,28.064038189237174,31.856601851099285,57.94059221846783,57.94059221846783,60.252382624834915,60.252382624834915,57.950880468054486,34.685349888598665,34.685349888598665,33.06369448583941,21.724711321399045,43.31787094524461,24.95950655963086,10.734937958599566,48.12797888287399
"W kernel support bw, ff8 [pixels]",,,,,72.05331726282115,81.12631270292192,65.80249388337486,36.10039538931491,62.56903955080513,31.728921092331326,36.14920112360876,66.36046183209963,66.36046183209963,69.03152989561612,69.03152989561612,66.37235003282348,39.43812627518902,39.43812627518902,37.55336181223674,24.29466450431892,,,10.956753791727293,55.01601066634128
"W kernel support bw, ff9 [pixels]",,,,,83.8157628884589,94.44419850558303,76.49190995472651,41.62498982907495,72.7026112472363,36.46736827762592,41.68249849748411,77.14573226491221,77.14573226491221,80.2754546269353,80.2754546269353,77.15966258151133,45.5549432446287,45.5549432446287,43.33646591976307,27.64943409022869,,,11.274868271479134,63.84788508426318
"W kernel support bw, ff10 [pixels]",,,,,95.13170526479135,107.25570459068716,86.7769949376264,46.96323056348025,82.45401602087435,41.05600968838717,47.02904435568315,87.52287240418944,87.52287240418944,91.09315894819757,91.09315894819757,87.538763968251,51.45864745108714,51.45864745108714,48.92145934427803,30.921860991753793,,,11.613860105589032,72.35048069975315
"W kernel support bw, ff11 [pixels]",,,,,106.08309905712835,119.65507005954568,96.73100411768168,52.142347787337876,91.89191753366867,45.51415682990684,52.21615488446753,97.56592315116974,97.56592315116974,101.5624191469945,101.5624191469945,97.5837118122046,57.18223861601239,57.18223861601239,54.338111050451936,34.116759848180955,,,11.969711518780429,80.58143814234153
-- I/O --,,,,,,,,,,,,,,,,,,,,,,,,
Visibility Buffer [PetaBytes],11.79660516904192,12.738016150411003,11.79660516904192,11.79660516904192,5.18522443962308,0.32406752516500914,6.39630715249548,1.1914559999999998,3.7550875781415987,0.027428195196651312,5.120573970193088,0.23584145480395563,0.23584145480395563,15.534329921756584,15.534329921756584,11.504461209949055,12.974414343922646,12.974414343922646,13.315159628954358,15.616652083199998,8.28232973512208,16.46046216192,15.616652083199998,15.616652083199998
Working (cache) memory [TeraBytes],0.04637246392526723,0.017480495780641283,0.0464417564611317,0.0464417564611317,0.5905758418462395,0.008643994888242773,0.5512265523261419,0.015513866165663043,0.377801890414689,1.328397146061565e-05,0.06696847669718832,1.0175489845951864,1.0175489845951864,1.5512506775194286,1.5512506775194286,1.0181101195565228,0.2248483716165802,0.2248483716165802,0.19705871015716156,0.05276931074343845,0.027440410033367685,0.009522769706920642,6.8702800402048005,0.7735240483197221
I/O Rate [TeraBytes/s],3.0037652050801182,0.7371537124080442,3.0037652050801182,3.0037652050801182,1.3203117786077285,0.018753907706308397,1.6286893212372748,0.06894999999999998,1.303849853521388,0.002164472474483216,1.303849853521388,2.9293766969777684,2.9293766969777684,3.9555006745213523,3.9555006745213523,2.9293766969777684,3.3036703190543775,3.3036703190543775,3.3904341647800442,0.9037414399999999,2.1089265529246033,0.9525730417777777,397.64623359999996,0.9037414399999999
-- Compute --,,,,,,,,,,,,,,,,,,,,,,,,
Total Compute Requirement [PetaFLOPS],16.25888847417736,1.7618496720527035,16.314110065190974,16.314110065190974,39.91148664550655,0.157232953931942,40.34290499808743,0.38262861527924225,28.89288421105699,0.0035567753454684207,8.541980871454301,73.89460865552469,73.89460865552469,108.86739285530167,108.86739285530167,73.92374603378258,26.265846864153904,26.265846864153904,24.1478079645315,2.0501682955438225,10.795858756047215,1.783842818494228,206.79556437982112,12.888825273681562
-> Gridding [PetaFLOPS],2.1903311542394692,0.2571924389306289,2.1953395216830405,2.1953395216830405,3.208515002487689,0.015849626505148224,3.3148709631314506,0.03805102333435186,2.4035234686623332,0.0009208109671653015,0.8442998810115699,6.058115987089518,6.058115987089518,8.842328087205646,8.842328087205646,6.060240170357834,2.5076586529254015,2.5076586529254015,2.3470558319059998,0.24874926343489673,1.4727601518593287,0.309394758998391,15.434485560990598,1.1177042191667599
-> FFT [PetaFLOPS],7.985431349169428,0.573410806856323,7.9982750509765355,7.9982750509765355,24.364848747354245,0.05721363910328153,24.62684999415253,0.17449535882323505,17.566234079687085,0.00047885053121897724,4.959468951943697,45.3248005478189,45.3248005478189,66.9356695397666,66.9356695397666,45.33251795146864,15.677274386014508,15.677274386014508,14.356127866698955,0.8677731895242048,5.298229221739684,0.554060247602663,127.5324303191673,6.083926301989254
-> Phase Rotation [PetaFLOPS],0.0,0.0,0.0,0.0,0.0,0.0,0.0,0.0,0.0,0.0,0.0,0.0,0.0,0.0,0.0,0.0,0.0,0.0,0.0,0.0,0.0,0.0,0.21533986262683794,0.0
-> Projection [PetaFLOPS],0.10789695797680536,0.2835420732317224,0.1291461218026749,0.1291461218026749,0.3113673127399302,0.03542554712828946,0.2554050653553497,0.05265576599980604,0.22729446799604439,0.00018496564241101478,0.11948155014125444,0.2639284005689139,0.2639284005689139,0.29937621457184743,0.29937621457184743,0.2744197574116147,0.08889442197907399,0.08889442197907399,0.07216011123135495,0.2583236199725392,0.05128619936527871,0.18997705386529704,0.5381147751577723,1.8043802478537438
-> Convolution [PetaFLOPS],5.975229012791657,0.6477043530340296,5.991349370728724,5.991349370728724,12.026755582924691,0.04874414119522279,12.1457789754481,0.11742646712184922,8.695832194711535,0.001972148204673127,2.61873048835778,22.24776372004735,22.24776372004735,32.79001901375757,32.79001901375757,22.256568154544507,7.9920194032349166,7.9920194032349166,7.372464154695193,0.675322222612182,3.9735831830829227,0.7304107580278767,63.07519386187863,3.882814504671804
