,01c,01s,02A,02B,13c,13s [Bmax=40000],14c,14s,15c,15s [Bmax=13000],22,27,33,37a,37b,37c,38a,38b,max_Band5_MID_continuum,max_Band5_MID_spectral,max_LOW_continuum,max_LOW_spectral,max_MID_continuum,max_MID_spectral
-- Parameters --,,,,,,,,,,,,,,,,,,,,,,,,
Telescope,SKA1_Low_rebaselined,SKA1_Low_rebaselined,SKA1_Low_rebaselined,SKA1_Low_rebaselined,SKA1_Mid_rebaselined,SKA1_Mid_rebaselined,SKA1_Mid_rebaselined,SKA1_Mid_rebaselined,SKA1_Mid_rebaselined,SKA1_Mid_rebaselined,SKA1_Mid_rebaselined,SKA1_Mid_rebaselined,SKA1_Mid_rebaselined,SKA1_Mid_rebaselined,SKA1_Mid_rebaselined,SKA1_Mid_rebaselined,SKA1_Mid_rebaselined,SKA1_Mid_rebaselined,SKA1_Mid_rebaselined,SKA1_Mid_rebaselined,SKA1_Low_rebaselined,SKA1_Low_rebaselined,SKA1_Mid_rebaselined,SKA1_Mid_rebaselined
Band,HPSO 01c,HPSO 01s,HPSO 02A,HPSO 02B,HPSO 13c,HPSO 13s,HPSO 14c,HPSO 14s,HPSO 15c,HPSO 15s,HPSO 22,HPSO 27,HPSO 33,HPSO 37a,HPSO 37b,HPSO 37c,HPSO 38a,HPSO 38b,HPSO max_Band5_MID_continuum,HPSO max_Band5_MID_spectral,HPSO max_LOW_continuum,HPSO max_LOW_spectral,HPSO max_MID_continuum,HPSO max_MID_spectral
Mode,Continuum,Spectral,Continuum,Continuum,Continuum,Spectral,Continuum,Spectral,Continuum,Spectral,Continuum,Continuum,Continuum,Continuum,Continuum,Continuum,Continuum,Continuum,Continuum,Spectral,Continuum,Spectral,Continuum,Spectral
BL-dependent averaging,False,False,False,False,False,False,False,False,False,False,False,False,False,False,False,False,False,False,False,False,False,False,False,False
On-the-fly kernels,False,False,False,False,False,False,False,False,False,False,False,False,False,False,False,False,False,False,False,False,False,False,False,False
Max # of channels,65536,65536,65536,65536,41000,65536,65536,5000,65536,2500,65536,65536,65536,65536,65536,65536,65536,65536,65536,65536,65536,65536,65536,65536
Max Baseline [m],80000,80000,80000,80000,150000,40000,150000,150000,150000,13000,150000,150000,150000,150000,150000,150000,150000,150000,150000,150000,80000,80000,150000,150000
Observation Time [s],21600,21600,21600,21600,21600,21600,21600,21600,15840.000000000002,15840.000000000002,21600,442.8,442.8,21600,21600,21600,21600,21600,21600,21600,21600,21600,21600,21600
Snapshot Time [s],17.3080664216872,83.553575148201,17.308066410453442,17.308066410453442,58.36169068888573,508.0308258914443,65.94845274854057,305.64429604474395,72.8398796988731,139.72762001633842,319.26065890648255,53.95508241860845,53.95508241860845,51.07994068386528,51.07994068386528,54.78899052392087,161.18929943356625,161.18929943356625,173.4766572882206,1248.1427692891787,17.308065392981298,65.89999947706985,40.31382470679424,191.34609780291058
Facets,1.0,1.0,1.0,1.0,1.0,1.0,1.0,1.0,1.0,1.0,1.0,1.0,1.0,1.0,1.0,1.0,1.0,1.0,1.0,1.0,1.0,1.0,3.0,1.0
Stations/antennas,512,512,512,512,197,197,197,197,197,197,197,197,197,197,197,197,197,197,197,197,512,512,197,197
Max Baseline [per bin]0 [m],4900,4900,4900,4900,5000.0,5000.0,5000.0,5000.0,5000.0,5000.0,5000.0,5000.0,5000.0,5000.0,5000.0,5000.0,5000.0,5000.0,5000.0,5000.0,4900,4900,5000.0,5000.0
Max Baseline [per bin]1 [m],7100,7100,7100,7100,7500.0,7500.0,7500.0,7500.0,7500.0,7500.0,7500.0,7500.0,7500.0,7500.0,7500.0,7500.0,7500.0,7500.0,7500.0,7500.0,7100,7100,7500.0,7500.0
Max Baseline [per bin]2 [m],10400,10400,10400,10400,10000.0,10000.0,10000.0,10000.0,10000.0,10000.0,10000.0,10000.0,10000.0,10000.0,10000.0,10000.0,10000.0,10000.0,10000.0,10000.0,10400,10400,10000.0,10000.0
Max Baseline [per bin]3 [m],15100,15100,15100,15100,15000.0,15000.0,15000.0,15000.0,15000.0,13000.0,15000.0,15000.0,15000.0,15000.0,15000.0,15000.0,15000.0,15000.0,15000.0,15000.0,15100,15100,15000.0,15000.0
Max Baseline [per bin]4 [m],22100,22100,22100,22100,25000.0,25000.0,25000.0,25000.0,25000.0,,25000.0,25000.0,25000.0,25000.0,25000.0,25000.0,25000.0,25000.0,25000.0,25000.0,22100,22100,25000.0,25000.0
Max Baseline [per bin]5 [m],32200,32200,32200,32200,35000.0,35000.0,35000.0,35000.0,35000.0,,35000.0,35000.0,35000.0,35000.0,35000.0,35000.0,35000.0,35000.0,35000.0,35000.0,32200,32200,35000.0,35000.0
Max Baseline [per bin]6 [m],47000,47000,47000,47000,55000.0,40000.0,55000.0,55000.0,55000.0,,55000.0,55000.0,55000.0,55000.0,55000.0,55000.0,55000.0,55000.0,55000.0,55000.0,47000,47000,55000.0,55000.0
Max Baseline [per bin]7 [m],80000,80000,80000,80000,75000.0,,75000.0,75000.0,75000.0,,75000.0,75000.0,75000.0,75000.0,75000.0,75000.0,75000.0,75000.0,75000.0,75000.0,80000,80000,75000.0,75000.0
Max Baseline [per bin]8 [m],,,,,90000.0,,90000.0,90000.0,90000.0,,90000.0,90000.0,90000.0,90000.0,90000.0,90000.0,90000.0,90000.0,90000.0,90000.0,,,90000.0,90000.0
Max Baseline [per bin]9 [m],,,,,110000.0,,110000.0,110000.0,110000.0,,110000.0,110000.0,110000.0,110000.0,110000.0,110000.0,110000.0,110000.0,110000.0,110000.0,,,110000.0,110000.0
Max Baseline [per bin]10 [m],,,,,130000.0,,130000.0,130000.0,130000.0,,130000.0,130000.0,130000.0,130000.0,130000.0,130000.0,130000.0,130000.0,130000.0,130000.0,,,130000.0,130000.0
Max Baseline [per bin]11 [m],,,,,150000.0,,150000.0,150000.0,150000.0,,150000.0,150000.0,150000.0,150000.0,150000.0,150000.0,150000.0,150000.0,150000.0,150000.0,,,150000.0,150000.0
Baseline fraction [per bin]0,0.524239919747576,0.524239919747576,0.524239919747576,0.524239919747576,0.6148904201149844,0.6148904201149844,0.6148904201149844,0.6148904201149844,0.6148904201149844,0.6148904201149844,0.6148904201149844,0.6148904201149844,0.6148904201149844,0.6148904201149844,0.6148904201149844,0.6148904201149844,0.6148904201149844,0.6148904201149844,0.6148904201149844,0.6148904201149844,0.524239919747576,0.524239919747576,0.6148904201149844,0.6148904201149844
Baseline fraction [per bin]1,0.079116159492088389,0.079116159492088389,0.079116159492088389,0.079116159492088389,0.050619138909465761,0.050619138909465761,0.050619138909465761,0.050619138909465761,0.050619138909465761,0.050619138909465761,0.050619138909465761,0.050619138909465761,0.050619138909465761,0.050619138909465761,0.050619138909465761,0.050619138909465761,0.050619138909465761,0.050619138909465761,0.050619138909465761,0.050619138909465761,0.079116159492088389,0.079116159492088389,0.050619138909465761,0.050619138909465761
Baseline fraction [per bin]2,0.059153457094084663,0.059153457094084663,0.059153457094084663,0.059153457094084663,0.028392311305309354,0.028392311305309354,0.028392311305309354,0.028392311305309354,0.028392311305309354,0.028392311305309354,0.028392311305309354,0.028392311305309354,0.028392311305309354,0.028392311305309354,0.028392311305309354,0.028392311305309354,0.028392311305309354,0.028392311305309354,0.028392311305309354,0.028392311305309354,0.059153457094084663,0.059153457094084663,0.028392311305309354,0.028392311305309354
Baseline fraction [per bin]3,0.091502783190849729,0.091502783190849729,0.091502783190849729,0.091502783190849729,0.050878192809514208,0.050878192809514208,0.050878192809514208,0.050878192809514208,0.050878192809514208,0.030526915685708523,0.050878192809514208,0.050878192809514208,0.050878192809514208,0.050878192809514208,0.050878192809514208,0.050878192809514208,0.050878192809514208,0.050878192809514208,0.050878192809514208,0.050878192809514208,0.091502783190849729,0.091502783190849729,0.050878192809514208,0.050878192809514208
Baseline fraction [per bin]4,0.073959481192604051,0.073959481192604051,0.073959481192604051,0.073959481192604051,0.071395264513350903,0.071395264513350903,0.071395264513350903,0.071395264513350903,0.071395264513350903,,0.071395264513350903,0.071395264513350903,0.071395264513350903,0.071395264513350903,0.071395264513350903,0.071395264513350903,0.071395264513350903,0.071395264513350903,0.071395264513350903,0.071395264513350903,0.073959481192604051,0.073959481192604051,0.071395264513350903,0.071395264513350903
Baseline fraction [per bin]5,0.10568718038943128,0.10568718038943128,0.10568718038943128,0.10568718038943128,0.03756282060702424,0.03756282060702424,0.03756282060702424,0.03756282060702424,0.03756282060702424,,0.03756282060702424,0.03756282060702424,0.03756282060702424,0.03756282060702424,0.03756282060702424,0.03756282060702424,0.03756282060702424,0.03756282060702424,0.03756282060702424,0.03756282060702424,0.10568718038943128,0.10568718038943128,0.03756282060702424,0.03756282060702424
Baseline fraction [per bin]6,0.060915910793908408,0.060915910793908408,0.060915910793908408,0.060915910793908408,0.057354541210725286,0.014338635302681322,0.057354541210725286,0.057354541210725286,0.057354541210725286,,0.057354541210725286,0.057354541210725286,0.057354541210725286,0.057354541210725286,0.057354541210725286,0.057354541210725286,0.057354541210725286,0.057354541210725286,0.057354541210725286,0.057354541210725286,0.060915910793908408,0.060915910793908408,0.057354541210725286,0.057354541210725286
Baseline fraction [per bin]7,0.0054251080994574897,0.0054251080994574897,0.0054251080994574897,0.0054251080994574897,0.054815812710250551,,0.054815812710250551,0.054815812710250551,0.054815812710250551,,0.054815812710250551,0.054815812710250551,0.054815812710250551,0.054815812710250551,0.054815812710250551,0.054815812710250551,0.054815812710250551,0.054815812710250551,0.054815812710250551,0.054815812710250551,0.0054251080994574897,0.0054251080994574897,0.054815812710250551,0.054815812710250551
Baseline fraction [per bin]8,,,,,0.017356613603245682,,0.017356613603245682,0.017356613603245682,0.017356613603245682,,0.017356613603245682,0.017356613603245682,0.017356613603245682,0.017356613603245682,0.017356613603245682,0.017356613603245682,0.017356613603245682,0.017356613603245682,0.017356613603245682,0.017356613603245682,,,0.017356613603245682,0.017356613603245682
Baseline fraction [per bin]9,,,,,0.015180560602838761,,0.015180560602838761,0.015180560602838761,0.015180560602838761,,0.015180560602838761,0.015180560602838761,0.015180560602838761,0.015180560602838761,0.015180560602838761,0.015180560602838761,0.015180560602838761,0.015180560602838761,0.015180560602838761,0.015180560602838761,,,0.015180560602838761,0.015180560602838761
Baseline fraction [per bin]10,,,,,0.0010880265302034607,,0.0010880265302034607,0.0010880265302034607,0.0010880265302034607,,0.0010880265302034607,0.0010880265302034607,0.0010880265302034607,0.0010880265302034607,0.0010880265302034607,0.0010880265302034607,0.0010880265302034607,0.0010880265302034607,0.0010880265302034607,0.0010880265302034607,,,0.0010880265302034607,0.0010880265302034607
Baseline fraction [per bin]11,,,,,0.00046629708308719751,,0.00046629708308719751,0.00046629708308719751,0.00046629708308719751,,0.00046629708308719751,0.00046629708308719751,0.00046629708308719751,0.00046629708308719751,0.00046629708308719751,0.00046629708308719751,0.00046629708308719751,0.00046629708308719751,0.00046629708308719751,0.00046629708308719751,,,0.00046629708308719751,0.00046629708308719751
-- Image --,,,,,,,,,,,,,,,,,,,,,,,,
Facet FoV size [deg],30.927349711913482,17.181860951063044,30.927349711913482,30.927349711913482,7.098682987638947,3.943712770910526,4.682494099443146,2.3880487372046404,4.313399450923628,2.192475334391248,0.5607419286200717,5.149944367723305,5.149944367723305,5.0635843199466475,5.0635843199466475,5.149944367723305,0.7307795984658851,0.7307795984658851,0.6009380045137866,0.3338544469521037,28.28673264661664,15.714851470342577,4.88092139552145,6.779057493779791
PSF size [arcs],12.616855293763889,12.616855293763889,12.616855293763889,12.616855293763889,0.6536814113146615,2.4513052924299807,0.414812746432146,0.44199349217371975,0.398036867634397,5.007045878775813,0.05174479279247161,0.4656308809464686,0.4656308809464686,0.43004950575276385,0.43004950575276385,0.4656308809464686,0.06455411908949733,0.06455411908949733,0.052802819899117066,0.052802819899117066,11.531210745827075,11.531210745827075,1.026706652111203,1.026706652111203
Pixel size [arcs],2.523371058752778,2.523371058752778,2.523371058752778,2.523371058752778,0.1307362822629323,0.4902610584859961,0.0829625492864292,0.08839869843474395,0.07960737352687941,1.0014091757551624,0.01034895855849432,0.09312617618929371,0.09312617618929371,0.08600990115055276,0.08600990115055276,0.09312617618929371,0.012910823817899467,0.012910823817899467,0.010560563979823412,0.010560563979823412,2.3062421491654153,2.3062421491654153,0.20534133042224062,0.20534133042224062
Facet side length [pixels],44122.90399253433,24512.724440296854,44122.90399253433,44122.90399253433,195471.81786999534,28958.787832591905,203187.81068065306,97252.28545398785,195060.2982534269,7881.804356202797,195060.29825342697,199082.58324833197,199082.58324833197,211939.59425554783,211939.59425554783,199082.58324833197,203767.52030570322,203767.52030570322,204854.28812162802,113807.93784534889,44155.050051735045,24530.583362075024,85571.26316336586,118848.97661578593
Image side length [pixels],44122.90399253433,24512.724440296854,44122.90399253433,44122.90399253433,195471.81786999534,28958.787832591905,203187.81068065306,97252.28545398785,195060.2982534269,7881.804356202797,195060.29825342697,199082.58324833197,199082.58324833197,211939.59425554783,211939.59425554783,199082.58324833197,203767.52030570322,203767.52030570322,204854.28812162802,113807.93784534889,44155.050051735045,24530.583362075024,256713.7894900976,118848.97661578593
Epsilon (approx),0.6666666666666672,0.342997170285018,0.6666666666666672,0.6666666666666672,0.4441757193189375,0.24373333911071637,0.4441757193189375,0.24373333911071637,0.4441757193189375,0.24373333911071637,0.4441757193189375,0.4441757193189375,0.4441757193189375,0.4441757193189375,0.4441757193189375,0.4441757193189375,0.4441757193189375,0.4441757193189375,0.4441757193189375,0.24373333911071637,0.6666666666666672,0.342997170285018,0.4441757193189375,0.24373333911071637
Qbw,2.2049999999999983,4.285749642711291,2.2049999999999983,2.2049999999999983,3.309501028678418,6.031181476294671,3.309501028678418,6.031181476294671,3.309501028678418,6.031181476294671,3.309501028678418,3.309501028678418,3.309501028678418,3.309501028678418,3.309501028678418,3.309501028678418,3.309501028678418,3.309501028678418,3.309501028678418,6.031181476294671,2.2049999999999983,4.285749642711291,3.309501028678418,6.031181476294671
Max subband ratio,1.35,1.35,1.35,1.35,1.35,1.35,1.35,1.35,1.35,1.35,1.35,1.35,1.35,1.35,1.35,1.35,1.35,1.35,1.35,1.35,1.35,1.35,1.35,1.35
Number subbands,5.0,5.0,5.0,5.0,1.0,1.0,1.0,1.0,1.0,1.0,1.0,2.0,2.0,2.0,2.0,2.0,2.0,2.0,2.0,2.0,7.0,7.0,4.0,4.0
Station/antenna diameter,35,35,35,35,13.5,13.5,13.5,13.5,13.5,13.5,13.5,13.5,13.5,13.5,13.5,13.5,13.5,13.5,13.5,13.5,35,35,13.5,13.5
-- Channelization --,,,,,,,,,,,,,,,,,,,,,,,,
Ionospheric timescale [s],10.0,10.0,10.0,10.0,10.0,10.0,10.0,10.0,10.0,10.0,10.0,10.0,10.0,10.0,10.0,10.0,10.0,10.0,10.0,10.0,10.0,10.0,10.0,10.0
Coalesce time pred0 [s],0.9,0.9,0.9,0.9,0.14,0.5250000000000001,0.14,0.14,0.14,1.6153846153846156,0.14,0.14,0.14,0.14,0.14,0.14,0.14,0.14,0.14,0.14,0.9,0.9,0.14,0.14
Coalesce time pred1 [s],0.9,0.9,0.9,0.9,0.14,0.5250000000000001,0.14,0.14,0.14,1.6153846153846156,0.14,0.14,0.14,0.14,0.14,0.14,0.14,0.14,0.14,0.14,0.9,0.9,0.14,0.14
Coalesce time pred2 [s],0.9,0.9,0.9,0.9,0.14,0.5250000000000001,0.14,0.14,0.14,1.6153846153846156,0.14,0.14,0.14,0.14,0.14,0.14,0.14,0.14,0.14,0.14,0.9,0.9,0.14,0.14
Coalesce time pred3 [s],0.9,0.9,0.9,0.9,0.14,0.5250000000000001,0.14,0.14,0.14,1.6153846153846156,0.14,0.14,0.14,0.14,0.14,0.14,0.14,0.14,0.14,0.14,0.9,0.9,0.14,0.14
Coalesce time pred4 [s],0.9,0.9,0.9,0.9,0.14,0.5250000000000001,0.14,0.14,0.14,1.6153846153846156,0.14,0.14,0.14,0.14,0.14,0.14,0.14,0.14,0.14,0.14,0.9,0.9,0.14,0.14
Coalesce time pred5 [s],0.9,0.9,0.9,0.9,0.14,0.5250000000000001,0.14,0.14,0.14,1.6153846153846156,0.14,0.14,0.14,0.14,0.14,0.14,0.14,0.14,0.14,0.14,0.9,0.9,0.14,0.14
Coalesce time pred6 [s],0.9,0.9,0.9,0.9,0.14,0.5250000000000001,0.14,0.14,0.14,1.6153846153846156,0.14,0.14,0.14,0.14,0.14,0.14,0.14,0.14,0.14,0.14,0.9,0.9,0.14,0.14
Coalesce time pred7 [s],0.9,0.9,0.9,0.9,0.14,0.5250000000000001,0.14,0.14,0.14,1.6153846153846156,0.14,0.14,0.14,0.14,0.14,0.14,0.14,0.14,0.14,0.14,0.9,0.9,0.14,0.14
Coalesce time pred8 [s],,,,,0.14,0.5250000000000001,0.14,0.14,0.14,1.6153846153846156,0.14,0.14,0.14,0.14,0.14,0.14,0.14,0.14,0.14,0.14,,,0.14,0.14
Coalesce time pred9 [s],,,,,0.14,0.5250000000000001,0.14,0.14,0.14,1.6153846153846156,0.14,0.14,0.14,0.14,0.14,0.14,0.14,0.14,0.14,0.14,,,0.14,0.14
Coalesce time pred10 [s],,,,,0.14,0.5250000000000001,0.14,0.14,0.14,1.6153846153846156,0.14,0.14,0.14,0.14,0.14,0.14,0.14,0.14,0.14,0.14,,,0.14,0.14
Coalesce time pred11 [s],,,,,0.14,0.5250000000000001,0.14,0.14,0.14,1.6153846153846156,0.14,0.14,0.14,0.14,0.14,0.14,0.14,0.14,0.14,0.14,,,0.14,0.14
Coalesce time bw0 [s],0.9,0.9,0.9,0.9,0.14,0.5250000000000001,0.14,0.14,0.14,1.6153846153846156,0.14,0.14,0.14,0.14,0.14,0.14,0.14,0.14,0.14,0.14,0.9,0.9,0.14,0.14
Coalesce time bw1 [s],0.9,0.9,0.9,0.9,0.14,0.5250000000000001,0.14,0.14,0.14,1.6153846153846156,0.14,0.14,0.14,0.14,0.14,0.14,0.14,0.14,0.14,0.14,0.9,0.9,0.14,0.14
Coalesce time bw2 [s],0.9,0.9,0.9,0.9,0.14,0.5250000000000001,0.14,0.14,0.14,1.6153846153846156,0.14,0.14,0.14,0.14,0.14,0.14,0.14,0.14,0.14,0.14,0.9,0.9,0.14,0.14
Coalesce time bw3 [s],0.9,0.9,0.9,0.9,0.14,0.5250000000000001,0.14,0.14,0.14,1.6153846153846156,0.14,0.14,0.14,0.14,0.14,0.14,0.14,0.14,0.14,0.14,0.9,0.9,0.14,0.14
Coalesce time bw4 [s],0.9,0.9,0.9,0.9,0.14,0.5250000000000001,0.14,0.14,0.14,1.6153846153846156,0.14,0.14,0.14,0.14,0.14,0.14,0.14,0.14,0.14,0.14,0.9,0.9,0.14,0.14
Coalesce time bw5 [s],0.9,0.9,0.9,0.9,0.14,0.5250000000000001,0.14,0.14,0.14,1.6153846153846156,0.14,0.14,0.14,0.14,0.14,0.14,0.14,0.14,0.14,0.14,0.9,0.9,0.14,0.14
Coalesce time bw6 [s],0.9,0.9,0.9,0.9,0.14,0.5250000000000001,0.14,0.14,0.14,1.6153846153846156,0.14,0.14,0.14,0.14,0.14,0.14,0.14,0.14,0.14,0.14,0.9,0.9,0.14,0.14
Coalesce time bw7 [s],0.9,0.9,0.9,0.9,0.14,0.5250000000000001,0.14,0.14,0.14,1.6153846153846156,0.14,0.14,0.14,0.14,0.14,0.14,0.14,0.14,0.14,0.14,0.9,0.9,0.14,0.14
Coalesce time bw8 [s],,,,,0.14,0.5250000000000001,0.14,0.14,0.14,1.6153846153846156,0.14,0.14,0.14,0.14,0.14,0.14,0.14,0.14,0.14,0.14,,,0.14,0.14
Coalesce time bw9 [s],,,,,0.14,0.5250000000000001,0.14,0.14,0.14,1.6153846153846156,0.14,0.14,0.14,0.14,0.14,0.14,0.14,0.14,0.14,0.14,,,0.14,0.14
Coalesce time bw10 [s],,,,,0.14,0.5250000000000001,0.14,0.14,0.14,1.6153846153846156,0.14,0.14,0.14,0.14,0.14,0.14,0.14,0.14,0.14,0.14,,,0.14,0.14
Coalesce time bw11 [s],,,,,0.14,0.5250000000000001,0.14,0.14,0.14,1.6153846153846156,0.14,0.14,0.14,0.14,0.14,0.14,0.14,0.14,0.14,0.14,,,0.14,0.14
Combined Samples0,14.0,13.0,14.0,14.0,24.0,6.0,23.0,25.0,24.0,2.0,24.0,24.0,24.0,23.0,23.0,24.0,23.0,23.0,23.0,23.0,14.0,13.0,23.0,23.0
Combined Samples1,9.0,9.0,9.0,9.0,16.0,4.0,15.0,16.0,16.0,1.0,16.0,16.0,16.0,15.0,15.0,16.0,15.0,15.0,15.0,15.0,9.0,9.0,15.0,15.0
Combined Samples2,6.0,6.0,6.0,6.0,12.0,3.0,11.0,12.0,12.0,1.0,12.0,12.0,12.0,11.0,11.0,12.0,11.0,11.0,11.0,11.0,6.0,6.0,11.0,11.0
Combined Samples3,4.0,4.0,4.0,4.0,8.0,2.0,7.0,8.0,8.0,1.0,8.0,8.0,8.0,7.0,7.0,8.0,7.0,7.0,7.0,7.0,4.0,4.0,7.0,7.0
Combined Samples4,3.0,2.0,3.0,3.0,4.0,1.0,4.0,5.0,4.0,1.0,4.0,4.0,4.0,4.0,4.0,4.0,4.0,4.0,4.0,4.0,3.0,2.0,4.0,4.0
Combined Samples5,2.0,2.0,2.0,2.0,3.0,1.0,3.0,3.0,3.0,1.0,3.0,3.0,3.0,3.0,3.0,3.0,3.0,3.0,3.0,3.0,2.0,2.0,3.0,3.0
Combined Samples6,1.0,1.0,1.0,1.0,2.0,1.0,2.0,2.0,2.0,1.0,2.0,2.0,2.0,2.0,2.0,2.0,2.0,2.0,2.0,2.0,1.0,1.0,2.0,2.0
Combined Samples7,1.0,1.0,1.0,1.0,1.0,1.0,1.0,1.0,1.0,1.0,1.0,1.0,1.0,1.0,1.0,1.0,1.0,1.0,1.0,1.0,1.0,1.0,1.0,1.0
Combined Samples8,,,,,1.0,1.0,1.0,1.0,1.0,1.0,1.0,1.0,1.0,1.0,1.0,1.0,1.0,1.0,1.0,1.0,,,1.0,1.0
Combined Samples9,,,,,1.0,1.0,1.0,1.0,1.0,1.0,1.0,1.0,1.0,1.0,1.0,1.0,1.0,1.0,1.0,1.0,,,1.0,1.0
Combined Samples10,,,,,1.0,1.0,1.0,1.0,1.0,1.0,1.0,1.0,1.0,1.0,1.0,1.0,1.0,1.0,1.0,1.0,,,1.0,1.0
Combined Samples11,,,,,1.0,1.0,1.0,1.0,1.0,1.0,1.0,1.0,1.0,1.0,1.0,1.0,1.0,1.0,1.0,1.0,,,1.0,1.0
Number of frequencies predict ifft,25.0,25.0,25.0,25.0,5.0,5.0,5.0,5.0,5.0,5.0,5.0,10.0,10.0,10.0,10.0,10.0,10.0,10.0,10.0,10.0,35.0,35.0,20.0,20.0
Number of freqs for predict (de-gridding) convoution kernels gcf0,500.0,500.0,500.0,500.0,500.0,500.0,500.0,500.0,500.0,500.0,500.0,500.0,500.0,500.0,500.0,500.0,500.0,500.0,500.0,500.0,500.0,591.7378743834158,500.0,554.5701446074493
Number of freqs for predict (de-gridding) convoution kernels gcf1,500.0,500.0,500.0,500.0,500.0,500.0,500.0,500.0,500.0,500.0,500.0,500.0,500.0,500.0,500.0,500.0,500.0,500.0,500.0,500.0,500.0,608.6580077034196,500.0,628.5778245691416
Number of freqs for predict (de-gridding) convoution kernels gcf2,500.0,500.0,500.0,500.0,500.0,500.0,500.0,500.0,500.0,500.0,500.0,500.0,500.0,500.0,500.0,500.0,500.0,500.0,500.0,500.0,500.0,638.2319040588877,500.0,706.5343097341005
Number of freqs for predict (de-gridding) convoution kernels gcf3,500.0,535.445713989113,500.0,500.0,500.0,500.0,500.0,500.0,500.0,500.0,500.0,500.0,500.0,500.0,500.0,500.0,500.0,500.0,500.0,500.0,500.0,686.2363061349134,500.0,865.4328499464481
Number of freqs for predict (de-gridding) convoution kernels gcf4,500.0,618.0922305330498,500.0,500.0,500.0,500.0,500.0,500.0,500.0,500.0,500.0,500.0,500.0,500.0,500.0,500.0,500.0,500.0,500.0,500.0,500.0,765.2932602043262,511.0274896899274,1176.9340602088091
Number of freqs for predict (de-gridding) convoution kernels gcf5,500.0,740.9658854638925,500.0,500.0,500.0,500.0,500.0,500.0,500.0,500.0,500.0,500.0,500.0,500.0,500.0,500.0,500.0,500.0,500.0,500.0,500.0,886.8685312865027,627.5137398833324,1473.7411182120993
Number of freqs for predict (de-gridding) convoution kernels gcf6,500.0,919.9249966757234,500.0,500.0,500.0,500.0,500.0,500.0,500.0,500.0,500.0,500.0,500.0,500.0,500.0,500.0,500.0,500.0,500.0,500.0,622.6051747690876,1069.458673079184,849.1373539148316,2028.9854288662714
Number of freqs for predict (de-gridding) convoution kernels gcf7,961.2805561418319,1300.7311622652244,961.2805561418319,961.2805561418319,500.0,571.657397695373,500.0,500.0,500.0,500.0,500.0,500.0,500.0,500.0,500.0,500.0,500.0,500.0,500.0,500.0,1265.3629763189795,1469.229467159205,1057.515215609005,2546.058491616669
Number of freqs for predict (de-gridding) convoution kernels gcf8,,,,,500.0,656.0012199399316,500.0,500.0,500.0,500.0,500.0,500.0,500.0,500.0,500.0,500.0,500.0,500.0,500.0,537.4350770383218,,,1379.7359871458564,2915.2905980947753
Number of freqs for predict (de-gridding) convoution kernels gcf9,,,,,500.0,763.9787509002572,500.0,500.0,500.0,500.0,500.0,500.0,500.0,500.0,500.0,500.0,500.0,500.0,500.0,615.450572390515,,,1861.1616480270977,3388.3000332358874
Number of freqs for predict (de-gridding) convoution kernels gcf10,,,,,500.0,867.8521398403988,500.0,500.0,500.0,500.0,500.0,500.0,500.0,597.3823734057473,597.3823734057473,500.0,500.0,500.0,500.0,691.1946227466881,,,2396.3046190233435,3843.434581441057
Number of freqs for predict (de-gridding) convoution kernels gcf11,,,,,500.0,968.3901549995646,500.0,500.0,500.0,500.0,500.0,557.8245294919465,557.8245294919465,737.8663611141334,737.8663611141334,557.8245294919465,500.0,500.0,500.0,764.909890231387,,,2981.2235519179003,4283.923729678625
Channels to de-grid (predict),23483.615124332395,25357.69099984863,23483.615124332395,23483.615124332395,21760.03326863552,5874.90211016006,26842.397673499825,5000.0,21488.724594920375,2500.0,21488.724594920375,48279.00153236485,48279.00153236485,65190.5312565323,65190.5312565323,48279.00153236485,54447.72758676212,54447.72758676212,55877.680875140846,65536.0,32975.4265816828,65536.0,65536.0,65536.0
Number of freqs for backward (gridding) convolution kernels gcf0,500.0,500.0,500.0,500.0,500.0,500.0,500.0,500.0,500.0,500.0,500.0,500.0,500.0,500.0,500.0,500.0,500.0,500.0,500.0,500.0,500.0,591.7378743834158,500.0,554.5701446074493
Number of freqs for backward (gridding) convolution kernels gcf1,500.0,500.0,500.0,500.0,500.0,500.0,500.0,500.0,500.0,500.0,500.0,500.0,500.0,500.0,500.0,500.0,500.0,500.0,500.0,500.0,500.0,608.6580077034196,500.0,628.5778245691416
Number of freqs for backward (gridding) convolution kernels gcf2,500.0,500.0,500.0,500.0,500.0,500.0,500.0,500.0,500.0,500.0,500.0,500.0,500.0,500.0,500.0,500.0,500.0,500.0,500.0,500.0,500.0,638.2319040588877,500.0,706.5343097341005
Number of freqs for backward (gridding) convolution kernels gcf3,500.0,535.445713989113,500.0,500.0,500.0,500.0,500.0,500.0,500.0,500.0,500.0,500.0,500.0,500.0,500.0,500.0,500.0,500.0,500.0,500.0,500.0,686.2363061349134,500.0,865.4328499464481
Number of freqs for backward (gridding) convolution kernels gcf4,500.0,618.0922305330498,500.0,500.0,500.0,500.0,500.0,500.0,500.0,500.0,500.0,500.0,500.0,500.0,500.0,500.0,500.0,500.0,500.0,500.0,500.0,765.2932602043262,500.0,1176.9340602088091
Number of freqs for backward (gridding) convolution kernels gcf5,500.0,740.9658854638925,500.0,500.0,500.0,500.0,500.0,500.0,500.0,500.0,500.0,500.0,500.0,500.0,500.0,500.0,500.0,500.0,500.0,500.0,500.0,886.8685312865027,500.0,1473.7411182120993
Number of freqs for backward (gridding) convolution kernels gcf6,500.0,919.9249966757234,500.0,500.0,500.0,500.0,500.0,500.0,500.0,500.0,500.0,500.0,500.0,500.0,500.0,500.0,500.0,500.0,500.0,500.0,622.6051747690876,1069.458673079184,500.0,2028.9854288662714
Number of freqs for backward (gridding) convolution kernels gcf7,961.2805561418319,1300.7311622652244,961.2805561418319,961.2805561418319,500.0,571.657397695373,500.0,500.0,500.0,500.0,500.0,500.0,500.0,500.0,500.0,500.0,500.0,500.0,500.0,500.0,1265.3629763189795,1469.229467159205,500.0,2546.058491616669
Number of freqs for backward (gridding) convolution kernels gcf8,,,,,500.0,656.0012199399316,500.0,500.0,500.0,500.0,500.0,500.0,500.0,500.0,500.0,500.0,500.0,500.0,500.0,537.4350770383218,,,500.0,2915.2905980947753
Number of freqs for backward (gridding) convolution kernels gcf9,,,,,500.0,763.9787509002572,500.0,500.0,500.0,500.0,500.0,500.0,500.0,500.0,500.0,500.0,500.0,500.0,500.0,615.450572390515,,,520.6322309948347,3388.3000332358874
Number of freqs for backward (gridding) convolution kernels gcf10,,,,,500.0,867.8521398403988,500.0,500.0,500.0,500.0,500.0,500.0,500.0,597.3823734057473,597.3823734057473,500.0,500.0,500.0,500.0,691.1946227466881,,,639.563683840941,3843.434581441057
Number of freqs for backward (gridding) convolution kernels gcf11,,,,,500.0,968.3901549995646,500.0,500.0,500.0,500.0,500.0,557.8245294919465,557.8245294919465,737.8663611141334,737.8663611141334,557.8245294919465,500.0,500.0,500.0,764.909890231387,,,773.2363369253284,4283.923729678625
Channels to grid (backward)0,1439.0220074055394,1553.8091629762937,1500.0,1500.0,725.4235790959281,3200.0,894.8544371933378,5000.0,716.3789380602059,2500.0,5000.0,1609.4960173883849,1609.4960173883849,2173.274168099727,2173.274168099727,1609.4960173883849,1815.142702990266,1815.142702990266,1862.8129543000314,65536.0,2020.6580841292684,65536.0,1808.570373420898,65536.0
Channels to grid (backward)1,2084.8023964370545,2251.1266360271425,2084.8023964370545,2084.8023964370545,1088.0892646396737,3200.0,1342.225873765601,5000.0,1074.522829922399,2500.0,5000.0,2414.1426668997783,2414.1426668997783,3259.7786040836563,3259.7786040836563,2414.1426668997783,2722.601066020032,2722.601066020032,2794.103783547841,65536.0,2927.4556074956,65536.0,2712.580953399158,65536.0
Channels to grid (backward)2,3053.4729526440356,3297.102820280685,3053.4729526440356,3053.4729526440356,1450.7549495332357,3200.0,1789.5973095663412,5000.0,1432.6667211420954,2500.0,5000.0,3218.789314993408,3218.789314993408,4346.283038268417,4346.283038268417,3218.789314993408,3630.0594274868595,3630.0594274868595,3725.394611200172,65536.0,4287.651854180768,65536.0,3616.5915241106336,65536.0
Channels to grid (backward)3,4433.094635524015,4786.8264596173585,4433.094635524015,4433.094635524015,2176.0863186701217,3200.0,2684.3401803962356,5000.0,2148.954502933313,2500.0,5000.0,4828.082609751441,4828.082609751441,6519.291904838624,6519.291904838624,4828.082609751441,5444.976148857445,5444.976148857445,5587.976264909225,65536.0,6224.9010282119,65536.0,5424.612656270212,65536.0
Channels to grid (backward)4,6487.850320557811,7005.563782880562,6487.850320557811,6487.850320557811,3626.749056159887,3671.8483988277135,4473.825921121464,5000.0,3581.5300657480143,2500.0,5000.0,8046.669197569351,8046.669197569351,10865.309635809857,10865.309635809857,8046.669197569351,9074.809589730918,9074.809589730918,9313.139570420815,65536.0,9110.165737425465,65536.0,9040.654909467647,65536.0
Channels to grid (backward)5,9452.569228770244,10206.884769757768,9452.569228770244,9452.569228770244,5077.411793360802,5140.550873089399,6263.311661512502,5000.0,5014.1056282530935,2500.0,5014.1056282530935,11265.255784762805,11265.255784762805,15211.32736593673,15211.32736593673,11265.255784762805,12704.643029896244,12704.643029896244,13038.302875221221,65536.0,13273.19051986579,65536.0,12656.69715843479,65536.0
Channels to grid (backward)6,13796.909801136626,14897.929378619174,13796.909801136626,13796.909801136626,7978.737267513338,5874.902110160061,9842.283141929025,5000.0,7879.256753068427,2500.0,7879.256753068427,17702.428958559485,17702.428958559485,23903.362825622116,23903.362825622116,17702.428958559485,19964.30990966161,19964.30990966161,20488.629484136913,65536.0,19373.464450029325,65536.0,19888.781652859445,65536.0
Channels to grid (backward)7,23483.615124332395,25357.69099984863,23483.615124332395,23483.615124332395,10880.062741524669,11015.360769551247,13421.254622226623,5000.0,10744.407877796613,2500.0,10744.407877796613,24139.6021320338,24139.6021320338,32595.398284789022,32595.398284789022,24139.6021320338,27223.97678919299,27223.97678919299,27938.956092972145,65536.0,32975.42658168279,65536.0,27120.86614583087,65536.0
Channels to grid (backward)8,,,,,13056.056846918604,13218.414480651934,16105.483232473196,5000.0,12893.271221261048,2500.0,12893.271221261048,28967.482012137847,28967.482012137847,39114.42487939907,39114.42487939907,28967.482012137847,32668.72694857374,32668.72694857374,33526.70104926861,65536.0,,,32544.92951502094,65536.0
Channels to grid (backward)9,,,,,15957.382321039995,16155.819428625153,19684.45471290756,5000.0,15758.422345734596,2500.0,15758.422345734596,35404.655186069,35404.655186069,47806.46033859111,47806.46033859111,35404.655186069,39928.39382804045,39928.39382804045,40977.02765781857,65536.0,,,39777.01400716014,65536.0
Channels to grid (backward)10,,,,,18858.707794847738,19093.224376601953,23263.42619301842,5000.0,18623.573470428568,2500.0,18623.573470428568,41841.828358901505,41841.828358901505,56498.49579826335,56498.49579826335,41841.828358901505,47188.060706940756,47188.060706940756,48427.354265992435,65536.0,,,47009.09849920574,65536.0
Channels to grid (backward)11,,,,,21760.033268635525,22030.62932496891,26842.397673499825,5000.0,21488.72459492037,2500.0,21488.72459492037,48279.00153236485,48279.00153236485,65190.5312565323,65190.5312565323,48279.00153236485,54447.72758676212,54447.72758676212,55877.680875140846,65536.0,,,54241.1829907829,65536.0
Number of frequencies backward fft,500,65536,500,500,500,65536,500,5000,500,2500,500,500,500,500,500,500,500,500,500,65536,500,65536,500,65536
Channels out,500,65536,1500,1500,500,65536,500,5000,500,2500,5000,500,500,700,700,700,1000,1000,500,65536,500,65536,500,65536
Visibilities pred0,1789424579.6042755,1932227015.172104,1789424579.6042755,1789424579.6042755,1845106964.1610653,138811881.3818078,2276057865.8463116,423966944.6692817,1822101782.2696083,18753559.82880271,1822101782.2696083,4093740154.272059,4093740154.272059,5527726071.639862,5527726071.639862,4093740154.272059,4616807341.82898,4616807341.82898,4738057927.167725,5557019537.16921,2512689742.860742,4993768149.752866,5557019537.16921,5557019537.16921
Visibilities pred1,270052689.82034576,291603853.40529937,270052689.82034576,270052689.82034576,151893284.8298828,11427300.989070624,187370115.89107534,34901896.27807664,149999447.3920131,1543834.5093156993,149999447.3920131,337005740.7783402,337005740.7783402,455054632.04564077,455054632.04564077,337005740.7783402,380065788.1620288,380065788.1620288,390047404.43272656,457466134.89600617,379204930.7233708,753639207.0115445,457466134.89600617,457466134.89600617
Visibilities pred2,201912609.29478547,218025952.49337232,201912609.29478547,201912609.29478547,85197052.35976665,6409581.317482488,105096032.33682209,19576498.6450108,84134797.5830938,865937.8831150779,84134797.5830938,189026761.61616296,189026761.61616296,255240469.36220777,255240469.36220777,189026761.61616296,213179173.0652332,213179173.0652332,218777868.78770813,256593083.03988558,283523400.82500327,563479885.557835,256593083.03988558,256593083.03988558
Visibilities pred3,312332813.9962095,337258081.6240163,312332813.9962095,312332813.9962095,152670630.09244698,11485782.562483812,188329021.16524303,35080513.94216005,150767100.55026838,931041.2408014024,150767100.55026838,338730437.2739383,338730437.2739383,457383468.12832034,457383468.12832034,338730437.2739383,382010853.34526825,382010853.34526825,392043552.5991897,459807312.3426802,438574202.58565027,871630845.1524025,459807312.3426802,459807312.3426802
Visibilities pred4,252451041.12741077,272597530.64450496,252451041.12741077,252451041.12741077,214236383.3495264,16117523.813424828,264274329.3177392,49227034.88195545,211565239.0405759,2177486.1353246393,211565239.0405759,475326418.499941,475326418.499941,641827311.2277045,641827311.2277045,475326418.499941,536060037.0313495,536060037.0313495,550138509.1126667,645228591.6047665,354488894.83547854,704518079.679452,645228591.6047665,645228591.6047665
Visibilities pred5,360749403.4963631,389538486.8900395,360749403.4963631,360749403.4963631,112715078.37541644,8479829.296240013,139041283.6322997,25899564.808543216,111309723.05981538,1145629.4984408487,111309723.05981538,250081025.8158481,250081025.8158481,337681277.8363841,337681277.8363841,250081025.8158481,282034489.8622504,282034489.8622504,289441523.43536127,339470775.8585377,506560229.60682756,1006747589.0047727,339470775.8585377,339470775.8585377
Visibilities pred6,207928515.0892119,224521948.93223414,207928515.0892119,207928515.0892119,172104264.35718864,3236955.5252472498,212301656.35084438,39545956.16479509,169958432.17361507,1749257.7292840728,169958432.17361507,381847855.65579504,381847855.65579504,515604378.2861061,515604378.2861061,381847855.65579504,430637489.68375987,430637489.68375987,441947263.69574577,518336756.64320225,291970867.65649986,580268544.376171,518336756.64320225,518336756.64320225
Visibilities pred7,18517898.798805382,19995692.878650185,18517898.798805382,18517898.798805382,164486279.9438615,12374702.61832961,202904383.62756273,37795502.86371776,162435430.39299107,1671828.9789486285,162435430.39299107,364945828.1347859,364945828.1347859,492781782.1587097,492781782.1587097,364945828.1347859,411575848.78567845,411575848.78567845,422385009.5068586,495393215.13532144,26002623.916891437,51678117.2427348,495393215.13532144,495393215.13532144
Visibilities pred8,,,,,52082139.49342821,3918265.937909834,64246661.88283607,11967385.079437898,51432768.418680064,529359.8354858265,51432768.418680064,115554680.5177165,115554680.5177165,156032038.21601093,156032038.21601093,115554680.5177165,130319384.54622327,130319384.54622327,133741944.87575059,156858909.71320844,,,156858909.71320844,156858909.71320844
Visibilities pred9,,,,,45552438.567719236,3427020.6670589284,56191856.691451795,10466996.535657328,44984481.1781452,462992.3351983027,44984481.1781452,101067228.35685152,101067228.35685152,136469812.96395686,136469812.96395686,101067228.35685152,113980835.20501061,113980835.20501061,116974298.42813298,137193016.9921677,,,137193016.9921677,137193016.9921677
Visibilities pred10,,,,,3264850.552875744,245622.64219797074,4027402.7067391425,750194.2925752862,3224143.70916629,33183.75105873271,3224143.70916629,7243726.280162722,7243726.280162722,9781112.895720268,9781112.895720268,7243726.280162722,8169274.895856583,8169274.895856583,8383823.454974778,9832946.631642792,,,9832946.631642792,9832946.631642792
Visibilities pred11,,,,,1399221.6616601222,105266.84636602241,1726029.7267004754,321511.8387886227,1381775.8715470303,14221.6075573867,1381775.8715470303,3104454.1115098707,3104454.1115098707,4191905.515178976,4191905.515178976,3104454.1115098707,3501117.802856382,3501117.802856382,3593067.185082078,4214119.973370235,,,4214119.973370235,4214119.973370235
Visibilities bw0,109651829.03099388,118398478.8340023,114298282.23616484,114298282.23616484,61511123.68407114,75609433.5007878,75877740.33212183,423966944.6692818,60744197.91896203,18753559.828802705,423966944.6692818,136474621.78990614,136474621.78990614,184279281.79558328,184279281.79558328,136474621.78990614,153912101.18510494,153912101.18510494,157954223.34498855,5557019537.16921,153971832.00173014,4993768149.752866,153354811.08772805,5557019537.16921
Visibilities bw1,23974438.85538619,25887104.688385945,23974438.85538619,23974438.85538619,7595275.731148516,6224335.738596627,9369245.645583559,34901896.27807664,7500576.871675393,1543834.5093156993,34901896.27807664,16851631.392123077,16851631.392123077,22754490.945844248,22754490.945844248,16851631.392123077,19004788.00256241,19004788.00256241,19503904.08871365,457466134.89600617,33664631.99759648,753639207.0115445,18934843.81628473,457466134.89600617
Visibilities bw2,26253823.698574916,28348558.347231682,26253823.698574916,26253823.698574916,5680140.460756021,3491234.3782669688,7006809.861168091,19576498.645010803,5609319.625038059,865937.8831150777,19576498.645010803,12602524.93270874,12602524.93270874,17017000.80189902,17017000.80189902,12602524.93270874,14212770.692701038,14212770.692701038,14586036.511658143,256593083.03988558,36865319.45961942,563479885.557835,14160039.814261874,256593083.03988558
Visibilities bw3,58960296.994054854,63664941.29324587,58960296.994054854,58960296.994054854,15267645.28829019,6256190.0625348175,18833606.624778114,35080513.94216005,15077285.680243943,931041.2408014024,35080513.94216005,33874323.861057185,33874323.861057185,45740022.1121405,45740022.1121405,33874323.861057185,38202512.340944506,38202512.340944506,39205815.8539215,459807312.3426802,82791377.93289791,871630845.1524025,38059639.983821005,459807312.3426802
Visibilities bw4,69744992.81443948,75310460.56193437,69744992.81443948,69744992.81443948,35706820.45913635,10073547.251969296,44046636.93496855,49227034.88195545,35261621.09546994,2177486.1353246393,49227034.88195545,79222733.05446059,79222733.05446059,106973395.28905171,106973395.28905171,79222733.05446059,89345193.64415754,89345193.64415754,91691649.29872501,645228591.6047665,97935126.81415598,704518079.679452,89008926.91681713,645228591.6047665
Visibilities bw5,145207996.84089884,156795602.9236323,145207996.84089884,145207996.84089884,26300551.16036195,7419867.271839196,32443409.258689508,25899564.80854322,25972630.73516446,1145629.4984408487,25972630.73516446,58353044.45645613,58353044.45645613,78793351.78760907,78793351.78760907,58353044.45645613,65808945.10444093,65808945.10444093,67537274.06204148,339470775.8585377,203899422.52007887,1006747589.0047727,65560589.66339733,339470775.8585377
Visibilities bw6,122160534.1674023,131909176.55563876,122160534.1674023,122160534.1674023,63105358.846299894,3236955.52524725,77844499.53844538,39545956.16479509,62318548.433601946,1749257.7292840728,62318548.433601946,140011895.92111853,140011895.92111853,189056267.69864896,189056267.69864896,140011895.92111853,157901544.90957245,157901544.90957245,162048488.69128132,518336756.64320225,171536438.23153704,580268544.376171,157304177.4830321,518336756.64320225
Visibilities bw7,18517898.798805382,19995692.878650185,18517898.798805382,18517898.798805382,82243488.50094491,23202397.4528994,101452613.50181031,37795502.863717765,81218059.74284272,1671828.9789486285,81218059.74284272,182473680.3020582,182473680.3020582,246391893.84335288,246391893.84335288,182473680.3020582,205788778.53954592,205788778.53954592,211193379.0042427,495393215.13532144,26002623.91689143,51678117.2427348,205009354.81625134,495393215.13532144
Visibilities bw8,,,,,31249371.981221344,8816021.482833097,38548103.9466874,11967385.0794379,30859748.327693105,529359.8354858264,30859748.327693105,69333002.40418884,69333002.40418884,93619476.938503,93619476.938503,69333002.40418884,78191847.08971845,78191847.08971845,80245388.37995842,156858909.71320844,,,77895540.77788395,156858909.71320844
Visibilities bw9,,,,,33405173.09449702,9424212.699547794,41207423.8572614,10466996.535657326,32988670.420045804,462992.3351983027,32988670.420045804,74116080.63574529,74116080.63574529,100078010.9492145,100078010.9492145,74116080.63574529,83586071.97449215,83586071.97449215,85781281.3071843,137193016.9921677,,,83269173.56234764,137193016.9921677
Visibilities bw10,,,,,2829538.990607967,798264.9125930549,3490417.9111497677,750194.2925752862,2794259.704974406,33183.75105873271,2794259.704974406,6277900.165152533,6277900.165152533,8476969.817389192,8476969.817389192,6277900.165152533,7080042.764008617,7080042.764008617,7265984.954973794,9832946.631642792,,,7053191.478642721,9832946.631642792
Visibilities bw11,,,,,1399221.6616601222,394746.13006532413,1726029.7267004754,321511.8387886227,1381775.87154703,14221.6075573867,1381775.87154703,3104454.111509871,3104454.111509871,4191905.515178976,4191905.515178976,3104454.111509871,3501117.8028563815,3501117.8028563815,3593067.185082078,4214119.973370235,,,3487836.496287355,4214119.973370235
-- Geometry --,,,,,,,,,,,,,,,,,,,,,,,,
Delta W earth0 [lambda],0.12556762548976114,0.12556762548976114,0.12556762548976114,0.12556762548976114,1.4098307776762335,1.4098307776762335,2.179085545775391,2.203297607395118,2.3177546259610975,2.3206973331141834,17.82888173816229,1.961176991197852,1.961176991197852,2.058025237676758,2.058025237676758,1.961176991197852,13.982465585392093,13.982465585392093,17.04886816211769,17.04886816211769,0.13733959037942622,0.13733959037942622,0.8580149336490602,0.8580149336490602
Delta W earth1 [lambda],0.2636344856700899,0.2636344856700899,0.2636344856700899,0.2636344856700899,3.172119249771525,3.172119249771525,4.902942477994629,4.957419616639014,5.214947908412469,5.221568999506912,40.11498391086515,4.412648230195167,4.412648230195167,4.630556784772706,4.630556784772706,4.412648230195167,31.46054756713221,31.46054756713221,38.3599533647648,38.3599533647648,0.28835021870166083,0.28835021870166083,1.9305336007103855,1.9305336007103855
Delta W earth2 [lambda],0.5656557423145592,0.5656557423145592,0.5656557423145592,0.5656557423145592,5.639323110704934,5.639323110704934,8.716342183101563,8.813190429580471,9.27101850384439,9.282789332456733,71.31552695264917,7.844707964791408,7.844707964791408,8.232100950707032,8.232100950707032,7.844707964791408,55.92986234156837,55.92986234156837,68.19547264847075,68.19547264847075,0.618685968156549,0.618685968156549,3.432059734596241,3.432059734596241
Delta W earth3 [lambda],1.1924479087013926,1.1924479087013926,1.1924479087013926,1.1924479087013926,12.6884769990861,12.6884769990861,19.611769911978516,19.829678466556057,20.859791633649877,15.687913971851879,160.4599356434606,17.650592920780667,17.650592920780667,18.522227139090823,18.522227139090823,17.650592920780667,125.84219026852884,125.84219026852884,153.4398134590592,153.4398134590592,1.304239900142148,1.304239900142148,7.722134402841542,7.722134402841542
Delta W earth4 [lambda],2.554289211389181,2.554289211389181,2.554289211389181,2.554289211389181,35.245769441905836,35.245769441905836,54.47713864438477,55.08244018487794,57.94386564902744,58.017433327854576,445.72204345405726,49.0294247799463,49.0294247799463,51.45063094191895,51.45063094191895,49.0294247799463,349.5616396348023,349.5616396348023,426.22170405294224,426.22170405294224,2.7937538249569163,2.7937538249569163,21.450373341226506,21.450373341226506
Delta W earth5 [lambda],5.422471337476216,5.422471337476216,5.422471337476216,5.422471337476216,69.08170810613544,69.08170810613544,106.77519174299415,107.96158276236076,113.56997667209377,113.71416932259497,873.6152051699522,96.09767256869475,96.09767256869475,100.84323664616115,100.84323664616115,96.09767256869475,685.1408136842125,685.1408136842125,835.3945399437669,835.3945399437669,5.93082802536461,5.93082802536461,42.04273174880395,42.04273174880395
Delta W earth6 [lambda],11.552639929482813,11.552639929482813,11.552639929482813,11.552639929482813,170.58952409882426,90.22916977127895,263.6693510388223,266.59901049480925,280.4483097412928,280.80437730681615,2157.294690317637,237.3024159349401,237.3024159349401,249.02105375888772,249.02105375888772,237.3024159349401,1691.8783358324433,1691.8783358324433,2062.9130476162404,2062.9130476162404,12.635699922871826,12.635699922871826,103.81980697153628,103.81980697153628
Delta W earth7 [lambda],33.47075398311001,33.47075398311001,33.47075398311001,33.47075398311001,317.21192497715253,317.21192497715253,490.29424779946294,495.74196166390146,521.4947908412469,522.1568999506912,4011.4983910865153,441.2648230195167,441.2648230195167,463.0556784772706,463.0556784772706,441.2648230195167,3146.0547567132207,3146.0547567132207,3835.99533647648,3835.99533647648,36.608637169026565,36.608637169026565,193.05336007103855,193.05336007103855
Delta W earth8 [lambda],,,,,456.78517196709964,456.78517196709964,706.0237168312267,713.8684247960181,750.9524988113956,751.9059359289954,5776.557683164582,635.421345148104,635.421345148104,666.8001770072697,666.8001770072697,635.421345148104,4530.318849667038,4530.318849667038,5523.833284526131,5523.833284526131,,,277.99683850229553,277.99683850229553
Delta W earth9 [lambda],,,,,682.358096395297,682.358096395297,1054.6774041552892,1066.396041979237,1121.7932389651712,1123.2175092272646,8629.178761270548,949.2096637397603,949.2096637397603,996.0842150355509,996.0842150355509,949.2096637397603,6767.513343329773,6767.513343329773,8251.652190464962,8251.652190464962,,,415.2792278861451,415.2792278861451
Delta W earth10 [lambda],,,,,953.0456057091338,953.0456057091338,1473.0618289441643,1489.4291825990995,1566.8021271497018,1568.7913971851879,12052.324054997707,1325.7556460497478,1325.7556460497478,1391.2250606694886,1391.2250606694886,1325.7556460497478,9452.146735725055,9452.146735725055,11525.034877591559,11525.034877591559,,,580.0180951467647,580.0180951467647
Delta W earth11 [lambda],,,,,1268.8476999086101,1268.8476999086101,1961.1769911978517,1982.9678466556059,2085.9791633649875,2088.627599802765,16045.993564346061,1765.0592920780668,1765.0592920780668,1852.2227139090824,1852.2227139090824,1765.0592920780668,12584.219026852883,12584.219026852883,15343.98134590592,15343.98134590592,,,772.2134402841542,772.2134402841542
Delta W snapshot0 [lambda],0.8251586006148957,3.9833999631103953,0.8251586000793285,0.8251586000793285,30.614849111636538,266.49822675011353,53.470736024367,250.5686480025791,62.81653081801973,120.65297539041245,2117.9064906676613,39.371904328991256,39.371904328991256,39.114551239525454,39.114551239525454,39.98042068500015,838.6045960873354,838.6045960873354,1100.4590061181768,7917.664386993142,0.9025171657813804,3.436310148051438,12.870224463100659,61.08741224066562
Delta W snapshot1 [lambda],1.1956379723195427,5.771865252670165,1.1956379715435168,1.1956379715435168,45.92227366745481,399.7473401251703,80.2061040365505,375.8529720038687,94.2247962270296,180.97946308561868,3176.8597360014924,59.05785649348688,59.05785649348688,58.67182685928818,58.67182685928818,59.970631027500225,1257.906894131003,1257.906894131003,1650.6885091772651,11876.496580489713,1.3077289544995512,4.979143275748002,19.305336694650986,91.63111836099843
Delta W snapshot2 [lambda],1.7513570298765133,8.454563187009818,1.7513570287397993,1.7513570287397993,61.229698223273076,532.9964535002271,106.941472048734,501.1372960051582,125.63306163603946,241.3059507808249,4235.812981335323,78.74380865798251,78.74380865798251,78.22910247905091,78.22910247905091,79.9608413700003,1677.2091921746708,1677.2091921746708,2200.9180122363537,15835.328773986284,1.9155466375768073,7.2933929672928475,25.740448926201317,122.17482448133124
Delta W snapshot3 [lambda],2.5428356876091684,12.27537539652387,2.542835685958747,2.542835685958747,91.84454733490962,799.4946802503406,160.412208073101,751.7059440077373,188.4495924540592,313.69773601507234,6353.719472002985,118.11571298697376,118.11571298697376,117.34365371857636,117.34365371857636,119.94126205500045,2515.813788262006,2515.813788262006,3301.3770183545303,23752.993160979426,2.7812263680201723,10.589445558280962,38.61067338930197,183.26223672199686
Delta W snapshot4 [lambda],3.7216336884875907,17.965946772395863,3.721633686072073,3.721633686072073,153.0742455581827,1332.4911337505675,267.353680121835,1252.8432400128954,314.08265409009863,603.2648769520622,10589.532453338308,196.8595216449563,196.8595216449563,195.57275619762729,195.57275619762729,199.90210342500075,4193.022980436676,4193.022980436676,5502.295030590884,39588.32193496571,4.070536604850716,15.498460055497302,64.35112231550329,305.4370612033281
Delta W snapshot5 [lambda],5.422470804040743,26.17662832901117,5.422470800521301,5.422470800521301,214.30394378145576,1865.4875872507946,374.295152170569,1753.9805360180537,439.7157157261381,844.5708277328871,14825.34543467363,275.6033303029388,275.6033303029388,273.8018586766782,273.8018586766782,279.86294479500106,5870.232172611348,5870.232172611348,7703.213042827238,55423.650708951995,5.930827089420499,22.581466687195164,90.0915712417046,427.61188568465934
Delta W snapshot6 [lambda],7.91478657732655,38.208122095140524,7.9147865721894775,7.9147865721894775,336.76334022800194,2131.9858140009082,588.178096268037,2756.25512802837,690.9818389982171,1327.182729294537,23296.971397344278,433.0909476189038,433.0909476189038,430.26006363478,430.26006363478,439.7846275350016,9224.650556960689,9224.650556960689,12105.049067299946,87094.30825692456,8.656797304433649,32.96052590988114,141.57246909410725,671.9615346473219
Delta W snapshot7 [lambda],13.471977152896256,65.03510143853707,13.471977144152302,13.471977144152302,459.22273667454806,3997.473401251703,802.061040365505,3758.5297200386867,942.247962270296,1809.7946308561868,31768.597360014923,590.5785649348688,590.5785649348688,586.7182685928818,586.7182685928818,599.7063102750022,12579.06894131003,12579.06894131003,16506.885091772652,118764.96580489713,14.73497413520621,56.103022825329596,193.05336694650987,916.3111836099844
Delta W snapshot8 [lambda],,,,,551.0672840094577,4796.968081502044,962.4732484386061,4510.235664046424,1130.697554724355,2171.753557027424,38122.3168320179,708.6942779218426,708.6942779218426,704.0619223114583,704.0619223114583,719.6475723300027,15094.882729572037,15094.882729572037,19808.262110127183,142517.95896587655,,,231.66404033581185,1099.5734203319812
Delta W snapshot9 [lambda],,,,,673.5266804560039,5862.9609885024975,1176.356192536074,5512.51025605674,1381.9636779964342,2654.365458589074,46593.942794688555,866.1818952378076,866.1818952378076,860.52012726956,860.52012726956,879.5692550700032,18449.301113921378,18449.301113921378,24210.09813459989,174188.61651384912,,,283.1449381882145,1343.9230692946437
Delta W snapshot10 [lambda],,,,,795.9860769025499,6928.953895502952,1390.239136633542,6514.784848067056,1633.229801268513,3136.9773601507236,55065.5687573592,1023.6695125537726,1023.6695125537726,1016.9783322276619,1016.9783322276619,1039.490937810004,21803.71949827072,21803.71949827072,28611.934159072596,205859.2740618217,,,334.6258360406171,1588.2727182573062
Delta W snapshot11 [lambda],,,,,918.4454733490961,7994.946802503406,1604.12208073101,7517.059440077373,1884.495924540592,3619.5892617123736,63537.194720029845,1181.1571298697377,1181.1571298697377,1173.4365371857637,1173.4365371857637,1199.4126205500045,25158.13788262006,25158.13788262006,33013.770183545304,237529.93160979426,,,386.10673389301974,1832.6223672199687
Delta W max0 [lambda],0.8251586006148957,3.9833999631103953,0.8251586000793285,0.8251586000793285,30.614849111636538,266.49822675011353,53.470736024367,250.5686480025791,62.81653081801973,120.65297539041245,2117.9064906676613,39.371904328991256,39.371904328991256,39.114551239525454,39.114551239525454,39.98042068500015,838.6045960873354,838.6045960873354,1100.4590061181768,7917.664386993142,0.9025171657813804,3.436310148051438,12.870224463100659,61.08741224066562
Delta W max1 [lambda],1.1956379723195427,5.771865252670165,1.1956379715435168,1.1956379715435168,45.92227366745481,399.7473401251703,80.2061040365505,375.8529720038687,94.2247962270296,180.97946308561868,3176.8597360014924,59.05785649348688,59.05785649348688,58.67182685928818,58.67182685928818,59.970631027500225,1257.906894131003,1257.906894131003,1650.6885091772651,11876.496580489713,1.3077289544995512,4.979143275748002,19.305336694650986,91.63111836099843
Delta W max2 [lambda],1.7513570298765133,8.454563187009818,1.7513570287397993,1.7513570287397993,61.229698223273076,532.9964535002271,106.941472048734,501.1372960051582,125.63306163603946,241.3059507808249,4235.812981335323,78.74380865798251,78.74380865798251,78.22910247905091,78.22910247905091,79.9608413700003,1677.2091921746708,1677.2091921746708,2200.9180122363537,15835.328773986284,1.9155466375768073,7.2933929672928475,25.740448926201317,122.17482448133124
Delta W max3 [lambda],2.5428356876091684,12.27537539652387,2.542835685958747,2.542835685958747,91.84454733490962,799.4946802503406,160.412208073101,751.7059440077373,188.4495924540592,313.69773601507234,6353.719472002985,118.11571298697376,118.11571298697376,117.34365371857636,117.34365371857636,119.94126205500045,2515.813788262006,2515.813788262006,3301.3770183545303,23752.993160979426,2.7812263680201723,10.589445558280962,38.61067338930197,183.26223672199686
Delta W max4 [lambda],3.7216336884875907,17.965946772395863,3.721633686072073,3.721633686072073,153.0742455581827,1332.4911337505675,267.353680121835,1252.8432400128954,314.08265409009863,603.2648769520622,10589.532453338308,196.8595216449563,196.8595216449563,195.57275619762729,195.57275619762729,199.90210342500075,4193.022980436676,4193.022980436676,5502.295030590884,39588.32193496571,4.070536604850716,15.498460055497302,64.35112231550329,305.4370612033281
Delta W max5 [lambda],5.422471337476216,26.17662832901117,5.422471337476216,5.422471337476216,214.30394378145576,1865.4875872507946,374.295152170569,1753.9805360180537,439.7157157261381,844.5708277328871,14825.34543467363,275.6033303029388,275.6033303029388,273.8018586766782,273.8018586766782,279.86294479500106,5870.232172611348,5870.232172611348,7703.213042827238,55423.650708951995,5.93082802536461,22.581466687195164,90.0915712417046,427.61188568465934
Delta W max6 [lambda],11.552639929482813,38.208122095140524,11.552639929482813,11.552639929482813,336.76334022800194,2131.9858140009082,588.178096268037,2756.25512802837,690.9818389982171,1327.182729294537,23296.971397344278,433.0909476189038,433.0909476189038,430.26006363478,430.26006363478,439.7846275350016,9224.650556960689,9224.650556960689,12105.049067299946,87094.30825692456,12.635699922871826,32.96052590988114,141.57246909410725,671.9615346473219
Delta W max7 [lambda],33.47075398311001,65.03510143853707,33.47075398311001,33.47075398311001,459.22273667454806,3997.473401251703,802.061040365505,3758.5297200386867,942.247962270296,1809.7946308561868,31768.597360014923,590.5785649348688,590.5785649348688,586.7182685928818,586.7182685928818,599.7063102750022,12579.06894131003,12579.06894131003,16506.885091772652,118764.96580489713,36.608637169026565,56.103022825329596,193.05336694650987,916.3111836099844
Delta W max8 [lambda],,,,,551.0672840094577,4796.968081502044,962.4732484386061,4510.235664046424,1130.697554724355,2171.753557027424,38122.3168320179,708.6942779218426,708.6942779218426,704.0619223114583,704.0619223114583,719.6475723300027,15094.882729572037,15094.882729572037,19808.262110127183,142517.95896587655,,,277.99683850229553,1099.5734203319812
Delta W max9 [lambda],,,,,682.358096395297,5862.9609885024975,1176.356192536074,5512.51025605674,1381.9636779964342,2654.365458589074,46593.942794688555,949.2096637397603,949.2096637397603,996.0842150355509,996.0842150355509,949.2096637397603,18449.301113921378,18449.301113921378,24210.09813459989,174188.61651384912,,,415.2792278861451,1343.9230692946437
Delta W max10 [lambda],,,,,953.0456057091338,6928.953895502952,1473.0618289441643,6514.784848067056,1633.229801268513,3136.9773601507236,55065.5687573592,1325.7556460497478,1325.7556460497478,1391.2250606694886,1391.2250606694886,1325.7556460497478,21803.71949827072,21803.71949827072,28611.934159072596,205859.2740618217,,,580.0180951467647,1588.2727182573062
Delta W max11 [lambda],,,,,1268.8476999086101,7994.946802503406,1961.1769911978517,7517.059440077373,2085.9791633649875,3619.5892617123736,63537.194720029845,1765.0592920780668,1765.0592920780668,1852.2227139090824,1852.2227139090824,1765.0592920780668,25158.13788262006,25158.13788262006,33013.770183545304,237529.93160979426,,,772.2134402841542,1832.6223672199687
-- Kernel Sizes --,,,,,,,,,,,,,,,,,,,,,,,,
W kernel support pred0 [uv-pixels],2.7500419805617637,3.7117935206025523,2.750041979219672,2.750041979219672,4.5530000226358265,9.587028808755266,3.7032921363111835,4.29788459479061,3.694594835342777,2.1814270414243286,2.4202576861665666,3.3944155466488324,3.3944155466488324,3.292866334267611,3.292866334267611,3.433803116514319,1.7962213995733463,1.7962213995733463,1.6419675257423554,2.990894016940514,2.5722656432011366,2.9041439985821498,5.360422176662759,7.146698317144289
W kernel support pred1 [uv-pixels],3.6347446263214005,4.906730127719745,3.6347446245466406,3.6347446245466406,6.17853330257791,13.019588843473112,5.02469610324397,5.832076261751783,5.012887355251047,2.95889124008857,3.2830131746134334,4.605338794100219,4.605338794100219,4.467475745240256,4.467475745240256,4.658812486922983,2.436181484799523,2.436181484799523,2.2268866801757983,4.057545169749154,3.3996626794965956,3.838531347174922,7.275208179200205,9.702229081860104
W kernel support pred2 [uv-pixels],4.844223859725269,6.540843986137313,4.844223857358449,4.844223857358449,7.674079035084681,16.181209128176793,6.240154444406409,7.243490149427922,6.225480762478215,3.673688662529468,4.076289885736295,5.719076622847153,5.719076622847153,5.547782343916405,5.547782343916405,5.785518709682898,3.0244790328429882,3.0244790328429882,2.764556160083994,5.038472938167797,4.530729037575833,5.116001953585821,9.037234459137924,12.054854441690146
W kernel support pred3 [uv-pixels],6.414683085251318,8.663472678040767,6.414683082114856,6.414683082114856,10.418987655863246,21.99199764914823,8.470367065244975,9.833771285212729,8.450429937041408,4.475496918592305,5.5311624713502985,7.76242457163725,7.76242457163725,7.529723021097611,7.529723021097611,7.852688284447377,4.103135187633894,4.103135187633894,3.750315862882367,6.837893972335009,5.999262958112478,6.774849997159633,12.272045397755454,16.376102915000924
W kernel support pred4 [uv-pixels],8.547587498617533,11.547603301457835,8.547587494434369,8.547587494434369,15.323782052901924,32.397957998437626,12.453671128989251,14.461656840107777,12.424314065605989,7.323549346807521,8.127679457740095,11.411344288493689,11.411344288493689,11.068778417287508,11.068778417287508,11.54423028003021,6.027401825450316,6.027401825450316,5.508662276718846,10.050463957879296,7.99356002727578,9.027969787899107,18.054541968831504,24.10695689581757
W kernel support pred5 [uv-pixels],11.35438803385117,15.345037758862468,11.35438803385117,11.35438803385117,19.764936005463856,41.84263320958752,16.05867867676367,18.651479256256597,16.020777548513664,9.4383414044872,10.475657604904796,14.713103159281856,14.713103159281856,14.270923083888848,14.270923083888848,14.884637586301615,7.766674456335537,7.766674456335537,7.097770873252121,12.956644533730852,10.617678379799617,11.99323722279155,23.2926972461609,31.116190213754756
W kernel support pred6 [uv-pixels],20.11178465076857,20.42727990936289,20.11178465076857,20.11178465076857,27.837888893337766,46.32131108960572,22.60794403348021,26.266291117468285,22.554480615176626,13.275776321476487,14.73708661562584,20.710121548676497,20.710121548676497,20.086577041503762,20.086577041503762,20.95202778342387,10.921616235165777,10.921616235165777,9.979904180599526,18.23357604973372,18.803327559523158,15.959630408291389,32.819255627726065,43.876875026729365
W kernel support pred7 [uv-pixels],45.09913102949984,30.57161297725839,45.09913102949984,45.09913102949984,35.23000207024845,74.87068544768115,28.60105524499675,33.23760660295808,28.533310398525867,16.782745581294478,18.632412346391725,26.196534211042316,26.196534211042316,25.406627490376028,25.406627490376028,26.502997062380967,13.803761527096274,13.803761527096274,12.61240338224035,23.059597511855856,42.14781065759961,23.870301771008524,41.54728091247847,55.581138063804346
W kernel support pred8 [uv-pixels],,,,,40.46940108922049,86.10330878201384,32.8468591703503,38.17807102420226,32.7689752691983,19.26482603412815,21.389816925581226,30.082659107363313,30.082659107363313,29.174683312049176,29.174683312049176,30.434941568988574,15.843034979956258,15.843034979956258,14.474813234983058,26.47710430676984,,,54.85736448709425,63.887289545175626
W kernel support pred9 [uv-pixels],,,,,47.62113658003813,100.45539254013934,38.258901087912406,44.4774319801883,38.1680691913594,22.425973531993453,24.90213207287422,37.560173022137654,37.560173022137654,37.97314637800734,37.97314637800734,37.560173022137654,18.43957428382592,18.43957428382592,16.84590494588413,30.831681984991064,,,74.55807688794057,74.49093788691259
W kernel support pred10 [uv-pixels],,,,,61.450783393054884,114.24252063830033,45.40266940537495,50.515869476909025,43.34193616758175,25.452578068752533,28.26547246301622,48.43877950368992,48.43877950368992,48.97263614827645,48.97263614827645,48.43877950368992,20.924951139426447,20.924951139426447,19.115234609534497,35.00298935994019,,,96.34428368811811,84.66808405547607
W kernel support pred11 [uv-pixels],,,,,76.49524519299813,127.57468742934338,56.47630874376378,56.34373788586073,52.226438749896786,28.370477534228872,31.508465503513357,60.26183770051392,60.26183770051392,60.927559713573345,60.927559713573345,60.26183770051392,23.320490446552252,23.320490446552252,21.30231490247541,39.02629384928673,,,120.09487987399693,94.50146109171018
AW kernel support pred0 [uv-pixels],10.371245387842873,10.666649480487633,10.371245387487004,10.371245387487004,10.987711736577449,13.853198958359885,10.663694136970745,10.884475733361642,10.660676854559542,10.235166043453193,10.288714558556299,10.560400413967802,10.560400413967802,10.528198739354847,10.528198739354847,10.573126493283972,10.160039926904089,10.160039926904089,10.133906322617772,10.43769356805279,10.325529068245993,10.413167259028384,11.346106200457402,12.2912691304142
AW kernel support pred1 [uv-pixels],10.640083105811359,11.138940728196404,10.640083105205086,10.640083105205086,11.754755368405771,16.416750398696127,11.191406119427313,11.576403306851773,11.186109226913343,10.428568327947652,10.525121163420655,11.009502505038293,11.009502505038293,10.952549453634527,10.952549453634527,11.031977782261416,10.292472017298858,10.292472017298858,10.244951160759351,10.791833616422869,10.562088161645024,10.711410873607852,12.366432551496068,13.93317082206674
AW kernel support pred2 [uv-pixels],11.111548263096894,11.949169010897313,11.111548262065046,11.111548262065046,12.605216738982564,19.021869751677723,11.787261237880708,12.347799380653191,11.77949959565288,10.653449600443865,10.798895278340096,11.519888776285853,11.519888776285853,11.435816059008234,11.435816059008234,11.553018079276551,10.447366817533826,10.447366817533826,10.375103409713965,11.19759838307524,10.978501974856718,11.232696737163963,13.478561001435944,15.662679068739697
AW kernel support pred3 [uv-pixels],11.880579071922774,13.230863873653862,11.880579070229302,11.880579070229302,14.441443964265854,24.15880710217583,13.10523247485472,14.025086726643597,13.092355254912908,10.955823687351364,11.42776261061079,12.659195678650272,12.659195678650272,12.517856396941426,12.517856396941426,12.714743933430082,10.809057237705767,10.809057237705767,10.680115592604189,12.114321853776852,11.661524601894063,12.07884897181904,15.83044845367846,19.187932319108846
AW kernel support pred4 [uv-pixels],13.15527468533146,15.275704304805062,13.155274682613465,13.155274682613465,18.298040780499946,33.906159948725076,15.97166004487387,17.58236385020615,15.948779890662948,12.394933442141788,12.88639489414205,15.17296208624201,15.17296208624201,14.91703240095059,14.91703240095059,15.273154643306874,11.67602555518965,11.67602555518965,11.416889247029825,14.177863935326464,12.802226443461356,13.472350889552242,20.638955538115248,26.098761862908486
AW kernel support pred5 [uv-pixels],15.130172755896167,18.315845157155998,15.130172755896167,15.130172755896167,22.150681598995583,43.020994338951255,18.917747245471492,21.1631207161555,18.885584800555144,13.750719561814117,14.482382478556477,17.78975560753069,17.78975560753069,17.42582123362545,17.42582123362545,17.931883227244782,12.661802087803098,12.661802087803098,12.262885116039627,16.36687623138446,14.585441171828306,15.615304642630344,25.348564949545203,32.683593642966606
AW kernel support pred6 [uv-pixels],22.460718640303792,22.743653279441734,22.460718640303792,22.460718640303792,29.579520923061246,47.38843594232701,24.720823882325877,28.105480765637036,24.671939441810775,16.620656934606277,17.809596343445246,22.99802457953627,22.99802457953627,22.438150040595282,22.438150040595282,23.216103640304624,14.80816332933415,14.80816332933415,14.127932879722636,20.795751863335532,21.29706851448629,18.833741072056267,34.30894256543079,45.0020017567133
AW kernel support pred7 [uv-pixels],46.19449772013973,32.165564195755586,46.19449772013973,46.19449772013973,36.621756455278195,75.53555149335718,30.298850821893495,34.70934301730591,30.234910323971928,19.536134449948367,21.146318588491255,28.040299653718225,28.040299653718225,27.30378582604857,27.30378582604857,28.326822153015573,17.045346353094242,17.045346353094242,16.09573605264288,25.134538734752798,43.3178709452446,25.880326633159264,42.73378699835058,56.47355937487632
AW kernel support pred8 [uv-pixels],,,,,41.686597660641496,86.6820614845472,34.3353485107815,39.46599938084721,34.26084850369777,21.70561038361331,23.611951806444996,31.701204692721515,31.701204692721515,30.840916756127093,30.840916756127093,32.03569366047423,18.735040896035365,18.735040896035365,17.593186697913502,28.302597980955213,,,55.76137048593685,64.66518201806214
AW kernel support pred9 [uv-pixels],,,,,48.65976417097235,100.95189889444123,39.54419695043339,45.5877390923511,39.4563240279223,24.55451666919288,26.834980562222714,38.868581109334535,38.868581109334535,39.267796549406384,39.267796549406384,38.868581109334535,20.97660362805986,20.97660362805986,19.590418919608723,32.41284643507297,,,75.22570590714359,75.15916329544835
AW kernel support pred10 [uv-pixels],,,,,62.259126074979164,114.67935089540957,46.49088501129841,51.496146156854394,44.480596115100916,27.346548783090388,29.982276990874595,49.46024019156287,49.46024019156287,49.98318808671045,49.98318808671045,49.46024019156287,23.19167049152312,23.19167049152312,21.572950520908016,36.403423796836556,,,96.86186555800266,85.25658014267967
AW kernel support pred11 [uv-pixels],,,,,77.14611161385194,127.96601452219515,57.354803193114776,57.224267570241366,53.17519068604005,30.081289791499717,33.0572745153936,61.085915586517004,61.085915586517004,61.742752875548454,61.742752875548454,61.085915586517004,25.374106381658738,25.374106381658738,23.53271382999049,40.28711470943129,,,120.51049818148522,95.02908054100078
W kernel support bw0 [uv-pixels],2.7500419805617637,3.7117935206025523,2.750041979219672,2.750041979219672,4.5530000226358265,9.587028808755266,3.7032921363111835,4.29788459479061,3.694594835342778,2.181427041424329,2.4202576861665666,3.3944155466488337,3.3944155466488337,3.292866334267611,3.292866334267611,3.4338031165143192,1.7962213995733463,1.7962213995733463,1.6419675257423554,2.990894016940514,2.5722656432011366,2.9041439985821498,1.3512582516092109,7.14669831714429
W kernel support bw1 [uv-pixels],3.6347446263214005,4.906730127719745,3.6347446245466406,3.6347446245466406,6.17853330257791,13.019588843473112,5.02469610324397,5.832076261751783,5.012887355251048,2.9588912400885703,3.2830131746134334,4.60533879410022,4.60533879410022,4.467475745240256,4.467475745240256,4.658812486922984,2.436181484799523,2.436181484799523,2.2268866801757983,4.057545169749154,3.3996626794965956,3.838531347174922,1.8324825152311872,9.702229081860105
W kernel support bw2 [uv-pixels],4.844223859725269,6.540843986137313,4.844223857358449,4.844223857358449,7.674079035084681,16.181209128176793,6.240154444406409,7.243490149427922,6.225480762478217,3.6736886625294685,4.076289885736295,5.719076622847155,5.719076622847155,5.547782343916405,5.547782343916405,5.785518709682899,3.0244790328429887,3.0244790328429887,2.764556160083994,5.038472938167797,4.530729037575833,5.116001953585821,2.2747839553515004,12.054854441690148
W kernel support bw3 [uv-pixels],6.414683085251318,8.663472678040767,6.414683082114856,6.414683082114856,10.418987655863246,21.99199764914823,8.470367065244975,9.833771285212729,8.45042993704141,4.475496918592306,5.5311624713502985,7.7624245716372515,7.7624245716372515,7.529723021097611,7.529723021097611,7.85268828444738,4.103135187633894,4.103135187633894,3.7503158628823674,6.837893972335009,5.999262958112478,6.774849997159633,3.085584470596293,16.376102915000928
W kernel support bw4 [uv-pixels],8.547587498617533,11.547603301457835,8.547587494434369,8.547587494434369,15.323782052901924,32.397957998437626,12.453671128989251,14.461656840107777,12.42431406560599,7.323549346807523,8.127679457740095,11.411344288493689,11.411344288493689,11.068778417287508,11.068778417287508,11.544230280030211,6.027401825450316,6.027401825450316,5.508662276718846,10.050463957879296,7.99356002727578,9.027969787899107,4.531525702159478,24.106956895817575
W kernel support bw5 [uv-pixels],11.35438803385117,15.345037758862468,11.35438803385117,11.35438803385117,19.764936005463856,41.84263320958752,16.05867867676367,18.651479256256597,16.020777548513667,9.438341404487202,10.475657604904796,14.713103159281859,14.713103159281859,14.270923083888848,14.270923083888848,14.88463758630162,7.766674456335537,7.766674456335537,7.097770873252123,12.956644533730852,10.617678379799617,11.99323722279155,5.837979880440443,31.11619021375476
W kernel support bw6 [uv-pixels],20.11178465076857,20.42727990936289,20.11178465076857,20.11178465076857,27.837888893337766,46.32131108960572,22.60794403348021,26.266291117468285,22.55448061517663,13.275776321476489,14.73708661562584,20.710121548676504,20.710121548676504,20.086577041503762,20.086577041503762,20.952027783423873,10.921616235165777,10.921616235165777,9.979904180599526,18.23357604973372,18.803327559523158,15.959630408291389,8.20678486752986,43.876875026729365
W kernel support bw7 [uv-pixels],45.09913102949984,30.57161297725839,45.09913102949984,45.09913102949984,35.23000207024845,74.87068544768115,28.60105524499675,33.23760660295808,28.533310398525874,16.78274558129448,18.632412346391725,26.196534211042323,26.196534211042323,25.406627490376028,25.406627490376028,26.50299706238097,13.803761527096274,13.803761527096274,12.61240338224035,23.059597511855856,42.14781065759961,23.870301771008524,10.369721800338583,55.58113806380435
W kernel support bw8 [uv-pixels],,,,,40.46940108922049,86.10330878201384,32.8468591703503,38.17807102420226,32.7689752691983,19.264826034128152,21.389816925581226,30.082659107363316,30.082659107363316,29.174683312049176,29.174683312049176,30.434941568988584,15.84303497995626,15.84303497995626,14.474813234983058,26.47710430676984,,,13.65621175621596,63.88728954517563
W kernel support bw9 [uv-pixels],,,,,47.62113658003813,100.45539254013934,38.258901087912406,44.4774319801883,38.168069191359415,22.425973531993456,24.90213207287422,37.56017302213766,37.56017302213766,37.97314637800734,37.97314637800734,37.56017302213766,18.43957428382592,18.43957428382592,16.84590494588413,30.831681984991064,,,18.497203743621153,74.4909378869126
W kernel support bw10 [uv-pixels],,,,,61.450783393054884,114.24252063830033,45.40266940537495,50.515869476909025,43.34193616758176,25.45257806875254,28.26547246301622,48.438779503689936,48.438779503689936,48.97263614827645,48.97263614827645,48.438779503689936,20.92495113942645,20.92495113942645,19.1152346095345,35.00298935994019,,,23.82196580818813,84.66808405547609
W kernel support bw11 [uv-pixels],,,,,76.49524519299813,127.57468742934338,56.47630874376378,56.34373788586073,52.22643874989679,28.370477534228876,31.50846550351336,60.26183770051394,60.26183770051394,60.927559713573345,60.927559713573345,60.26183770051394,23.320490446552252,23.320490446552252,21.30231490247541,39.02629384928673,,,29.596473259040902,94.5014610917102
AW kernel support bw0 [uv-pixels],10.371245387842873,10.666649480487633,10.371245387487004,10.371245387487004,10.987711736577449,13.853198958359885,10.663694136970745,10.884475733361642,10.660676854559542,10.235166043453193,10.288714558556299,10.560400413967802,10.560400413967802,10.528198739354847,10.528198739354847,10.573126493283974,10.160039926904089,10.160039926904089,10.133906322617772,10.43769356805279,10.325529068245993,10.413167259028384,10.090881966535035,12.2912691304142
AW kernel support bw1 [uv-pixels],10.640083105811359,11.138940728196404,10.640083105205086,10.640083105205086,11.754755368405771,16.416750398696127,11.191406119427313,11.576403306851773,11.186109226913343,10.428568327947652,10.525121163420655,11.009502505038293,11.009502505038293,10.952549453634527,10.952549453634527,11.031977782261416,10.292472017298858,10.292472017298858,10.244951160759353,10.791833616422869,10.562088161645024,10.711410873607852,10.166513274895578,13.93317082206674
AW kernel support bw2 [uv-pixels],11.111548263096894,11.949169010897313,11.111548262065046,11.111548262065046,12.605216738982564,19.021869751677723,11.787261237880708,12.347799380653191,11.77949959565288,10.653449600443865,10.798895278340096,11.519888776285855,11.519888776285855,11.435816059008234,11.435816059008234,11.553018079276553,10.447366817533826,10.447366817533826,10.375103409713967,11.19759838307524,10.978501974856718,11.232696737163963,10.255468884625637,15.662679068739697
AW kernel support bw3 [uv-pixels],11.880579071922774,13.230863873653862,11.880579070229302,11.880579070229302,14.441443964265854,24.15880710217583,13.10523247485472,14.025086726643597,13.09235525491291,10.955823687351364,11.42776261061079,12.659195678650274,12.659195678650274,12.517856396941426,12.517856396941426,12.714743933430086,10.809057237705767,10.809057237705767,10.680115592604189,12.114321853776852,11.661524601894063,12.07884897181904,10.465220089667728,19.187932319108846
AW kernel support bw4 [uv-pixels],13.15527468533146,15.275704304805062,13.155274682613465,13.155274682613465,18.298040780499946,33.906159948725076,15.971660044873872,17.58236385020615,15.948779890662948,12.394933442141788,12.886394894142052,15.172962086242013,15.172962086242013,14.91703240095059,14.91703240095059,15.273154643306876,11.676025555189652,11.676025555189652,11.416889247029827,14.177863935326464,12.802226443461356,13.472350889552242,10.978830775147777,26.098761862908486
AW kernel support bw5 [uv-pixels],15.130172755896167,18.315845157155998,15.130172755896167,15.130172755896167,22.150681598995583,43.020994338951255,18.91774724547149,21.1631207161555,18.885584800555147,13.750719561814117,14.48238247855648,17.789755607530694,17.789755607530694,17.42582123362545,17.42582123362545,17.931883227244786,12.6618020878031,12.6618020878031,12.262885116039627,16.36687623138446,14.585441171828306,15.615304642630344,11.579378613916527,32.68359364296661
AW kernel support bw6 [uv-pixels],22.460718640303792,22.743653279441737,22.460718640303792,22.460718640303792,29.579520923061246,47.38843594232701,24.720823882325877,28.105480765637036,24.671939441810782,16.620656934606277,17.809596343445246,22.998024579536278,22.998024579536278,22.438150040595282,22.438150040595282,23.21610364030463,14.808163329334151,14.808163329334151,14.127932879722636,20.795751863335532,21.29706851448629,18.833741072056267,12.936433738164359,45.002001756713305
AW kernel support bw7 [uv-pixels],46.19449772013973,32.165564195755586,46.19449772013973,46.19449772013973,36.621756455278195,75.53555149335718,30.2988508218935,34.70934301730591,30.23491032397193,19.536134449948367,21.14631858849126,28.040299653718236,28.040299653718236,27.303785826048575,27.303785826048575,28.32682215301558,17.045346353094246,17.045346353094246,16.09573605264288,25.134538734752798,43.31787094524461,25.880326633159264,14.405940795950027,56.47355937487632
AW kernel support bw8 [uv-pixels],,,,,41.686597660641496,86.6820614845472,34.3353485107815,39.46599938084721,34.26084850369778,21.70561038361331,23.611951806445,31.701204692721525,31.701204692721525,30.840916756127093,30.840916756127093,32.03569366047424,18.735040896035365,18.735040896035365,17.593186697913506,28.302597980955213,,,16.92607809064495,64.66518201806214
AW kernel support bw9 [uv-pixels],,,,,48.65976417097235,100.95189889444123,39.54419695043339,45.5877390923511,39.45632402792231,24.55451666919288,26.834980562222714,38.86858110933454,38.86858110933454,39.267796549406384,39.267796549406384,38.86858110933454,20.976603628059866,20.976603628059866,19.590418919608727,32.41284643507297,,,21.027281001903987,75.15916329544837
AW kernel support bw10 [uv-pixels],,,,,62.259126074979164,114.67935089540957,46.49088501129842,51.496146156854394,44.48059611510093,27.34654878309039,29.9822769908746,49.46024019156288,49.46024019156288,49.983188086710456,49.983188086710456,49.46024019156288,23.191670491523123,23.191670491523123,21.57295052090802,36.403423796836556,,,25.835751488324938,85.25658014267967
AW kernel support bw11 [uv-pixels],,,,,77.14611161385194,127.96601452219515,57.354803193114776,57.224267570241366,53.17519068604006,30.081289791499717,33.0572745153936,61.08591558651702,61.08591558651702,61.742752875548454,61.742752875548454,61.08591558651702,25.374106381658745,25.374106381658745,23.5327138299905,40.28711470943129,,,31.240218139013106,95.02908054100078
-- I/O --,,,,,,,,,,,,,,,,,,,,,,,,
Visibility Buffer [PetaBytes],11.79660516904192,12.738016150411003,11.79660516904192,11.79660516904192,5.18522443962308,0.32406752516500914,6.39630715249548,1.1914559999999998,3.7550875781415987,0.027428195196651312,5.120573970193088,0.23584145480395563,0.23584145480395563,15.534329921756584,15.534329921756584,11.504461209949055,12.974414343922646,12.974414343922646,13.315159628954358,15.616652083199998,8.28232973512208,16.46046216192,15.616652083199998,15.616652083199998
Working (cache) memory [TeraBytes],19.69914132073054,9.004939582540507,19.699141320428225,19.699141320428225,83.11012774201242,5.405053113631766,44.77255303283806,10.59584314628728,31.371086146274042,0.0017972263153695715,7.986224418448584,88.00468028701394,88.00468028701394,120.880876407319,120.880876407319,88.42273827696702,8.213449399934749,8.213449399934749,6.426588406037353,46.23804988771247,11.290841071062761,5.543990540416239,895.1388338483265,653.0350366868347
I/O Rate [TeraBytes/s],3.0037652050801182,0.7371537124080442,3.0037652050801182,3.0037652050801182,1.3203117786077285,0.018753907706308397,1.6286893212372748,0.06894999999999998,1.303849853521388,0.002164472474483216,1.303849853521388,2.9293766969777684,2.9293766969777684,3.9555006745213523,3.9555006745213523,2.9293766969777684,3.3036703190543775,3.3036703190543775,3.3904341647800442,0.9037414399999999,2.1089265529246033,0.9525730417777777,35.788161024,0.9037414399999999
-- Compute --,,,,,,,,,,,,,,,,,,,,,,,,
Total Compute Requirement [PetaFLOPS],4.1092121456014805,1.3693228125109849,4.224903969943485,4.224903969943485,3.8138990077153414,0.14553636169388254,3.5134868252812734,0.23905301231391785,2.8973675742699028,0.008895152994343953,1.5826216841450185,4.831230210312611,4.831230210312611,6.162282457701692,6.162282457701692,4.91171296106255,2.4565822870078593,2.4565822870078593,2.294327615977175,1.2617428079457818,2.3796714443679416,1.1508041220494534,12.866109197572534,6.622388761516134
-> Gridding [PetaFLOPS],1.882307244746144,0.3334196684786057,1.883586694690884,1.883586694690884,1.7437726194526872,0.02460660166412326,1.5885895492687687,0.08133713941292005,1.2648328481987223,0.0008812250270375419,0.844543610673406,2.610617971029766,2.610617971029766,3.434998477655617,3.434998477655617,2.640431846789015,1.5756047997829952,1.5756047997829952,1.5327351382960002,0.6934101026469618,1.2454295213152218,0.5529697146419792,7.657346988728633,2.354995146268433
-> FFT [PetaFLOPS],0.3644546167476143,0.41248627504268726,0.4338745440287651,0.4338745440287651,1.162242385240176,0.04810646316719,1.114871548600401,0.07698686288460435,0.9271493243684713,0.0004324908630957327,0.40002348938554283,1.3189284003924895,1.3189284003924895,1.6492571006946661,1.6492571006946661,1.3497892812101897,0.5088218221820097,0.5088218221820097,0.4353636508808951,0.342736538417093,0.18598166216704656,0.2619324172314135,2.758873278654762,2.4475460339885737
-> Phase Rotation [PetaFLOPS],0.0,0.0,0.0,0.0,0.0,0.0,0.0,0.0,0.0,0.0,0.0,0.0,0.0,0.0,0.0,0.0,0.0,0.0,0.0,0.0,0.0,0.0,0.008217883133070794,0.0
-> Projection [PetaFLOPS],0.2249622354458961,0.28278040343496347,0.2699546827102888,0.2699546827102888,0.654697133177417,0.032454272516466355,0.6260235788490208,0.04641673580245396,0.5223583579765921,0.0003334496782142643,0.22643625481940738,0.7345716691771709,0.7345716691771709,0.914549364237819,0.914549364237819,0.7523268736434535,0.2833520756352244,0.2833520756352244,0.24190735524778012,0.20402436204551058,0.11264508197789971,0.1795277247092914,1.6347238247344822,1.4513510396190152
-> Convolution [PetaFLOPS],1.6374880486618255,0.3406364655547284,1.6374880485135466,1.6374880485135466,0.25318686984506084,0.04036902434610293,0.184002148563083,0.03431227421393944,0.1830270437261169,0.007247987425996413,0.11161832926666213,0.167112169713185,0.167112169713185,0.1634775151135905,0.1634775151135905,0.1691649594198922,0.08880358940763021,0.08880358940763021,0.08432147155249968,0.021571804836216416,0.8356151789077737,0.1563742654667694,0.8069472223215886,0.3684965416401123
