,01c [bldta] [otf],01s [bldta] [otf],02A [bldta] [otf],02B [bldta] [otf],13c [bldta] [otf],13s [Bmax=40000] [bldta] [otf],14c [bldta] [otf],14s [bldta] [otf],15c [bldta] [otf],15s [Bmax=13000] [bldta] [otf],22 [bldta] [otf],27 [bldta] [otf],33 [bldta] [otf],37a [bldta] [otf],37b [bldta] [otf],37c [bldta] [otf],38a [bldta] [otf],38b [bldta] [otf],max_Band5_MID_continuum [bldta] [otf],max_Band5_MID_spectral [bldta] [otf],max_LOW_continuum [bldta] [otf],max_LOW_spectral [bldta] [otf],max_MID_continuum [bldta] [otf],max_MID_spectral [bldta] [otf]
-- Parameters --,,,,,,,,,,,,,,,,,,,,,,,,
Telescope,SKA1_Low_rebaselined,SKA1_Low_rebaselined,SKA1_Low_rebaselined,SKA1_Low_rebaselined,SKA1_Mid_rebaselined,SKA1_Mid_rebaselined,SKA1_Mid_rebaselined,SKA1_Mid_rebaselined,SKA1_Mid_rebaselined,SKA1_Mid_rebaselined,SKA1_Mid_rebaselined,SKA1_Mid_rebaselined,SKA1_Mid_rebaselined,SKA1_Mid_rebaselined,SKA1_Mid_rebaselined,SKA1_Mid_rebaselined,SKA1_Mid_rebaselined,SKA1_Mid_rebaselined,SKA1_Mid_rebaselined,SKA1_Mid_rebaselined,SKA1_Low_rebaselined,SKA1_Low_rebaselined,SKA1_Mid_rebaselined,SKA1_Mid_rebaselined
Band,HPSO 01c,HPSO 01s,HPSO 02A,HPSO 02B,HPSO 13c,HPSO 13s,HPSO 14c,HPSO 14s,HPSO 15c,HPSO 15s,HPSO 22,HPSO 27,HPSO 33,HPSO 37a,HPSO 37b,HPSO 37c,HPSO 38a,HPSO 38b,HPSO max_Band5_MID_continuum,HPSO max_Band5_MID_spectral,HPSO max_LOW_continuum,HPSO max_LOW_spectral,HPSO max_MID_continuum,HPSO max_MID_spectral
Mode,Continuum,Spectral,Continuum,Continuum,Continuum,Spectral,Continuum,Spectral,Continuum,Spectral,Continuum,Continuum,Continuum,Continuum,Continuum,Continuum,Continuum,Continuum,Continuum,Spectral,Continuum,Spectral,Continuum,Spectral
BL-dependent averaging,True,True,True,True,True,True,True,True,True,True,True,True,True,True,True,True,True,True,True,True,True,True,True,True
On-the-fly kernels,True,True,True,True,True,True,True,True,True,True,True,True,True,True,True,True,True,True,True,True,True,True,True,True
Max # of channels,65536,65536,65536,65536,41000,65536,65536,5000,65536,2500,65536,65536,65536,65536,65536,65536,65536,65536,65536,65536,65536,65536,65536,65536
Max Baseline [m],80000,80000,80000,80000,150000,40000,150000,150000,150000,13000,150000,150000,150000,150000,150000,150000,150000,150000,150000,150000,80000,80000,150000,150000
Observation Time [s],21600,21600,21600,21600,21600,21600,21600,21600,15840.000000000002,15840.000000000002,21600,442.8,442.8,21600,21600,21600,21600,21600,21600,21600,21600,21600,21600,21600
Snapshot Time [s],44.852741042210646,105.94258946083374,44.68101810066525,44.68101810066525,166.12111928598162,625.860874192244,218.88940966432745,382.1571632051623,226.63564456175428,310.52544015427355,813.5789103202139,203.46371827324677,203.46371827324677,211.4296896620735,211.4296896620735,203.50699948006041,695.8457619960155,695.8457619960155,787.7134917258142,1364.0804396283227,47.266536162351954,78.5379013277899,122.46824052553485,220.58170617494042
Facets,3.0,3.0,2.0,2.0,7.0,3.0,7.0,3.0,7.0,1.0,3.0,7.0,7.0,7.0,7.0,7.0,5.0,5.0,5.0,2.0,3.0,1.0,9.0,4.0
Stations/antennas,512,512,512,512,197,197,197,197,197,197,197,197,197,197,197,197,197,197,197,197,512,512,197,197
Max Baseline [per bin]0 [m],4900,4900,4900,4900,5000.0,5000.0,5000.0,5000.0,5000.0,5000.0,5000.0,5000.0,5000.0,5000.0,5000.0,5000.0,5000.0,5000.0,5000.0,5000.0,4900,4900,5000.0,5000.0
Max Baseline [per bin]1 [m],7100,7100,7100,7100,7500.0,7500.0,7500.0,7500.0,7500.0,7500.0,7500.0,7500.0,7500.0,7500.0,7500.0,7500.0,7500.0,7500.0,7500.0,7500.0,7100,7100,7500.0,7500.0
Max Baseline [per bin]2 [m],10400,10400,10400,10400,10000.0,10000.0,10000.0,10000.0,10000.0,10000.0,10000.0,10000.0,10000.0,10000.0,10000.0,10000.0,10000.0,10000.0,10000.0,10000.0,10400,10400,10000.0,10000.0
Max Baseline [per bin]3 [m],15100,15100,15100,15100,15000.0,15000.0,15000.0,15000.0,15000.0,13000.0,15000.0,15000.0,15000.0,15000.0,15000.0,15000.0,15000.0,15000.0,15000.0,15000.0,15100,15100,15000.0,15000.0
Max Baseline [per bin]4 [m],22100,22100,22100,22100,25000.0,25000.0,25000.0,25000.0,25000.0,,25000.0,25000.0,25000.0,25000.0,25000.0,25000.0,25000.0,25000.0,25000.0,25000.0,22100,22100,25000.0,25000.0
Max Baseline [per bin]5 [m],32200,32200,32200,32200,35000.0,35000.0,35000.0,35000.0,35000.0,,35000.0,35000.0,35000.0,35000.0,35000.0,35000.0,35000.0,35000.0,35000.0,35000.0,32200,32200,35000.0,35000.0
Max Baseline [per bin]6 [m],47000,47000,47000,47000,55000.0,40000.0,55000.0,55000.0,55000.0,,55000.0,55000.0,55000.0,55000.0,55000.0,55000.0,55000.0,55000.0,55000.0,55000.0,47000,47000,55000.0,55000.0
Max Baseline [per bin]7 [m],80000,80000,80000,80000,75000.0,,75000.0,75000.0,75000.0,,75000.0,75000.0,75000.0,75000.0,75000.0,75000.0,75000.0,75000.0,75000.0,75000.0,80000,80000,75000.0,75000.0
Max Baseline [per bin]8 [m],,,,,90000.0,,90000.0,90000.0,90000.0,,90000.0,90000.0,90000.0,90000.0,90000.0,90000.0,90000.0,90000.0,90000.0,90000.0,,,90000.0,90000.0
Max Baseline [per bin]9 [m],,,,,110000.0,,110000.0,110000.0,110000.0,,110000.0,110000.0,110000.0,110000.0,110000.0,110000.0,110000.0,110000.0,110000.0,110000.0,,,110000.0,110000.0
Max Baseline [per bin]10 [m],,,,,130000.0,,130000.0,130000.0,130000.0,,130000.0,130000.0,130000.0,130000.0,130000.0,130000.0,130000.0,130000.0,130000.0,130000.0,,,130000.0,130000.0
Max Baseline [per bin]11 [m],,,,,150000.0,,150000.0,150000.0,150000.0,,150000.0,150000.0,150000.0,150000.0,150000.0,150000.0,150000.0,150000.0,150000.0,150000.0,,,150000.0,150000.0
Baseline fraction [per bin]0,0.524239919747576,0.524239919747576,0.524239919747576,0.524239919747576,0.6148904201149844,0.6148904201149844,0.6148904201149844,0.6148904201149844,0.6148904201149844,0.6148904201149844,0.6148904201149844,0.6148904201149844,0.6148904201149844,0.6148904201149844,0.6148904201149844,0.6148904201149844,0.6148904201149844,0.6148904201149844,0.6148904201149844,0.6148904201149844,0.524239919747576,0.524239919747576,0.6148904201149844,0.6148904201149844
Baseline fraction [per bin]1,0.079116159492088389,0.079116159492088389,0.079116159492088389,0.079116159492088389,0.050619138909465761,0.050619138909465761,0.050619138909465761,0.050619138909465761,0.050619138909465761,0.050619138909465761,0.050619138909465761,0.050619138909465761,0.050619138909465761,0.050619138909465761,0.050619138909465761,0.050619138909465761,0.050619138909465761,0.050619138909465761,0.050619138909465761,0.050619138909465761,0.079116159492088389,0.079116159492088389,0.050619138909465761,0.050619138909465761
Baseline fraction [per bin]2,0.059153457094084663,0.059153457094084663,0.059153457094084663,0.059153457094084663,0.028392311305309354,0.028392311305309354,0.028392311305309354,0.028392311305309354,0.028392311305309354,0.028392311305309354,0.028392311305309354,0.028392311305309354,0.028392311305309354,0.028392311305309354,0.028392311305309354,0.028392311305309354,0.028392311305309354,0.028392311305309354,0.028392311305309354,0.028392311305309354,0.059153457094084663,0.059153457094084663,0.028392311305309354,0.028392311305309354
Baseline fraction [per bin]3,0.091502783190849729,0.091502783190849729,0.091502783190849729,0.091502783190849729,0.050878192809514208,0.050878192809514208,0.050878192809514208,0.050878192809514208,0.050878192809514208,0.030526915685708523,0.050878192809514208,0.050878192809514208,0.050878192809514208,0.050878192809514208,0.050878192809514208,0.050878192809514208,0.050878192809514208,0.050878192809514208,0.050878192809514208,0.050878192809514208,0.091502783190849729,0.091502783190849729,0.050878192809514208,0.050878192809514208
Baseline fraction [per bin]4,0.073959481192604051,0.073959481192604051,0.073959481192604051,0.073959481192604051,0.071395264513350903,0.071395264513350903,0.071395264513350903,0.071395264513350903,0.071395264513350903,,0.071395264513350903,0.071395264513350903,0.071395264513350903,0.071395264513350903,0.071395264513350903,0.071395264513350903,0.071395264513350903,0.071395264513350903,0.071395264513350903,0.071395264513350903,0.073959481192604051,0.073959481192604051,0.071395264513350903,0.071395264513350903
Baseline fraction [per bin]5,0.10568718038943128,0.10568718038943128,0.10568718038943128,0.10568718038943128,0.03756282060702424,0.03756282060702424,0.03756282060702424,0.03756282060702424,0.03756282060702424,,0.03756282060702424,0.03756282060702424,0.03756282060702424,0.03756282060702424,0.03756282060702424,0.03756282060702424,0.03756282060702424,0.03756282060702424,0.03756282060702424,0.03756282060702424,0.10568718038943128,0.10568718038943128,0.03756282060702424,0.03756282060702424
Baseline fraction [per bin]6,0.060915910793908408,0.060915910793908408,0.060915910793908408,0.060915910793908408,0.057354541210725286,0.014338635302681322,0.057354541210725286,0.057354541210725286,0.057354541210725286,,0.057354541210725286,0.057354541210725286,0.057354541210725286,0.057354541210725286,0.057354541210725286,0.057354541210725286,0.057354541210725286,0.057354541210725286,0.057354541210725286,0.057354541210725286,0.060915910793908408,0.060915910793908408,0.057354541210725286,0.057354541210725286
Baseline fraction [per bin]7,0.0054251080994574897,0.0054251080994574897,0.0054251080994574897,0.0054251080994574897,0.054815812710250551,,0.054815812710250551,0.054815812710250551,0.054815812710250551,,0.054815812710250551,0.054815812710250551,0.054815812710250551,0.054815812710250551,0.054815812710250551,0.054815812710250551,0.054815812710250551,0.054815812710250551,0.054815812710250551,0.054815812710250551,0.0054251080994574897,0.0054251080994574897,0.054815812710250551,0.054815812710250551
Baseline fraction [per bin]8,,,,,0.017356613603245682,,0.017356613603245682,0.017356613603245682,0.017356613603245682,,0.017356613603245682,0.017356613603245682,0.017356613603245682,0.017356613603245682,0.017356613603245682,0.017356613603245682,0.017356613603245682,0.017356613603245682,0.017356613603245682,0.017356613603245682,,,0.017356613603245682,0.017356613603245682
Baseline fraction [per bin]9,,,,,0.015180560602838761,,0.015180560602838761,0.015180560602838761,0.015180560602838761,,0.015180560602838761,0.015180560602838761,0.015180560602838761,0.015180560602838761,0.015180560602838761,0.015180560602838761,0.015180560602838761,0.015180560602838761,0.015180560602838761,0.015180560602838761,,,0.015180560602838761,0.015180560602838761
Baseline fraction [per bin]10,,,,,0.0010880265302034607,,0.0010880265302034607,0.0010880265302034607,0.0010880265302034607,,0.0010880265302034607,0.0010880265302034607,0.0010880265302034607,0.0010880265302034607,0.0010880265302034607,0.0010880265302034607,0.0010880265302034607,0.0010880265302034607,0.0010880265302034607,0.0010880265302034607,,,0.0010880265302034607,0.0010880265302034607
Baseline fraction [per bin]11,,,,,0.00046629708308719751,,0.00046629708308719751,0.00046629708308719751,0.00046629708308719751,,0.00046629708308719751,0.00046629708308719751,0.00046629708308719751,0.00046629708308719751,0.00046629708308719751,0.00046629708308719751,0.00046629708308719751,0.00046629708308719751,0.00046629708308719751,0.00046629708308719751,,,0.00046629708308719751,0.00046629708308719751
-- Image --,,,,,,,,,,,,,,,,,,,,,,,,
Facet FoV size [deg],12.370939884765392,6.872744380425218,18.556409827148087,18.556409827148087,1.216917083595248,1.5774851083642105,0.8027132741902536,0.9552194948818562,0.739439905872622,2.192475334391248,0.22429677144802865,0.8828476058954237,0.8828476058954237,0.868043026276568,0.868043026276568,0.8828476058954237,0.17538710363181245,0.17538710363181245,0.14422512108330882,0.2003126681712622,11.314693058646656,15.714851470342577,1.6269737985071497,2.0337172481339376
PSF size [arcs],12.616855293763889,12.616855293763889,12.616855293763889,12.616855293763889,0.6536814113146615,2.4513052924299807,0.414812746432146,0.44199349217371975,0.398036867634397,5.007045878775813,0.05174479279247161,0.4656308809464686,0.4656308809464686,0.43004950575276385,0.43004950575276385,0.4656308809464686,0.06455411908949733,0.06455411908949733,0.052802819899117066,0.052802819899117066,11.531210745827075,11.531210745827075,1.026706652111203,1.026706652111203
Pixel size [arcs],2.523371058752778,2.523371058752778,2.523371058752778,2.523371058752778,0.1307362822629323,0.4902610584859961,0.0829625492864292,0.08839869843474395,0.07960737352687941,1.0014091757551624,0.01034895855849432,0.09312617618929371,0.09312617618929371,0.08600990115055276,0.08600990115055276,0.09312617618929371,0.012910823817899467,0.012910823817899467,0.010560563979823412,0.010560563979823412,2.3062421491654153,2.3062421491654153,0.20534133042224062,0.20534133042224062
Facet side length [pixels],17649.16159701373,9805.08977611874,26473.7423955206,26473.7423955206,33509.454491999204,11583.515133036763,34832.19611668338,38900.91418159513,33438.908272016044,7881.804356202797,78024.11930137078,34128.442842571196,34128.442842571196,36332.501872379624,36332.501872379624,34128.442842571196,48904.20487336877,48904.20487336877,49165.029149190734,68284.76270720933,17662.020020694017,24530.583362075024,28523.75438778862,35654.69298473578
Image side length [pixels],52947.4847910412,29415.269328356226,52947.4847910412,52947.4847910412,234566.1814439944,34750.545399110284,243825.37281678367,116702.74254478542,234072.35790411232,7881.804356202797,234072.35790411237,238899.09989799836,238899.09989799836,254327.5131066574,254327.5131066574,238899.09989799836,244521.02436684386,244521.02436684386,245825.14574595363,136569.52541441866,52986.060062082055,24530.583362075024,256713.7894900976,142618.77193894313
Epsilon (approx),0.6666666666666672,0.342997170285018,0.6666666666666672,0.6666666666666672,0.4441757193189375,0.24373333911071637,0.4441757193189375,0.24373333911071637,0.4441757193189375,0.24373333911071637,0.4441757193189375,0.4441757193189375,0.4441757193189375,0.4441757193189375,0.4441757193189375,0.4441757193189375,0.4441757193189375,0.4441757193189375,0.4441757193189375,0.24373333911071637,0.6666666666666672,0.342997170285018,0.4441757193189375,0.24373333911071637
Qbw,2.2049999999999983,4.285749642711291,2.2049999999999983,2.2049999999999983,3.309501028678418,6.031181476294671,3.309501028678418,6.031181476294671,3.309501028678418,6.031181476294671,3.309501028678418,3.309501028678418,3.309501028678418,3.309501028678418,3.309501028678418,3.309501028678418,3.309501028678418,3.309501028678418,3.309501028678418,6.031181476294671,2.2049999999999983,4.285749642711291,3.309501028678418,6.031181476294671
Max subband ratio,1.35,1.35,1.35,1.35,1.35,1.35,1.35,1.35,1.35,1.35,1.35,1.35,1.35,1.35,1.35,1.35,1.35,1.35,1.35,1.35,1.35,1.35,1.35,1.35
Number subbands,5.0,5.0,5.0,5.0,1.0,1.0,1.0,1.0,1.0,1.0,1.0,2.0,2.0,2.0,2.0,2.0,2.0,2.0,2.0,2.0,7.0,7.0,4.0,4.0
Station/antenna diameter,35,35,35,35,13.5,13.5,13.5,13.5,13.5,13.5,13.5,13.5,13.5,13.5,13.5,13.5,13.5,13.5,13.5,13.5,35,35,13.5,13.5
-- Channelization --,,,,,,,,,,,,,,,,,,,,,,,,
Ionospheric timescale [s],10.0,10.0,10.0,10.0,10.0,10.0,10.0,10.0,10.0,10.0,10.0,10.0,10.0,10.0,10.0,10.0,10.0,10.0,10.0,10.0,10.0,10.0,10.0,10.0
Coalesce time pred0 [s],1.2,1.2,1.2,1.2,1.2,1.2,1.2,1.2,1.2,1.2,1.2,1.2,1.2,1.2,1.2,1.2,1.2,1.2,1.2,1.2,1.2,1.2,1.2,1.2
Coalesce time pred1 [s],1.2,1.2,1.2,1.2,1.2,1.2,1.2,1.2,1.2,1.2,1.2,1.2,1.2,1.2,1.2,1.2,1.2,1.2,1.2,1.2,1.2,1.2,1.2,1.2
Coalesce time pred2 [s],1.2,1.2,1.2,1.2,1.2,1.2,1.2,1.2,1.2,1.2,1.2,1.2,1.2,1.2,1.2,1.2,1.2,1.2,1.2,1.2,1.2,1.2,1.2,1.2
Coalesce time pred3 [s],1.2,1.2,1.2,1.2,1.12,1.0500000000000003,0.9800000000000001,1.12,1.12,1.2,1.12,1.12,1.12,0.9800000000000001,0.9800000000000001,1.12,0.9800000000000001,0.9800000000000001,0.9800000000000001,0.9800000000000001,1.2,1.2,0.9800000000000001,0.9800000000000001
Coalesce time pred4 [s],1.2,1.2,1.2,1.2,0.56,0.5250000000000001,0.56,0.7000000000000001,0.56,1.2,0.56,0.56,0.56,0.56,0.56,0.56,0.56,0.56,0.56,0.56,1.2,1.2,0.56,0.56
Coalesce time pred5 [s],1.2,1.2,1.2,1.2,0.42000000000000004,0.5250000000000001,0.42000000000000004,0.42000000000000004,0.42000000000000004,1.2,0.42000000000000004,0.42000000000000004,0.42000000000000004,0.42000000000000004,0.42000000000000004,0.42000000000000004,0.42000000000000004,0.42000000000000004,0.42000000000000004,0.42000000000000004,1.2,1.2,0.42000000000000004,0.42000000000000004
Coalesce time pred6 [s],0.9,0.9,0.9,0.9,0.28,0.5250000000000001,0.28,0.28,0.28,1.2,0.28,0.28,0.28,0.28,0.28,0.28,0.28,0.28,0.28,0.28,0.9,0.9,0.28,0.28
Coalesce time pred7 [s],0.9,0.9,0.9,0.9,0.14,0.5250000000000001,0.14,0.14,0.14,1.2,0.14,0.14,0.14,0.14,0.14,0.14,0.14,0.14,0.14,0.14,0.9,0.9,0.14,0.14
Coalesce time pred8 [s],,,,,0.14,0.5250000000000001,0.14,0.14,0.14,1.2,0.14,0.14,0.14,0.14,0.14,0.14,0.14,0.14,0.14,0.14,,,0.14,0.14
Coalesce time pred9 [s],,,,,0.14,0.5250000000000001,0.14,0.14,0.14,1.2,0.14,0.14,0.14,0.14,0.14,0.14,0.14,0.14,0.14,0.14,,,0.14,0.14
Coalesce time pred10 [s],,,,,0.14,0.5250000000000001,0.14,0.14,0.14,1.2,0.14,0.14,0.14,0.14,0.14,0.14,0.14,0.14,0.14,0.14,,,0.14,0.14
Coalesce time pred11 [s],,,,,0.14,0.5250000000000001,0.14,0.14,0.14,1.2,0.14,0.14,0.14,0.14,0.14,0.14,0.14,0.14,0.14,0.14,,,0.14,0.14
Coalesce time bw0 [s],10.0,10.0,10.0,10.0,10.0,7.875000000000003,10.0,8.75,10.0,3.2307692307692313,8.4,10.0,10.0,10.0,10.0,10.0,10.0,10.0,10.0,5.366666666666667,10.0,10.0,10.0,10.0
Coalesce time bw1 [s],10.0,10.0,10.0,10.0,10.0,5.250000000000002,10.0,5.6000000000000005,10.0,1.6153846153846156,5.6000000000000005,10.0,10.0,10.0,10.0,10.0,8.75,8.75,8.75,3.5000000000000004,10.0,8.1,10.0,7.000000000000001
Coalesce time bw2 [s],10.0,10.0,9.0,9.0,9.8,3.9375000000000013,8.983333333333334,4.2,9.8,1.6153846153846156,4.2,9.8,9.8,8.983333333333334,8.983333333333334,9.8,6.416666666666667,6.416666666666667,6.416666666666667,2.566666666666667,10.0,5.4,10.0,5.133333333333334
Coalesce time bw3 [s],9.000000000000002,9.000000000000002,6.0,6.0,6.533333333333334,2.625000000000001,5.716666666666668,2.8000000000000003,6.533333333333334,1.6153846153846156,2.8000000000000003,6.533333333333334,6.533333333333334,5.716666666666668,5.716666666666668,6.533333333333334,4.083333333333334,4.083333333333334,4.083333333333334,1.6333333333333335,9.000000000000002,3.6,7.350000000000001,3.266666666666667
Coalesce time bw4 [s],6.750000000000002,4.500000000000001,4.5,4.5,3.266666666666667,1.3125000000000004,3.266666666666667,1.7500000000000002,3.266666666666667,1.6153846153846156,1.4000000000000001,3.266666666666667,3.266666666666667,3.266666666666667,3.266666666666667,3.266666666666667,2.3333333333333335,2.3333333333333335,2.3333333333333335,0.9333333333333335,6.750000000000002,1.8,4.200000000000001,1.866666666666667
Coalesce time bw5 [s],4.500000000000001,4.500000000000001,3.0,3.0,2.45,1.3125000000000004,2.45,1.05,2.45,1.6153846153846156,1.05,2.45,2.45,2.45,2.45,2.45,1.75,1.75,1.75,0.7000000000000001,4.500000000000001,1.8,3.150000000000001,1.4000000000000001
Coalesce time bw6 [s],2.2500000000000004,2.2500000000000004,1.5,1.5,1.6333333333333335,1.3125000000000004,1.6333333333333335,0.7000000000000001,1.6333333333333335,1.6153846153846156,0.7000000000000001,1.6333333333333335,1.6333333333333335,1.6333333333333335,1.6333333333333335,1.6333333333333335,1.1666666666666667,1.1666666666666667,1.1666666666666667,0.46666666666666673,2.2500000000000004,0.9,2.1000000000000005,0.9333333333333335
Coalesce time bw7 [s],2.2500000000000004,2.2500000000000004,1.5,1.5,0.8166666666666668,1.3125000000000004,0.8166666666666668,0.35000000000000003,0.8166666666666668,1.6153846153846156,0.35000000000000003,0.8166666666666668,0.8166666666666668,0.8166666666666668,0.8166666666666668,0.8166666666666668,0.5833333333333334,0.5833333333333334,0.5833333333333334,0.23333333333333336,2.2500000000000004,0.9,1.0500000000000003,0.46666666666666673
Coalesce time bw8 [s],,,,,0.8166666666666668,1.3125000000000004,0.8166666666666668,0.35000000000000003,0.8166666666666668,1.6153846153846156,0.35000000000000003,0.8166666666666668,0.8166666666666668,0.8166666666666668,0.8166666666666668,0.8166666666666668,0.5833333333333334,0.5833333333333334,0.5833333333333334,0.23333333333333336,,,1.0500000000000003,0.46666666666666673
Coalesce time bw9 [s],,,,,0.8166666666666668,1.3125000000000004,0.8166666666666668,0.35000000000000003,0.8166666666666668,1.6153846153846156,0.35000000000000003,0.8166666666666668,0.8166666666666668,0.8166666666666668,0.8166666666666668,0.8166666666666668,0.5833333333333334,0.5833333333333334,0.5833333333333334,0.23333333333333336,,,1.0500000000000003,0.46666666666666673
Coalesce time bw10 [s],,,,,0.8166666666666668,1.3125000000000004,0.8166666666666668,0.35000000000000003,0.8166666666666668,1.6153846153846156,0.35000000000000003,0.8166666666666668,0.8166666666666668,0.8166666666666668,0.8166666666666668,0.8166666666666668,0.5833333333333334,0.5833333333333334,0.5833333333333334,0.23333333333333336,,,1.0500000000000003,0.46666666666666673
Coalesce time bw11 [s],,,,,0.8166666666666668,1.3125000000000004,0.8166666666666668,0.35000000000000003,0.8166666666666668,1.6153846153846156,0.35000000000000003,0.8166666666666668,0.8166666666666668,0.8166666666666668,0.8166666666666668,0.8166666666666668,0.5833333333333334,0.5833333333333334,0.5833333333333334,0.23333333333333336,,,1.0500000000000003,0.46666666666666673
Combined Samples0,14.0,13.0,14.0,14.0,24.0,6.0,23.0,25.0,24.0,2.0,24.0,24.0,24.0,23.0,23.0,24.0,23.0,23.0,23.0,23.0,14.0,13.0,23.0,23.0
Combined Samples1,9.0,9.0,9.0,9.0,16.0,4.0,15.0,16.0,16.0,1.0,16.0,16.0,16.0,15.0,15.0,16.0,15.0,15.0,15.0,15.0,9.0,9.0,15.0,15.0
Combined Samples2,6.0,6.0,6.0,6.0,12.0,3.0,11.0,12.0,12.0,1.0,12.0,12.0,12.0,11.0,11.0,12.0,11.0,11.0,11.0,11.0,6.0,6.0,11.0,11.0
Combined Samples3,4.0,4.0,4.0,4.0,8.0,2.0,7.0,8.0,8.0,1.0,8.0,8.0,8.0,7.0,7.0,8.0,7.0,7.0,7.0,7.0,4.0,4.0,7.0,7.0
Combined Samples4,3.0,2.0,3.0,3.0,4.0,1.0,4.0,5.0,4.0,1.0,4.0,4.0,4.0,4.0,4.0,4.0,4.0,4.0,4.0,4.0,3.0,2.0,4.0,4.0
Combined Samples5,2.0,2.0,2.0,2.0,3.0,1.0,3.0,3.0,3.0,1.0,3.0,3.0,3.0,3.0,3.0,3.0,3.0,3.0,3.0,3.0,2.0,2.0,3.0,3.0
Combined Samples6,1.0,1.0,1.0,1.0,2.0,1.0,2.0,2.0,2.0,1.0,2.0,2.0,2.0,2.0,2.0,2.0,2.0,2.0,2.0,2.0,1.0,1.0,2.0,2.0
Combined Samples7,1.0,1.0,1.0,1.0,1.0,1.0,1.0,1.0,1.0,1.0,1.0,1.0,1.0,1.0,1.0,1.0,1.0,1.0,1.0,1.0,1.0,1.0,1.0,1.0
Combined Samples8,,,,,1.0,1.0,1.0,1.0,1.0,1.0,1.0,1.0,1.0,1.0,1.0,1.0,1.0,1.0,1.0,1.0,,,1.0,1.0
Combined Samples9,,,,,1.0,1.0,1.0,1.0,1.0,1.0,1.0,1.0,1.0,1.0,1.0,1.0,1.0,1.0,1.0,1.0,,,1.0,1.0
Combined Samples10,,,,,1.0,1.0,1.0,1.0,1.0,1.0,1.0,1.0,1.0,1.0,1.0,1.0,1.0,1.0,1.0,1.0,,,1.0,1.0
Combined Samples11,,,,,1.0,1.0,1.0,1.0,1.0,1.0,1.0,1.0,1.0,1.0,1.0,1.0,1.0,1.0,1.0,1.0,,,1.0,1.0
Channels predict (no-smear),23483.615124332395,25357.69099984863,23483.615124332395,23483.615124332395,21760.03326863552,5874.90211016006,26842.397673499825,8377.351095988965,21488.724594920375,66.72140768035355,21488.724594920375,48279.00153236485,48279.00153236485,65190.5312565323,65190.5312565323,48279.00153236485,54447.72758676212,54447.72758676212,55877.680875140846,56572.54569243951,32975.4265816828,35606.9827446091,135602.13352237805,137288.40894903094
Channels backward (no-smear)0,576.024457759016,621.9393372242645,863.6903446640755,863.6903446640755,124.43471205203016,293.8326996797767,153.49603675228343,111.73457045064652,122.88332928993411,25.664246596024633,286.6062635725801,276.08153321849096,276.08153321849096,372.78105657217833,372.78105657217833,276.08153321849096,435.8059662520879,435.8059662520879,447.25086839102715,1131.677583620408,808.8466790406832,2181.8409106014506,603.2228470378325,1373.4278293411337
Channels backward (no-smear)1,834.3366856603985,900.8663934017509,1251.1586148232877,1251.1586148232877,186.60597979706088,440.7029502981749,230.1882917635234,167.5833320959154,184.279432327378,38.494609457539404,429.86382302328974,414.02097489565193,414.02097489565193,559.0389802377872,559.0389802377872,414.02097489565193,653.5959856457442,653.5959856457442,670.7606799322704,1697.4007326825986,1171.5657898204418,3161.0062248568347,904.5597563976627,2059.86715195982
Channels backward (no-smear)2,1221.8049592682044,1319.2569144554732,1832.3609745268375,1832.3609745268375,248.77724374882584,587.5731993090207,306.8805422731244,223.43209305889212,245.6755316109825,51.32497229224026,573.1213808637368,551.9604083092323,551.9604083092323,745.2968934217347,745.2968934217347,551.9604083092323,871.3859985328546,871.3859985328546,894.2704848313007,2263.123879117549,1715.6443602318652,4629.754160708587,1205.8966379974954,2746.3064623796045
Channels backward (no-smear)3,1773.6536666737777,1915.1464019142575,2660.134001657883,2660.134001657883,373.1197678573648,881.3136957236542,460.2650387885061,335.1296143020661,368.4677264226425,66.72140768035355,859.6364949340269,827.8392668687668,827.8392668687668,1117.8127093029952,1117.8127093029952,827.8392668687668,1306.96601779828,1306.96601779828,1341.2900879856256,3394.5701693647666,2490.544077907122,6721.607257574179,1808.570373420898,4119.185071013969
Channels backward (no-smear)4,2595.555964704438,2802.6413534606395,3892.987424881861,3892.987424881861,621.8048115188559,1468.7946866230889,767.0340264126171,558.5246559695574,614.0521115371553,128.3071491877274,1432.6667211420954,1379.596974064151,1379.596974064151,1862.8443284761663,1862.8443284761663,1379.596974064151,2178.126048514747,2178.126048514747,2235.3292863182373,5657.462746707873,3644.649995292959,9837.133129807215,3013.917810920462,6864.942273636082
Channels backward (no-smear)5,3781.443544242798,4083.1697632627433,5671.818778067089,5671.818778067089,870.4898534441417,2056.2756767870496,1073.8030119774014,781.9196973253497,859.6364949340269,179.6286004280895,2005.6969466105954,1931.3546774765398,1931.3546774765398,2607.875942853118,2607.875942853118,1931.3546774765398,3049.286076254615,3049.286076254615,3129.3684816134323,7920.355322831102,5309.859931072083,14332.391876912034,4219.26523571507,9610.699470687023
Channels backward (no-smear)6,5519.17978438891,5959.587617180283,8278.423127176913,8278.423127176913,1367.8599358741046,2350.0161717659144,1687.3409814183788,1228.7097797799804,1350.8052603215483,282.2715028998748,3151.7573969500827,3034.8700812078614,3034.8700812078614,4097.939167681737,4097.939167681737,3034.8700812078614,4791.606129302503,4791.606129302503,4917.446869713224,12446.140474166908,7749.969518858984,20919.503696560292,6629.960074898007,15102.21386022389
Channels backward (no-smear)7,9393.861923713632,10143.492275010229,14090.446326176349,14090.446326176349,1865.2300176719252,4406.199635968495,2300.878950113972,1675.499862124429,1841.9740250843204,384.9144053664507,4297.817847033029,4138.385483565499,4138.385483565499,5588.002390765619,5588.002390765619,4138.385483565499,6533.926181262959,6533.926181262959,6705.52525670914,16971.92562505434,13190.754385623653,35606.98274460911,9040.654909467647,20593.728247660394
Channels backward (no-smear)8,,,,,2238.2575788595937,5287.421120505375,2761.0324264390797,2010.5924238542727,2210.3505984998897,461.89658221317296,5157.363184520282,4966.022034981619,4966.022034981619,6705.549807639503,6705.549807639503,4966.022034981619,7840.666219968584,7840.666219968584,8046.584046663645,20366.264487998786,,,10848.676034195598,24712.36403777495
Channels backward (no-smear)9,,,,,2735.6276603324322,6462.383099843642,3374.570394755447,2457.382506132596,2701.5193629451583,564.5394846753744,6303.42363444012,6069.537436643055,6069.537436643055,8195.613029826505,8195.613029826505,6069.537436643055,9582.98627137248,9582.98627137248,9834.662433105768,24892.049638573604,,,13259.37086640695,30203.878424293223
Channels backward (no-smear)10,,,,,3232.9977417458203,7637.345079146104,3988.1083629814684,2904.172588407456,3192.6881273110653,667.1823871407294,7449.484084359903,7173.052838139827,7173.052838139827,9685.676251827055,9685.676251827055,7173.052838139827,11325.3063226907,11325.3063226907,11622.740819438477,29417.834789399283,,,15670.065698076485,35695.392810509155
Channels backward (no-smear)11,,,,,3730.367823103747,8812.30705838237,4601.646331146841,3350.9626706556855,3683.856891654298,769.825289607694,8595.544534254459,8276.568239542667,8276.568239542667,11175.739473704114,11175.739473704114,8276.568239542667,13067.626373872286,13067.626373872286,13410.819205646914,33943.619939647484,,,18080.76052947859,41186.9071966738
Channels predict fft,23483.615124332395,25357.69099984863,23483.615124332395,23483.615124332395,21760.03326863552,5874.90211016006,26842.397673499825,5000.0,21488.724594920375,2500.0,21488.724594920375,48279.00153236485,48279.00153236485,65190.5312565323,65190.5312565323,48279.00153236485,54447.72758676212,54447.72758676212,55877.680875140846,65536.0,32975.4265816828,65536.0,65536.0,65536.0
Channels predict gcf0,23483.615124332395,25357.69099984863,23483.615124332395,23483.615124332395,21760.03326863552,5874.90211016006,26842.397673499825,5000.0,21488.724594920375,2500.0,21488.724594920375,48279.00153236485,48279.00153236485,65190.5312565323,65190.5312565323,48279.00153236485,54447.72758676212,54447.72758676212,55877.680875140846,65536.0,32975.4265816828,65536.0,65536.0,65536.0
Channels predict gcf1,23483.615124332395,25357.69099984863,23483.615124332395,23483.615124332395,21760.03326863552,5874.90211016006,26842.397673499825,5000.0,21488.724594920375,2500.0,21488.724594920375,48279.00153236485,48279.00153236485,65190.5312565323,65190.5312565323,48279.00153236485,54447.72758676212,54447.72758676212,55877.680875140846,65536.0,32975.4265816828,65536.0,65536.0,65536.0
Channels predict gcf2,23483.615124332395,25357.69099984863,23483.615124332395,23483.615124332395,21760.03326863552,5874.90211016006,26842.397673499825,5000.0,21488.724594920375,2500.0,21488.724594920375,48279.00153236485,48279.00153236485,65190.5312565323,65190.5312565323,48279.00153236485,54447.72758676212,54447.72758676212,55877.680875140846,65536.0,32975.4265816828,65536.0,65536.0,65536.0
Channels predict gcf3,23483.615124332395,25357.69099984863,23483.615124332395,23483.615124332395,21760.03326863552,5874.90211016006,26842.397673499825,5000.0,21488.724594920375,2500.0,21488.724594920375,48279.00153236485,48279.00153236485,65190.5312565323,65190.5312565323,48279.00153236485,54447.72758676212,54447.72758676212,55877.680875140846,65536.0,32975.4265816828,65536.0,65536.0,65536.0
Channels predict gcf4,23483.615124332395,25357.69099984863,23483.615124332395,23483.615124332395,21760.03326863552,5874.90211016006,26842.397673499825,5000.0,21488.724594920375,2500.0,21488.724594920375,48279.00153236485,48279.00153236485,65190.5312565323,65190.5312565323,48279.00153236485,54447.72758676212,54447.72758676212,55877.680875140846,65536.0,32975.4265816828,65536.0,65536.0,65536.0
Channels predict gcf5,23483.615124332395,25357.69099984863,23483.615124332395,23483.615124332395,21760.03326863552,5874.90211016006,26842.397673499825,5000.0,21488.724594920375,2500.0,21488.724594920375,48279.00153236485,48279.00153236485,65190.5312565323,65190.5312565323,48279.00153236485,54447.72758676212,54447.72758676212,55877.680875140846,65536.0,32975.4265816828,65536.0,65536.0,65536.0
Channels predict gcf6,23483.615124332395,25357.69099984863,23483.615124332395,23483.615124332395,21760.03326863552,5874.90211016006,26842.397673499825,5000.0,21488.724594920375,2500.0,21488.724594920375,48279.00153236485,48279.00153236485,65190.5312565323,65190.5312565323,48279.00153236485,54447.72758676212,54447.72758676212,55877.680875140846,65536.0,32975.4265816828,65536.0,65536.0,65536.0
Channels predict gcf7,23483.615124332395,25357.69099984863,23483.615124332395,23483.615124332395,21760.03326863552,5874.90211016006,26842.397673499825,5000.0,21488.724594920375,2500.0,21488.724594920375,48279.00153236485,48279.00153236485,65190.5312565323,65190.5312565323,48279.00153236485,54447.72758676212,54447.72758676212,55877.680875140846,65536.0,32975.4265816828,65536.0,65536.0,65536.0
Channels predict gcf8,,,,,21760.03326863552,5874.90211016006,26842.397673499825,5000.0,21488.724594920375,2500.0,21488.724594920375,48279.00153236485,48279.00153236485,65190.5312565323,65190.5312565323,48279.00153236485,54447.72758676212,54447.72758676212,55877.680875140846,65536.0,,,65536.0,65536.0
Channels predict gcf9,,,,,21760.03326863552,5874.90211016006,26842.397673499825,5000.0,21488.724594920375,2500.0,21488.724594920375,48279.00153236485,48279.00153236485,65190.5312565323,65190.5312565323,48279.00153236485,54447.72758676212,54447.72758676212,55877.680875140846,65536.0,,,65536.0,65536.0
Channels predict gcf10,,,,,21760.03326863552,5874.90211016006,26842.397673499825,5000.0,21488.724594920375,2500.0,21488.724594920375,48279.00153236485,48279.00153236485,65190.5312565323,65190.5312565323,48279.00153236485,54447.72758676212,54447.72758676212,55877.680875140846,65536.0,,,65536.0,65536.0
Channels predict gcf11,,,,,21760.03326863552,5874.90211016006,26842.397673499825,5000.0,21488.724594920375,2500.0,21488.724594920375,48279.00153236485,48279.00153236485,65190.5312565323,65190.5312565323,48279.00153236485,54447.72758676212,54447.72758676212,55877.680875140846,65536.0,,,65536.0,65536.0
Channels predict,23483.615124332395,25357.69099984863,23483.615124332395,23483.615124332395,21760.03326863552,5874.90211016006,26842.397673499825,5000.0,21488.724594920375,2500.0,21488.724594920375,48279.00153236485,48279.00153236485,65190.5312565323,65190.5312565323,48279.00153236485,54447.72758676212,54447.72758676212,55877.680875140846,65536.0,32975.4265816828,65536.0,65536.0,65536.0
Channels backward gcf0,576.024457759016,1500.0,1500.0,1500.0,500.0,3200.0,500.0,5000.0,500.0,2500.0,5000.0,500.0,500.0,700.0,700.0,700.0,1000.0,1000.0,500.0,65536.0,808.8466790406832,65536.0,603.2228470378325,65536.0
Channels backward gcf1,834.3366856603985,1500.0,1500.0,1500.0,500.0,3200.0,500.0,5000.0,500.0,2500.0,5000.0,500.0,500.0,700.0,700.0,700.0,1000.0,1000.0,670.7606799322704,65536.0,1171.5657898204418,65536.0,904.5597563976627,65536.0
Channels backward gcf2,1221.8049592682044,1500.0,1832.3609745268375,1832.3609745268375,500.0,3200.0,500.0,5000.0,500.0,2500.0,5000.0,551.9604083092323,551.9604083092323,745.2968934217347,745.2968934217347,700.0,1000.0,1000.0,894.2704848313007,65536.0,1715.6443602318652,65536.0,1205.8966379974954,65536.0
Channels backward gcf3,1773.6536666737777,1915.1464019142575,2660.134001657883,2660.134001657883,500.0,3200.0,500.0,5000.0,500.0,2500.0,5000.0,827.8392668687668,827.8392668687668,1117.8127093029952,1117.8127093029952,827.8392668687668,1306.96601779828,1306.96601779828,1341.2900879856256,65536.0,2490.544077907122,65536.0,1808.570373420898,65536.0
Channels backward gcf4,2595.555964704438,2802.6413534606395,3892.987424881861,3892.987424881861,621.8048115188559,3200.0,767.0340264126171,5000.0,614.0521115371553,2500.0,5000.0,1379.596974064151,1379.596974064151,1862.8443284761663,1862.8443284761663,1379.596974064151,2178.126048514747,2178.126048514747,2235.3292863182373,65536.0,3644.649995292959,65536.0,3013.917810920462,65536.0
Channels backward gcf5,3781.443544242798,4083.1697632627433,5671.818778067089,5671.818778067089,870.4898534441417,3200.0,1073.8030119774014,5000.0,859.6364949340269,2500.0,5000.0,1931.3546774765398,1931.3546774765398,2607.875942853118,2607.875942853118,1931.3546774765398,3049.286076254615,3049.286076254615,3129.3684816134323,65536.0,5309.859931072083,65536.0,4219.26523571507,65536.0
Channels backward gcf6,5519.17978438891,5959.587617180283,8278.423127176913,8278.423127176913,1367.8599358741046,3200.0,1687.3409814183788,5000.0,1350.8052603215483,2500.0,5000.0,3034.8700812078614,3034.8700812078614,4097.939167681737,4097.939167681737,3034.8700812078614,4791.606129302503,4791.606129302503,4917.446869713224,65536.0,7749.969518858984,65536.0,6629.960074898007,65536.0
Channels backward gcf7,9393.861923713632,10143.492275010229,14090.446326176349,14090.446326176349,1865.2300176719252,4406.199635968495,2300.878950113972,5000.0,1841.9740250843204,2500.0,5000.0,4138.385483565499,4138.385483565499,5588.002390765619,5588.002390765619,4138.385483565499,6533.926181262959,6533.926181262959,6705.52525670914,65536.0,13190.754385623653,65536.0,9040.654909467647,65536.0
Channels backward gcf8,,,,,2238.2575788595937,5287.421120505375,2761.0324264390797,5000.0,2210.3505984998897,2500.0,5157.363184520282,4966.022034981619,4966.022034981619,6705.549807639503,6705.549807639503,4966.022034981619,7840.666219968584,7840.666219968584,8046.584046663645,65536.0,,,10848.676034195598,65536.0
Channels backward gcf9,,,,,2735.6276603324322,6462.383099843642,3374.570394755447,5000.0,2701.5193629451583,2500.0,6303.42363444012,6069.537436643055,6069.537436643055,8195.613029826505,8195.613029826505,6069.537436643055,9582.98627137248,9582.98627137248,9834.662433105768,65536.0,,,13259.37086640695,65536.0
Channels backward gcf10,,,,,3232.9977417458203,7637.345079146104,3988.1083629814684,5000.0,3192.6881273110653,2500.0,7449.484084359903,7173.052838139827,7173.052838139827,9685.676251827055,9685.676251827055,7173.052838139827,11325.3063226907,11325.3063226907,11622.740819438477,65536.0,,,15670.065698076485,65536.0
Channels backward gcf11,,,,,3730.367823103747,8812.30705838237,4601.646331146841,5000.0,3683.856891654298,2500.0,8595.544534254459,8276.568239542667,8276.568239542667,11175.739473704114,11175.739473704114,8276.568239542667,13067.626373872286,13067.626373872286,13410.819205646914,65536.0,,,18080.76052947859,65536.0
Channels backward0,576.024457759016,1500.0,1500.0,1500.0,500.0,3200.0,500.0,5000.0,500.0,2500.0,5000.0,500.0,500.0,700.0,700.0,700.0,1000.0,1000.0,500.0,65536.0,808.8466790406832,65536.0,603.2228470378325,65536.0
Channels backward1,834.3366856603985,1500.0,1500.0,1500.0,500.0,3200.0,500.0,5000.0,500.0,2500.0,5000.0,500.0,500.0,700.0,700.0,700.0,1000.0,1000.0,670.7606799322704,65536.0,1171.5657898204418,65536.0,904.5597563976627,65536.0
Channels backward2,1221.8049592682044,1500.0,1832.3609745268375,1832.3609745268375,500.0,3200.0,500.0,5000.0,500.0,2500.0,5000.0,551.9604083092323,551.9604083092323,745.2968934217347,745.2968934217347,700.0,1000.0,1000.0,894.2704848313007,65536.0,1715.6443602318652,65536.0,1205.8966379974954,65536.0
Channels backward3,1773.6536666737777,1915.1464019142575,2660.134001657883,2660.134001657883,500.0,3200.0,500.0,5000.0,500.0,2500.0,5000.0,827.8392668687668,827.8392668687668,1117.8127093029952,1117.8127093029952,827.8392668687668,1306.96601779828,1306.96601779828,1341.2900879856256,65536.0,2490.544077907122,65536.0,1808.570373420898,65536.0
Channels backward4,2595.555964704438,2802.6413534606395,3892.987424881861,3892.987424881861,621.8048115188559,3200.0,767.0340264126171,5000.0,614.0521115371553,2500.0,5000.0,1379.596974064151,1379.596974064151,1862.8443284761663,1862.8443284761663,1379.596974064151,2178.126048514747,2178.126048514747,2235.3292863182373,65536.0,3644.649995292959,65536.0,3013.917810920462,65536.0
Channels backward5,3781.443544242798,4083.1697632627433,5671.818778067089,5671.818778067089,870.4898534441417,3200.0,1073.8030119774014,5000.0,859.6364949340269,2500.0,5000.0,1931.3546774765398,1931.3546774765398,2607.875942853118,2607.875942853118,1931.3546774765398,3049.286076254615,3049.286076254615,3129.3684816134323,65536.0,5309.859931072083,65536.0,4219.26523571507,65536.0
Channels backward6,5519.17978438891,5959.587617180283,8278.423127176913,8278.423127176913,1367.8599358741046,3200.0,1687.3409814183788,5000.0,1350.8052603215483,2500.0,5000.0,3034.8700812078614,3034.8700812078614,4097.939167681737,4097.939167681737,3034.8700812078614,4791.606129302503,4791.606129302503,4917.446869713224,65536.0,7749.969518858984,65536.0,6629.960074898007,65536.0
Channels backward7,9393.861923713632,10143.492275010229,14090.446326176349,14090.446326176349,1865.2300176719252,4406.199635968495,2300.878950113972,5000.0,1841.9740250843204,2500.0,5000.0,4138.385483565499,4138.385483565499,5588.002390765619,5588.002390765619,4138.385483565499,6533.926181262959,6533.926181262959,6705.52525670914,65536.0,13190.754385623653,65536.0,9040.654909467647,65536.0
Channels backward8,,,,,2238.2575788595937,5287.421120505375,2761.0324264390797,5000.0,2210.3505984998897,2500.0,5157.363184520282,4966.022034981619,4966.022034981619,6705.549807639503,6705.549807639503,4966.022034981619,7840.666219968584,7840.666219968584,8046.584046663645,65536.0,,,10848.676034195598,65536.0
Channels backward9,,,,,2735.6276603324322,6462.383099843642,3374.570394755447,5000.0,2701.5193629451583,2500.0,6303.42363444012,6069.537436643055,6069.537436643055,8195.613029826505,8195.613029826505,6069.537436643055,9582.98627137248,9582.98627137248,9834.662433105768,65536.0,,,13259.37086640695,65536.0
Channels backward10,,,,,3232.9977417458203,7637.345079146104,3988.1083629814684,5000.0,3192.6881273110653,2500.0,7449.484084359903,7173.052838139827,7173.052838139827,9685.676251827055,9685.676251827055,7173.052838139827,11325.3063226907,11325.3063226907,11622.740819438477,65536.0,,,15670.065698076485,65536.0
Channels backward11,,,,,3730.367823103747,8812.30705838237,4601.646331146841,5000.0,3683.856891654298,2500.0,8595.544534254459,8276.568239542667,8276.568239542667,11175.739473704114,11175.739473704114,8276.568239542667,13067.626373872286,13067.626373872286,13410.819205646914,65536.0,,,18080.76052947859,65536.0
Channels backward fft,500,65536,500,500,500,65536,500,5000,500,2500,500,500,500,500,500,500,500,500,500,65536,500,65536,500,65536
Channels out,500,65536,1500,1500,500,65536,500,5000,500,2500,5000,500,500,700,700,700,1000,1000,500,65536,500,65536,500,65536
Visibilities pred0,1342068434.7032068,1449170261.379078,1342068434.7032068,1342068434.7032068,215262479.15212432,60730198.10454093,265540084.34873638,49462810.211416215,212578541.26478764,25245176.692619033,212578541.26478764,477603017.998407,477603017.998407,644901375.0246507,644901375.0246507,477603017.998407,538627523.213381,538627523.213381,552773424.8362346,648318946.0030745,1884517307.1455562,3745326112.3146496,648318946.0030745,648318946.0030745
Visibilities pred1,202539517.36525932,218702890.0539745,202539517.36525932,202539517.36525932,17720883.230152998,4999444.1827184,21859846.853958793,4071887.899108942,17499935.529068198,2078238.7625403649,17499935.529068198,39317336.4241397,39317336.4241397,53089707.07199143,53089707.07199143,39317336.4241397,44341008.61890336,44341008.61890336,45505530.51715144,53371049.07120073,284403698.0425281,565229405.2586584,53371049.07120073,53371049.07120073
Visibilities pred2,151434456.9710891,163519464.37002924,151434456.9710891,151434456.9710891,9939656.108639443,2804191.8263985896,12261203.772629244,2283924.8419179274,9815726.384694278,1165685.611885682,9815726.384694278,22053122.18855235,22053122.18855235,29778054.758924242,29778054.758924242,22053122.18855235,24870903.524277207,24870903.524277207,25524084.691899285,29935859.687986653,212642550.61875242,422609914.16837627,29935859.687986653,29935859.687986653
Visibilities pred3,234249610.49715713,252943561.21801224,234249610.49715713,234249610.49715713,19083828.761555877,5742891.281241906,26904145.880749,4385064.242770006,18845887.568783544,1253324.7472326572,18845887.568783544,42341304.65924229,42341304.65924229,65340495.44690289,65340495.44690289,42341304.65924229,54572979.04932402,54572979.04932402,56006221.79988423,65686758.906097166,328930651.93923765,653723133.8643019,65686758.906097166,65686758.906097166
Visibilities pred4,189338280.84555808,204448147.98337874,189338280.84555808,189338280.84555808,53559095.8373816,16117523.813424826,66068582.32943479,9845406.97639109,52891309.76014397,2931231.3360139374,52891309.76014397,118831604.62498526,118831604.62498526,160456827.80692613,160456827.80692613,118831604.62498526,134015009.25783736,134015009.25783736,137534627.27816668,161307147.90119162,265866671.12660885,528388559.75958896,161307147.90119162,161307147.90119162
Visibilities pred5,270562052.6222723,292153865.16752964,270562052.6222723,270562052.6222723,37571692.79180548,8479829.296240013,46347094.5440999,8633188.269514406,37103241.01993846,1542193.5555934503,37103241.01993846,83360341.93861605,83360341.93861605,112560425.94546138,112560425.94546138,83360341.93861605,94011496.62075014,94011496.62075014,96480507.81178708,113156925.28617923,379920172.2051206,755060691.7535795,113156925.28617923,113156925.28617923
Visibilities pred6,207928515.08921194,224521948.93223414,207928515.08921194,207928515.08921194,86052132.1785943,3236955.5252472498,106150828.17542218,19772978.082397547,84979216.08680753,2354770.020190098,84979216.08680753,190923927.82789752,190923927.82789752,257802189.14305305,257802189.14305305,190923927.82789752,215318744.84187993,215318744.84187993,220973631.84787288,259168378.32160112,291970867.6564998,580268544.376171,259168378.32160112,259168378.32160112
Visibilities pred7,18517898.798805382,19995692.878650185,18517898.798805382,18517898.798805382,164486279.9438615,12374702.618329613,202904383.6275627,37795502.863717765,162435430.39299104,2250539.010123154,162435430.39299104,364945828.13478595,364945828.13478595,492781782.1587097,492781782.1587097,364945828.13478595,411575848.78567845,411575848.78567845,422385009.5068586,495393215.13532144,26002623.916891437,51678117.2427348,495393215.13532144,495393215.13532144
Visibilities pred8,,,,,52082139.49342821,3918265.937909834,64246661.88283607,11967385.079437898,51432768.418680064,712599.7785386126,51432768.418680064,115554680.5177165,115554680.5177165,156032038.21601093,156032038.21601093,115554680.5177165,130319384.54622325,130319384.54622325,133741944.8757506,156858909.71320844,,,156858909.71320844,156858909.71320844
Visibilities pred9,,,,,45552438.567719236,3427020.667058929,56191856.691451795,10466996.535657328,44984481.17814519,623258.912766946,44984481.17814519,101067228.35685153,101067228.35685153,136469812.96395686,136469812.96395686,101067228.35685153,113980835.2050106,113980835.2050106,116974298.428133,137193016.9921677,,,137193016.9921677,137193016.9921677
Visibilities pred10,,,,,3264850.552875744,245622.64219797074,4027402.7067391425,750194.2925752864,3224143.70916629,44670.43411752481,3224143.70916629,7243726.280162723,7243726.280162723,9781112.895720268,9781112.895720268,7243726.280162723,8169274.895856583,8169274.895856583,8383823.454974779,9832946.631642792,,,9832946.631642792,9832946.631642792
Visibilities pred11,,,,,1399221.661660122,105266.84636602242,1726029.7267004752,321511.8387886227,1381775.8715470303,19144.471711866714,1381775.8715470303,3104454.1115098707,3104454.1115098707,4191905.515178976,4191905.515178976,3104454.1115098707,3501117.8028563815,3501117.8028563815,3593067.185082078,4214119.973370235,,,4214119.973370235,4214119.973370235
Visibilities bw0,3950316.3628724287,10286845.401254835,10286845.401254835,10286845.401254835,593553.7225369945,5040628.9000525195,593553.7225369945,6783471.114708509,593553.7225369945,9376779.914401352,7066115.744488029,593553.7225369945,593553.7225369945,830975.2115517923,830975.2115517923,830975.2115517923,1187107.445073989,1187107.445073989,593553.7225369945,144965727.05658808,5546987.160406599,449439133.47775793,716090.332757339,77798273.52036895
Visibilities bw1,863510.0621728039,1552448.9280175555,1552448.9280175555,1552448.9280175555,48862.65478930731,622433.5738596626,48862.65478930731,872547.406951916,48862.65478930731,1543834.5093156993,872547.406951916,48862.65478930731,48862.65478930731,68407.71670503022,68407.71670503022,68407.71670503022,111686.06808984527,111686.06808984527,74914.62297090645,18298645.395840246,1212530.703005857,83737689.6679494,88398.3822263178,9149322.697920123
Visibilities bw2,945459.3914187602,1160732.796482967,1575467.7615768819,1575467.7615768819,27966.426635729713,465497.91710226255,30508.829057159688,652549.9548336935,27966.426635729713,865937.8831150777,652549.9548336935,30872.720529615126,30872.720529615126,45476.271036471735,45476.271036471735,39152.9972900216,85424.72136004714,85424.72136004714,76392.80698722812,13995986.347630123,1327603.1173481091,93913314.25963916,66100.25491938695,6997993.173815061
Visibilities bw3,2358964.9116371493,2547150.6910569863,5306979.7853478305,5306979.7853478305,75172.52987605723,1251238.0125069635,85911.46271549398,1754025.6971080024,75172.52987605723,931041.2408014024,1754025.6971080024,124461.54404253139,124461.54404253139,192065.8497963792,192065.8497963792,124461.54404253139,314393.4144637849,314393.4144637849,322650.14147698844,39412055.3436583,3312431.3957450795,217907711.28810063,241697.4407625502,19706027.67182915
Visibilities bw4,3720328.98753686,6025730.909333219,8369995.192852854,8369995.192852854,262368.06125491246,3511621.146079268,323646.9494902341,3938162.7905564364,259096.84040552523,2177486.1353246393,4922703.488195545,582115.4431311099,582115.4431311099,786019.737750421,786019.737750421,582115.4431311099,1286672.2436103749,1286672.2436103749,1320463.5930029335,96784288.74071497,5224043.40777083,352259039.839726,989108.2480635225,48392144.37035748
Visibilities bw5,11617917.392346492,12544925.88702989,26138717.102467515,26138717.102467515,257660.6671366381,1847551.0392617413,317840.35086077277,3453275.3078057626,254448.12699808873,1145629.4984408487,3453275.3078057626,571671.3787152768,571671.3787152768,771918.3085093151,771918.3085093151,571671.3787152768,1263602.9176279178,1263602.9176279178,1296788.5087897533,67894155.17170753,16313747.203246664,503373794.50238633,971352.2970385406,33947077.58585376
Visibilities bw6,19547158.32298426,21106941.111471284,43979265.17703531,43979265.17703531,927314.2125198303,705254.8271657239,1143900.2140497176,7909191.232959018,915752.3247745812,1749257.7292840728,7909191.232959018,2057431.529096472,2057431.529096472,2778118.674705237,2778118.674705237,2057431.529096472,4547727.502760647,4547727.502760647,4667163.320457312,155501026.99296063,27447897.532153293,580268544.376171,3495841.4732834417,77750513.49648032
Visibilities bw7,2962994.9820296336,3199442.03514864,6666574.742858305,6666574.742858305,2417050.507694111,3712430.2090280643,2981584.3525063046,15118201.145487104,2386914.3270846223,1671828.9789486285,15118201.145487104,5362709.4992663255,5362709.4992663255,7241189.498147781,7241189.498147781,5362709.4992663255,11853745.233371742,11853745.233371742,12165057.55404874,297235929.0811928,4160603.953005232,51678117.2427348,9111895.960551156,148617964.5405964
Visibilities bw8,,,,,918380.2406805633,1410578.197722298,1132880.1690518146,4786954.031775159,906929.7179250586,529359.8354858264,4937612.097893627,2037610.2173348179,2037610.2173348179,2751356.4588813484,2751356.4588813484,2037610.2173348179,4503949.05281783,4503949.05281783,4622235.353303306,94115345.82792504,,,3462140.898754344,47057672.91396252
Visibilities bw9,,,,,981730.4654930717,1507886.9418651895,1211026.8559281272,4186798.614262931,969490.0735871368,462992.3351983027,5278233.06755722,2178165.5081960675,2178165.5081960675,2941146.9665411,2941146.9665411,2178165.5081960675,4814644.036977959,4814644.036977959,4941090.125600512,82315810.19530062,,,3700954.3712980594,41157905.09765031
Visibilities bw10,,,,,83155.76412913727,127723.31130238541,102577.92452847312,300077.7170301145,82118.96266565623,33183.75105873271,447084.8354173785,184497.71312617566,184497.71312617566,249124.76721780509,249124.76721780509,184497.71312617566,407816.6479175697,407816.6479175697,418527.06368757854,5899767.978985675,,,313482.5026927133,2949883.9894928373
Visibilities bw11,,,,,41120.82576562276,63159.77736144294,50725.15794452366,128604.73551544907,40608.1235338256,14221.6075573867,221085.5462878117,91234.78880759576,91234.78880759576,123193.11593188127,123193.11593188127,91234.78880759576,201667.03603518626,201667.03603518626,206963.38283852715,2528471.984022141,,,155018.09505411764,1264235.9920110705
-- Geometry --,,,,,,,,,,,,,,,,,,,,,,,,
Delta W earth0 [lambda],0.12556762548976114,0.12556762548976114,0.12556762548976114,0.12556762548976114,1.4098307776762335,1.4098307776762335,2.179085545775391,2.203297607395118,2.3177546259610975,2.3206973331141834,17.82888173816229,1.961176991197852,1.961176991197852,2.058025237676758,2.058025237676758,1.961176991197852,13.982465585392093,13.982465585392093,17.04886816211769,17.04886816211769,0.13733959037942622,0.13733959037942622,0.8580149336490602,0.8580149336490602
Delta W earth1 [lambda],0.2636344856700899,0.2636344856700899,0.2636344856700899,0.2636344856700899,3.172119249771525,3.172119249771525,4.902942477994629,4.957419616639014,5.214947908412469,5.221568999506912,40.11498391086515,4.412648230195167,4.412648230195167,4.630556784772706,4.630556784772706,4.412648230195167,31.46054756713221,31.46054756713221,38.3599533647648,38.3599533647648,0.28835021870166083,0.28835021870166083,1.9305336007103855,1.9305336007103855
Delta W earth2 [lambda],0.5656557423145592,0.5656557423145592,0.5656557423145592,0.5656557423145592,5.639323110704934,5.639323110704934,8.716342183101563,8.813190429580471,9.27101850384439,9.282789332456733,71.31552695264917,7.844707964791408,7.844707964791408,8.232100950707032,8.232100950707032,7.844707964791408,55.92986234156837,55.92986234156837,68.19547264847075,68.19547264847075,0.618685968156549,0.618685968156549,3.432059734596241,3.432059734596241
Delta W earth3 [lambda],1.1924479087013926,1.1924479087013926,1.1924479087013926,1.1924479087013926,12.6884769990861,12.6884769990861,19.611769911978516,19.829678466556057,20.859791633649877,15.687913971851879,160.4599356434606,17.650592920780667,17.650592920780667,18.522227139090823,18.522227139090823,17.650592920780667,125.84219026852884,125.84219026852884,153.4398134590592,153.4398134590592,1.304239900142148,1.304239900142148,7.722134402841542,7.722134402841542
Delta W earth4 [lambda],2.554289211389181,2.554289211389181,2.554289211389181,2.554289211389181,35.245769441905836,35.245769441905836,54.47713864438477,55.08244018487794,57.94386564902744,58.017433327854576,445.72204345405726,49.0294247799463,49.0294247799463,51.45063094191895,51.45063094191895,49.0294247799463,349.5616396348023,349.5616396348023,426.22170405294224,426.22170405294224,2.7937538249569163,2.7937538249569163,21.450373341226506,21.450373341226506
Delta W earth5 [lambda],5.422471337476216,5.422471337476216,5.422471337476216,5.422471337476216,69.08170810613544,69.08170810613544,106.77519174299415,107.96158276236076,113.56997667209377,113.71416932259497,873.6152051699522,96.09767256869475,96.09767256869475,100.84323664616115,100.84323664616115,96.09767256869475,685.1408136842125,685.1408136842125,835.3945399437669,835.3945399437669,5.93082802536461,5.93082802536461,42.04273174880395,42.04273174880395
Delta W earth6 [lambda],11.552639929482813,11.552639929482813,11.552639929482813,11.552639929482813,170.58952409882426,90.22916977127895,263.6693510388223,266.59901049480925,280.4483097412928,280.80437730681615,2157.294690317637,237.3024159349401,237.3024159349401,249.02105375888772,249.02105375888772,237.3024159349401,1691.8783358324433,1691.8783358324433,2062.9130476162404,2062.9130476162404,12.635699922871826,12.635699922871826,103.81980697153628,103.81980697153628
Delta W earth7 [lambda],33.47075398311001,33.47075398311001,33.47075398311001,33.47075398311001,317.21192497715253,317.21192497715253,490.29424779946294,495.74196166390146,521.4947908412469,522.1568999506912,4011.4983910865153,441.2648230195167,441.2648230195167,463.0556784772706,463.0556784772706,441.2648230195167,3146.0547567132207,3146.0547567132207,3835.99533647648,3835.99533647648,36.608637169026565,36.608637169026565,193.05336007103855,193.05336007103855
Delta W earth8 [lambda],,,,,456.78517196709964,456.78517196709964,706.0237168312267,713.8684247960181,750.9524988113956,751.9059359289954,5776.557683164582,635.421345148104,635.421345148104,666.8001770072697,666.8001770072697,635.421345148104,4530.318849667038,4530.318849667038,5523.833284526131,5523.833284526131,,,277.99683850229553,277.99683850229553
Delta W earth9 [lambda],,,,,682.358096395297,682.358096395297,1054.6774041552892,1066.396041979237,1121.7932389651712,1123.2175092272646,8629.178761270548,949.2096637397603,949.2096637397603,996.0842150355509,996.0842150355509,949.2096637397603,6767.513343329773,6767.513343329773,8251.652190464962,8251.652190464962,,,415.2792278861451,415.2792278861451
Delta W earth10 [lambda],,,,,953.0456057091338,953.0456057091338,1473.0618289441643,1489.4291825990995,1566.8021271497018,1568.7913971851879,12052.324054997707,1325.7556460497478,1325.7556460497478,1391.2250606694886,1391.2250606694886,1325.7556460497478,9452.146735725055,9452.146735725055,11525.034877591559,11525.034877591559,,,580.0180951467647,580.0180951467647
Delta W earth11 [lambda],,,,,1268.8476999086101,1268.8476999086101,1961.1769911978517,1982.9678466556059,2085.9791633649875,2088.627599802765,16045.993564346061,1765.0592920780668,1765.0592920780668,1852.2227139090824,1852.2227139090824,1765.0592920780668,12584.219026852883,12584.219026852883,15343.98134590592,15343.98134590592,,,772.2134402841542,772.2134402841542
Delta W snapshot0 [lambda],2.138345447170119,5.050791736937318,2.1301585903204407,2.1301585903204407,87.14231786580207,328.3084503225572,177.47463897778545,313.29426051124625,195.44877078229788,268.1346628866194,5397.107369067443,148.47079628428648,148.47079628428648,161.90264356466636,161.90264356466636,148.50237928736092,3620.2121122702497,3620.2121122702497,4996.905173070388,8653.121568768885,2.4646810192228576,4.095304847965179,39.09809492471678,70.4209062665975
Delta W snapshot1 [lambda],3.098418913246499,7.318494149439787,3.0865563247500263,3.0865563247500263,130.7134767987031,492.46267548383577,266.21195846667814,469.9413907668694,293.17315617344684,402.20199432992916,8095.661053601165,222.7061944264297,222.7061944264297,242.85396534699956,242.85396534699956,222.7535689310414,5430.318168405374,5430.318168405374,7495.357759605581,12979.682353153328,3.5712724972412833,5.934013147051585,58.64714238707517,105.63135939989625
Delta W snapshot2 [lambda],4.5385291123610685,10.720047768193492,4.521152926394405,4.521152926394405,174.28463573160414,656.6169006451144,354.9492779555709,626.5885210224925,390.89754156459577,536.2693257732388,10794.214738134886,296.94159256857296,296.94159256857296,323.8052871293327,323.8052871293327,297.00475857472185,7240.424224540499,7240.424224540499,9993.810346140775,17306.24313753777,5.231159714268922,8.692075595681196,78.19618984943357,140.841812533195
Delta W snapshot3 [lambda],6.589595153524244,15.564684740357857,6.564366268130338,6.564366268130338,261.4269535974062,984.9253509676715,532.4239169333563,939.8827815337388,586.3463123468937,697.1501235052106,16191.32210720233,445.4123888528594,445.4123888528594,485.7079306939991,485.7079306939991,445.5071378620828,10860.636336810749,10860.636336810749,14990.715519211162,25959.364706306656,7.595241508217377,12.620225143729428,117.29428477415034,211.2627187997925
Delta W snapshot4 [lambda],9.644374363767271,22.780101507411167,9.60744996858811,9.60744996858811,435.71158932901034,1641.5422516127858,887.3731948889272,1566.4713025562312,977.2438539114895,1340.6733144330972,26985.536845337218,742.3539814214323,742.3539814214323,809.5132178233318,809.5132178233318,742.5118964368047,18101.06056135125,18101.06056135125,24984.525865351938,43265.60784384443,11.116214392821458,18.47066064082254,195.4904746235839,352.1045313329875
Delta W snapshot5 [lambda],14.051984367117925,33.190917128445236,13.998185022105753,13.998185022105753,609.9962250606145,2298.1591522579,1242.3224728444982,2193.059823578724,1368.1413954760853,1876.942640206336,37779.751583472105,1039.2955739900053,1039.2955739900053,1133.3185049526646,1133.3185049526646,1039.5166550115266,25341.48478589175,25341.48478589175,34978.33621149271,60571.8509813822,16.196475269178777,26.912003286628316,273.68666447301746,492.94634386618253
Delta W snapshot6 [lambda],20.510660411631754,48.44636972164366,20.43213341735933,20.43213341735933,958.5654965238227,2626.4676025804574,1952.2210287556397,3446.236865623709,2149.936478605277,2949.481291752814,59368.18105974187,1633.1787591271511,1633.1787591271511,1780.92907921133,1780.92907921133,1633.5261721609704,39822.33323497274,39822.33323497274,54965.95690377426,95184.33725645774,23.640817939484553,39.28149548048233,430.0790441718846,774.6299689325725
Delta W snapshot7 [lambda],34.91176240277745,82.4619059091807,34.77809943380311,34.77809943380311,1307.134767987031,4924.626754838358,2662.1195846667815,4699.413907668694,2931.7315617344684,4022.0199432992913,80956.61053601165,2227.061944264297,2227.061944264297,2428.5396534699953,2428.5396534699953,2227.535689310414,54303.18168405374,54303.18168405374,74953.57759605581,129796.82353153329,40.239690109760936,66.86211996677842,586.4714238707518,1056.3135939989625
Delta W snapshot8 [lambda],,,,,1568.5617215844372,5909.5521058060285,3194.543501600138,5639.296689202432,3518.077874081362,4826.42393195915,97147.93264321398,2672.474333117156,2672.474333117156,2914.247584163995,2914.247584163995,2673.042827172497,65163.81802086449,65163.81802086449,89944.29311526698,155756.18823783993,,,703.7657086449021,1267.576312798755
Delta W snapshot9 [lambda],,,,,1917.1309930476455,7222.785907096258,3904.4420575112795,6892.473731247418,4299.872957210554,5898.962583505628,118736.36211948375,3266.3575182543022,3266.3575182543022,3561.85815842266,3561.85815842266,3267.052344321941,79644.66646994549,79644.66646994549,109931.91380754852,190368.6745129155,,,860.1580883437692,1549.259937865145
Delta W snapshot10 [lambda],,,,,2265.7002645108537,8536.019708386486,4614.3406134224215,8145.650773292403,5081.668040339745,6971.501235052105,140324.79159575352,3860.2407033914483,3860.2407033914483,4209.4687326813255,4209.4687326813255,3861.0618614713844,94125.5149190265,94125.5149190265,129919.53449983007,224981.16078799102,,,1016.5504680426363,1830.943562931535
Delta W snapshot11 [lambda],,,,,2614.269535974062,9849.253509676715,5324.239169333563,9398.827815337389,5863.463123468937,8044.039886598583,161913.2210720233,4454.123888528594,4454.123888528594,4857.079306939991,4857.079306939991,4455.071378620828,108606.36336810749,108606.36336810749,149907.15519211162,259593.64706306657,,,1172.9428477415036,2112.627187997925
Delta W max0 [lambda],2.138345447170119,5.050791736937318,2.1301585903204407,2.1301585903204407,87.14231786580207,328.3084503225572,177.47463897778545,313.29426051124625,195.44877078229788,268.1346628866194,5397.107369067443,148.47079628428648,148.47079628428648,161.90264356466636,161.90264356466636,148.50237928736092,3620.2121122702497,3620.2121122702497,4996.905173070388,8653.121568768885,2.4646810192228576,4.095304847965179,39.09809492471678,70.4209062665975
Delta W max1 [lambda],3.098418913246499,7.318494149439787,3.0865563247500263,3.0865563247500263,130.7134767987031,492.46267548383577,266.21195846667814,469.9413907668694,293.17315617344684,402.20199432992916,8095.661053601165,222.7061944264297,222.7061944264297,242.85396534699956,242.85396534699956,222.7535689310414,5430.318168405374,5430.318168405374,7495.357759605581,12979.682353153328,3.5712724972412833,5.934013147051585,58.64714238707517,105.63135939989625
Delta W max2 [lambda],4.5385291123610685,10.720047768193492,4.521152926394405,4.521152926394405,174.28463573160414,656.6169006451144,354.9492779555709,626.5885210224925,390.89754156459577,536.2693257732388,10794.214738134886,296.94159256857296,296.94159256857296,323.8052871293327,323.8052871293327,297.00475857472185,7240.424224540499,7240.424224540499,9993.810346140775,17306.24313753777,5.231159714268922,8.692075595681196,78.19618984943357,140.841812533195
Delta W max3 [lambda],6.589595153524244,15.564684740357857,6.564366268130338,6.564366268130338,261.4269535974062,984.9253509676715,532.4239169333563,939.8827815337388,586.3463123468937,697.1501235052106,16191.32210720233,445.4123888528594,445.4123888528594,485.7079306939991,485.7079306939991,445.5071378620828,10860.636336810749,10860.636336810749,14990.715519211162,25959.364706306656,7.595241508217377,12.620225143729428,117.29428477415034,211.2627187997925
Delta W max4 [lambda],9.644374363767271,22.780101507411167,9.60744996858811,9.60744996858811,435.71158932901034,1641.5422516127858,887.3731948889272,1566.4713025562312,977.2438539114895,1340.6733144330972,26985.536845337218,742.3539814214323,742.3539814214323,809.5132178233318,809.5132178233318,742.5118964368047,18101.06056135125,18101.06056135125,24984.525865351938,43265.60784384443,11.116214392821458,18.47066064082254,195.4904746235839,352.1045313329875
Delta W max5 [lambda],14.051984367117925,33.190917128445236,13.998185022105753,13.998185022105753,609.9962250606145,2298.1591522579,1242.3224728444982,2193.059823578724,1368.1413954760853,1876.942640206336,37779.751583472105,1039.2955739900053,1039.2955739900053,1133.3185049526646,1133.3185049526646,1039.5166550115266,25341.48478589175,25341.48478589175,34978.33621149271,60571.8509813822,16.196475269178777,26.912003286628316,273.68666447301746,492.94634386618253
Delta W max6 [lambda],20.510660411631754,48.44636972164366,20.43213341735933,20.43213341735933,958.5654965238227,2626.4676025804574,1952.2210287556397,3446.236865623709,2149.936478605277,2949.481291752814,59368.18105974187,1633.1787591271511,1633.1787591271511,1780.92907921133,1780.92907921133,1633.5261721609704,39822.33323497274,39822.33323497274,54965.95690377426,95184.33725645774,23.640817939484553,39.28149548048233,430.0790441718846,774.6299689325725
Delta W max7 [lambda],34.91176240277745,82.4619059091807,34.77809943380311,34.77809943380311,1307.134767987031,4924.626754838358,2662.1195846667815,4699.413907668694,2931.7315617344684,4022.0199432992913,80956.61053601165,2227.061944264297,2227.061944264297,2428.5396534699953,2428.5396534699953,2227.535689310414,54303.18168405374,54303.18168405374,74953.57759605581,129796.82353153329,40.239690109760936,66.86211996677842,586.4714238707518,1056.3135939989625
Delta W max8 [lambda],,,,,1568.5617215844372,5909.5521058060285,3194.543501600138,5639.296689202432,3518.077874081362,4826.42393195915,97147.93264321398,2672.474333117156,2672.474333117156,2914.247584163995,2914.247584163995,2673.042827172497,65163.81802086449,65163.81802086449,89944.29311526698,155756.18823783993,,,703.7657086449021,1267.576312798755
Delta W max9 [lambda],,,,,1917.1309930476455,7222.785907096258,3904.4420575112795,6892.473731247418,4299.872957210554,5898.962583505628,118736.36211948375,3266.3575182543022,3266.3575182543022,3561.85815842266,3561.85815842266,3267.052344321941,79644.66646994549,79644.66646994549,109931.91380754852,190368.6745129155,,,860.1580883437692,1549.259937865145
Delta W max10 [lambda],,,,,2265.7002645108537,8536.019708386486,4614.3406134224215,8145.650773292403,5081.668040339745,6971.501235052105,140324.79159575352,3860.2407033914483,3860.2407033914483,4209.4687326813255,4209.4687326813255,3861.0618614713844,94125.5149190265,94125.5149190265,129919.53449983007,224981.16078799102,,,1016.5504680426363,1830.943562931535
Delta W max11 [lambda],,,,,2614.269535974062,9849.253509676715,5324.239169333563,9398.827815337389,5863.463123468937,8044.039886598583,161913.2210720233,4454.123888528594,4454.123888528594,4857.079306939991,4857.079306939991,4455.071378620828,108606.36336810749,108606.36336810749,149907.15519211162,259593.64706306657,,,1172.9428477415036,2112.627187997925
-- Kernel Sizes --,,,,,,,,,,,,,,,,,,,,,,,,
W kernel support pred0 [pixels],5.629947907890908,4.4378000197463905,5.613708200775084,5.613708200775084,10.013921475432157,11.221177835519494,9.141267447605935,5.0849548615341815,8.686022116465127,3.976946462443297,4.891703543046724,9.223476594041543,9.223476594041543,9.598111355170003,9.598111355170003,9.224956378831603,5.396202094791518,5.396202094791518,5.123193247551192,3.1975140455924644,5.477452037802392,3.3137614526669648,12.388848457884077,7.955121529595602
W kernel support pred1 [pixels],7.444614523896458,5.867152507561071,7.423122886931436,7.423122886931436,13.600086691974683,15.242021376996577,12.413489913300406,6.901029535378303,11.794556848990302,5.39626577316188,6.6385450153715215,12.525264751083087,12.525264751083087,13.03465845802564,13.03465845802564,12.527276743985182,7.323811554876506,7.323811554876506,6.9529686492544505,4.338029691529329,7.24280469550494,4.380261040549611,16.830500110512826,10.80098638946179
W kernel support pred2 [pixels],9.927591749932459,7.822263263277533,9.898903272123876,9.898903272123876,16.903462739115103,18.94664468992065,15.427161840746237,8.572105906226662,14.657211081712871,6.701887616169601,8.245837873267966,15.566216254108856,15.566216254108856,16.199957999558375,16.199957999558375,15.568719309668984,9.09765375266462,9.09765375266462,8.636667891346987,5.386950378317153,9.658207866377515,5.8385495585458145,20.923704282358642,13.421349920750956
W kernel support pred3 [pixels],13.154969491309302,10.36251255843009,13.116909899258436,13.116909899258436,22.975403539468516,25.758016485953895,20.96543535037529,11.639690800922393,19.917365090951247,8.167180019533296,11.196160117761552,21.154734110004195,21.154734110004195,22.01752416422699,22.01752416422699,21.158141634391825,12.354191809952956,12.354191809952956,11.727460611562172,7.3112439955463495,12.797599518617469,7.732504504793302,28.451471032230312,18.235399222847406
W kernel support pred4 [pixels],17.543634165637137,13.815165864172453,17.492804435418808,17.492804435418808,33.850795593893686,37.96320462624729,30.881668616487495,17.122524176483562,29.333938986330935,13.377584322637205,16.468901742848523,31.161249638720157,31.161249638720157,32.43566607469989,32.43566607469989,31.16628241265457,18.175627326239752,18.175627326239752,17.251877731682594,10.747172006247256,17.066369437369882,10.305458003163404,41.94589366395769,26.85081964701323
W kernel support pred5 [pixels],23.327479264321,18.362856522873052,23.259777068887775,23.259777068887775,43.723254086151194,49.048096852381335,39.88019124745072,22.088507155537584,37.87739548175132,17.251576678691208,21.244104494669916,40.24201171951237,40.24201171951237,41.89144061088029,41.89144061088029,40.24852499798541,23.449153912181142,23.449153912181142,22.255625822409304,13.855820170337664,22.69181221136158,13.692441299224908,54.2070751111766,34.66491623086391
W kernel support pred6 [pixels],31.076866106523042,24.451903114249244,30.986489918374946,30.986489918374946,61.72258281901687,54.306732978682,56.27930795814117,31.11853452152879,53.4436840043342,24.29085250205045,29.92616694933193,56.791667804552134,56.791667804552134,59.127675047606495,59.127675047606495,56.80089123338432,33.040250856939004,33.040250856939004,31.35454105861973,19.50126787421917,30.22834317685956,18.224191155724192,76.58529726666188,48.89700214138223
W kernel support pred7 [pixels],46.57083729825884,36.613970626312714,46.434924983282926,46.434924983282926,78.25792064759224,87.85664008858933,71.3377045900706,39.39009933030901,67.7338223762007,30.733721580498937,37.87792862286041,71.9889630410224,71.9889630410224,74.95857460982158,74.95857460982158,72.0006871374056,41.827616169306815,41.827616169306815,39.68942638914485,24.66521132835646,45.294873270961155,27.26621212440751,97.16721116040866,61.956994473684134
W kernel support pred8 [pixels],,,,,90.00619617067873,101.06883347924793,82.03302982104466,45.25446377100666,77.8816499178853,35.29887049458742,43.514999950850495,82.78328995303433,82.78328995303433,86.20457128615256,86.20457128615256,82.7967964748839,48.058647557318615,48.058647557318615,45.59879865488241,28.322486817098486,,,111.80298154370918,71.22847902490123
W kernel support pred9 [pixels],,,,,105.01925352127309,117.9591044594401,95.69654306348379,52.734564742130985,90.84368254333869,41.118774702394916,50.704560204480764,96.57366645081304,96.57366645081304,100.57379551389145,100.57379551389145,96.58945706622812,56.007526865170846,56.007526865170846,53.13643613033261,32.983105474265656,,,130.51972338093157,83.06804923255139
W kernel support pred10 [pixels],,,,,119.44341999858986,134.19322328854605,108.82018106333528,59.90752367509551,103.29154811427198,46.696715026366846,57.59829105094583,109.81953547605421,109.81953547605421,114.37744167462394,114.37744167462394,109.83752683209835,63.63109126460325,63.63109126460325,60.364695825562066,37.448097384750334,,,148.51583306915882,94.43493213949182
W kernel support pred11 [pixels],,,,,133.393418255643,149.89922273930674,121.5089883828459,66.83270597093336,115.3252226468829,52.07935593103032,64.25335027845213,122.62685542336939,122.62685542336939,127.72562701952127,127.72562701952127,122.6469806122649,70.99225520273775,70.99225520273775,67.34337959028838,41.75512594333884,,,165.9321336866206,105.42093701006121
"W kernel support pred, ff0 [pixels]",11.475901421917374,10.940478463726397,11.467943135691309,11.467943135691309,14.151983017094153,15.03046346645219,13.548533889268608,11.21859019413046,13.245640045227008,10.761789031807874,11.132329655245387,13.604136153421582,13.604136153421582,13.8608708812341,13.8608708812341,13.605139477100037,11.363054037002216,11.363054037002216,11.235973880877177,10.498766407143322,11.401863041907912,10.534752724444056,15.921167234609925,12.778261170857148
"W kernel support pred, ff1 [pixels]",12.46684745272076,11.59411396127277,12.45402558992414,12.45402558992414,16.88082812036266,18.229624671309626,15.940349175209773,12.150070314535784,15.463232885268981,11.363084277369342,12.002927972837048,16.027546820543822,16.027546820543822,16.42870418253915,16.42870418253915,16.029119209126616,12.395088369646366,12.395088369646366,12.17964585025013,10.900389974885762,12.347397290815113,10.91726553599191,19.577173799350412,14.719419383431497
"W kernel support pred, ff2 [pixels]",14.091028278778202,12.695975841187682,14.070831034123918,14.070831034123918,19.63993514685455,21.42370987961932,18.384703491233598,13.171218609816101,17.74355761097212,12.03807699010799,12.961243853589838,18.501542867276846,18.501542867276846,19.037821282579984,19.037821282579984,18.503648854841032,13.519145823733565,13.519145823733565,13.213327827062493,11.35866340633665,13.902552973830256,11.579665839202596,23.190545506641136,16.737163251137922
"W kernel support pred, ff3 [pixels]",16.524322143957328,14.40075229019725,16.494039084022564,16.494039084022564,25.057317649768947,27.631058852144495,23.228204395320052,15.345435866767595,22.286799504779584,12.911344990800297,15.011795408363197,23.39920458616008,23.39920458616008,24.182046446120303,24.182046446120303,23.40228530338404,15.894214522180977,15.894214522180977,15.412116415202107,12.387666800588905,16.241260832796144,12.6408712483218,30.157688968119565,20.79735042779786
"W kernel support pred, ff4 [pixels]",20.19354104008781,17.05458319205121,20.149397187405086,20.149397187405086,35.296973841103885,39.25818265654083,32.460398280651894,19.828788015767984,30.99161138846746,16.70208856129283,19.267192961498026,32.72649506205388,32.72649506205388,33.942192529496936,33.942192529496936,32.731287164200275,20.744961525689874,20.744961525689874,19.940593904618932,14.6799763668701,19.780317635791214,14.359751552689366,43.12143313096221,28.65251325305394
"W kernel support pred, ff5 [pixels]",25.380529719202592,20.909196533573965,25.31831805816408,25.31831805816408,44.85223459184767,50.057125415275095,41.11483496176587,24.24669355520944,39.175210126826315,19.940333445074643,23.480033555777865,41.4658836543172,41.4658836543172,43.06846638150597,43.06846638150597,41.472204722120296,25.49240708911499,25.49240708911499,24.399034422433438,17.087532080225515,24.797547085058607,16.955322135917086,55.12174699797478,36.078475817207305
"W kernel support pred, ff6 [pixels]",32.64615761468355,26.417713108984884,32.56013755286596,32.56013755286596,62.527411827536866,55.21975413579698,57.16083015708652,32.685825532906144,54.371199728855785,26.268717427319714,31.552741058096466,57.66535816261444,57.66535816261444,59.967340749239064,59.967340749239064,57.67444186905284,34.520402325138946,34.520402325138946,32.91059472262193,21.915735185068574,31.839483840319897,20.787523740945574,77.23540481814649,49.90908552973435
"W kernel support pred, ff7 [pixels]",47.63237225523096,37.95501080258692,47.499497452111136,47.499497452111136,78.8942465841765,88.42391762219043,72.03518651450956,40.6396349054911,68.46802679857736,32.31967886888151,39.175725606024294,72.68019537481781,72.68019537481781,75.62266794775353,75.62266794775353,72.69180798589731,43.00638876268102,43.00638876268102,40.92982490921928,26.61527099002533,46.38561786407972,29.042147365737048,97.68043266023878,62.75881742203343
"W kernel support pred, ff8 [pixels]",,,,,90.56000965721405,101.56234095793552,82.64029272467761,46.346159400767554,78.52102517117339,36.6880124590261,44.649246586280924,83.38508916735746,83.38508916735746,86.78264867258522,86.78264867258522,83.39849822690663,49.0880189561421,49.0880189561421,46.68244251073958,30.036032685837817,,,112.24930593131957,71.92702012596375
"W kernel support pred, ff9 [pixels]",,,,,105.49428235769668,118.38222132091076,96.21760937739623,53.67433575315119,91.39242122864947,42.31729709027164,51.68125797162657,97.09002550083552,97.09002550083552,101.06972021367258,101.06972021367258,97.10573214980012,56.89326028232899,56.89326028232899,54.06922271156592,34.465711173955675,,,130.90224670124994,83.66780027765509
"W kernel support pred, ff10 [pixels]",,,,,119.86129726045657,134.5653045051717,109.27868871219619,60.73640912074182,103.77448584234452,47.75545198460293,58.45992757427491,110.27388798884498,110.27388798884498,114.81375860075309,114.81375860075309,110.29180522863847,64.41207786994816,64.41207786994816,61.187388423699126,38.760288927428604,,,148.85211678785845,94.96292122818477
"W kernel support pred, ff11 [pixels]",,,,,133.7677241860865,150.2324098783225,121.9197861621426,67.57670151314898,115.7579672357506,53.03073933287129,65.02686384876226,123.03392081464338,123.03392081464338,128.1164930738032,128.1164930738032,123.05397942896961,71.69309798558467,71.69309798558467,68.08179473722522,42.93588874757443,,,166.23318859299587,105.89416395665671
W kernel support bw0 [pixels],1.419034125763231,1.1191507115664558,2.602629596781116,2.602629596781116,0.7054961617134274,2.822347793048149,0.6442949013805938,1.2819746046786393,0.6123499632722058,3.9769464624432977,1.233360965358753,0.6500622904642444,0.6500622904642444,0.6763398693978692,0.6763398693978692,0.6501661012808015,0.6315829964296474,0.6315829964296474,0.599721200495101,1.48355895703062,1.3806885981761712,3.3137614526669648,0.5977897158241694,1.300115113501338
W kernel support bw1 [pixels],1.8750280140454454,1.4786716480429538,3.4398134272935845,3.4398134272935845,0.9565651744507477,3.8287595756014774,0.8735660568902176,1.7384928971415576,0.8302445205561503,5.396265773161881,1.672545761039223,0.8813874780764397,0.8813874780764397,0.9170240283473013,0.9170240283473013,0.8815282609237413,0.8563269484514716,0.8563269484514716,0.8131184752250079,2.0119683915095607,1.824344021121919,4.380261040549611,0.8104991722722382,1.7631018831737684
W kernel support bw2 [pixels],2.4981000072474124,1.9698558225372578,4.584270763403046,4.584270763403046,1.187261070020478,4.754241616062305,1.0842263506431296,2.1580749396777152,1.0304483750052529,6.701887616169602,2.076188699700125,1.0939357008137833,1.0939357008137833,1.1381745087643687,1.1381745087643687,1.0941104659649659,1.06282617230528,1.06282617230528,1.0091888748913977,2.4976637755484683,2.4305465103784933,5.8385495585458145,1.0059374018116147,2.1886321800890354
W kernel support bw3 [pixels],3.3066372646555613,2.607143021851369,6.070210120719809,6.070210120719809,1.6100099915489645,6.45184522392602,1.4702453512487423,2.927201141695875,1.3972992240608024,8.167180019533298,2.8160791394702267,1.4834156148021358,1.4834156148021358,1.5434241724720104,1.5434241724720104,1.4836526758203623,1.4412172576884814,1.4412172576884814,1.368462689358122,3.3880685087597615,3.2171769745456653,7.732504504793302,1.3640523945158451,2.968669068359725
W kernel support bw4 [pixels],4.403934732953799,3.4718601321014426,8.088175257741485,8.088175257741485,2.363490698114921,9.48232879352769,2.1582183902909065,4.298746335041483,2.0510886315667642,13.377584322637206,4.135437396730341,2.1775608919213467,2.1775608919213467,2.265694187129412,2.265694187129412,2.1779090527542966,2.1155867869522074,2.1155867869522074,2.0087400681406065,4.976135971978403,4.28471795073036,10.305458003163404,2.0022632874404396,4.359691114233855
W kernel support bw5 [pixels],5.846644983307421,4.6085076242929635,10.743484276549799,10.743484276549799,3.0438615515751484,12.223485774842429,2.779395660037243,5.537906189181903,2.641379780355739,17.251576678691208,5.32739600745326,2.80431519323992,2.80431519323992,2.917861827568481,2.917861827568481,2.8047637407613735,2.7244725830667837,2.7244725830667837,2.5868231327726603,6.411167561904379,5.688263753908376,13.692441299224908,2.5784793130767083,5.616467948256312
W kernel support bw6 [pixels],7.774185605028467,6.126700291238383,14.294509352763406,14.294509352763406,4.276568218574816,13.520518481644045,3.9047636334431566,7.784534287417758,3.710746121456433,24.290852502050452,7.488336049508016,3.9397956672361594,3.9397956672361594,4.099424418410833,4.099424418410833,3.9404262411614672,3.8275536107967154,3.8275536107967154,3.6340553067676504,9.013451871806671,7.563412853397336,18.224191155724192,3.622326461738475,7.895079342423817
W kernel support bw7 [pixels],11.611744522362034,9.147984558066284,21.374471004921364,21.374471004921364,5.4012144834663385,21.750850968693783,4.931388015842288,9.835747821544643,4.686235537987266,30.73372158049894,9.461201789119695,4.975654181455923,4.975654181455923,5.177364016023371,5.177364016023371,4.976450972222734,4.833827347652095,4.833827347652095,4.589335187992316,11.389931455310368,11.296467112854549,27.26621212440751,4.574515712308241,9.97553826208898
W kernel support bw8 [pixels],,,,,6.196182922495169,24.973062983922542,5.657019483026906,11.28648024083183,5.375699148386967,35.298870494587426,10.856462446495785,5.707817195104738,5.707817195104738,5.939292968080069,5.939292968080069,5.708731556087872,5.545064508331167,5.545064508331167,5.264505151492463,13.07099883552456,,,5.247499787998698,11.446977966229854
W kernel support bw9 [pixels],,,,,7.207514576410711,29.078407172271262,6.580087734187357,13.13296294969718,6.252730518727099,41.11877470239492,12.632273845822692,6.639199493858408,6.639199493858408,6.908565500749799,6.908565500749799,6.640263511439693,6.44981042931294,6.44981042931294,6.123343275323867,15.210974597173532,,,6.103555702775707,13.319842964279395
W kernel support bw10 [pixels],,,,,8.174679066890269,33.010584345530376,7.462788435367604,14.899711909625731,7.091379606686932,46.69671502636686,14.331336336730528,7.5298559670773315,7.5298559670773315,7.835480385604614,7.835480385604614,7.531063192843766,7.314978634634828,7.314978634634828,6.944584336912188,17.258865562124136,,,6.922134668937299,15.111861037034796
W kernel support bw11 [pixels],,,,,9.106117942260592,36.80290424506855,8.312834947287904,16.601998601526603,7.898979424455187,52.07935593103033,15.968347332643372,8.387568625021988,8.387568625021988,8.728132342925266,8.728132342925266,8.388913846172885,8.14813115389296,8.14813115389296,7.735410935515887,19.232320242923667,,,7.710396278567003,16.83851779880985
"W kernel support bw, ff0 [pixels]",10.100181080063892,10.062430040263619,10.333135091444467,10.333135091444467,10.024855352282763,10.390651907600589,10.020734300436521,10.081838070859943,10.018731081205816,10.761789031807874,10.075771894543399,10.02110677427816,10.02110677427816,10.022845684681428,10.022845684681428,10.021113508949725,10.01992500378017,10.01992500378017,10.017967135019124,10.109448411213432,10.094865081076303,10.534752724444056,10.017851693069984,10.084160813293023
"W kernel support bw, ff1 [pixels]",10.17426803526697,10.10873235587559,10.575079972018615,10.575079972018615,10.045646665743924,10.707912956676479,10.038083365650571,10.149992982924257,10.034406109178237,11.363084277369342,10.138905726101328,10.03876705011676,10.03876705011676,10.041958627108873,10.041958627108873,10.038779411602151,10.036597822103076,10.036597822103076,10.033003620788355,10.20039297323557,10.165049488684415,10.91726553599191,10.032791680696555,10.154236960522976
"W kernel support bw, ff2 [pixels]",10.307303412930539,10.192170130133423,11.000706269698867,11.000706269698867,10.070232810039009,11.072615469883289,10.05860560810637,10.23021443789254,10.052951002245607,12.03807699010799,10.213254110065142,10.059656819072654,10.059656819072654,10.064563637455972,10.064563637455972,10.059675825379966,10.056321368797692,10.056321368797692,10.050794107193946,10.307197695575992,10.291139700689767,11.579665839202596,10.050468151104381,10.236704099451215
"W kernel support bw, ff3 [pixels]",10.53251394492354,10.334272820880447,11.698181521488252,11.698181521488252,10.128777427354573,11.900685139667253,10.107503222501022,10.419621227470106,10.097150346585957,12.911344990800297,10.388950944140577,10.109427376772572,10.109427376772572,10.11840689912058,10.11840689912058,10.109462164846798,10.103321591628127,10.103321591628127,10.093200192811262,10.55836200459378,10.504771662703897,12.6408712483218,10.092603179308322,10.431346798828796
"W kernel support bw, ff4 [pixels]",10.926785489434522,10.58554735367404,12.861515423928143,12.861515423928143,10.27550914943273,13.780949145416809,10.230244699917488,10.88481603211706,10.208181256940064,16.70208856129283,10.82136047187579,10.234342745776365,10.234342745776365,10.253456497669067,10.253456497669067,10.234416829603392,10.221335893762946,10.221335893762946,10.199756696184156,11.16968796393245,10.879283428485122,14.359751552689366,10.198483135850733,10.909028674063041
"W kernel support bw, ff5 [pixels]",11.58374971936263,11.010828421293576,14.677276804655309,14.677276804655309,10.45299445829555,15.792833959988789,10.379067406806541,11.43102816723759,10.342963170391362,19.940333445074643,11.330540508741361,10.385768325118574,10.385768325118574,10.417001374905414,10.417001374905414,10.385889448741967,10.36449472265207,10.36449472265207,10.329165209262932,11.878681303360864,11.50462274627151,16.955322135917086,10.3270787528693,11.46929432065419
"W kernel support bw, ff6 [pixels]",12.666410771068174,11.727593805152893,17.445142522669183,17.445142522669183,10.876076302055083,16.81678982482918,10.735323890459021,12.672765052346811,10.666285050471132,26.268717427319714,12.493005114477514,10.748115644129106,10.748115644129106,10.80764916909607,10.80764916909607,10.748346801347354,10.707481806826616,10.707481806826616,10.639847647999764,13.46262658790532,12.538150341694584,20.787523740945574,10.635847356718259,12.740968480581344
"W kernel support bw, ff7 [pixels]",15.324249112194853,13.553066866012992,23.598050994525465,23.598050994525465,11.365435226880075,23.939497026093242,11.149824561973741,14.02647265740821,11.043586533255164,32.31967886888152,13.766420714711641,11.169473332858619,11.169473332858619,11.260776978273464,11.260776978273464,11.169828301229012,11.107019709485948,11.107019709485948,11.002817705830832,15.156864403849122,15.086754761439067,29.042147365737048,10.996644670178034,14.1248491538282
"W kernel support bw, ff8 [pixels]",,,,,11.76404194182513,26.90081550434786,11.489206649344679,15.079278372212887,11.35333172835042,36.6880124590261,14.760175366579261,11.514303154456778,11.514303154456778,11.630786773072808,11.630786773072808,11.514756444644128,11.434497820261019,11.434497820261019,11.301106781642703,16.457551778994482,,,11.293195031745727,15.19977975364616
"W kernel support bw, ff9 [pixels]",,,,,12.326729751607798,30.749857945629547,11.970695660219706,16.50680816627245,11.793923814397873,42.31729709027164,16.111311011704046,12.003289962308239,12.003289962308239,12.154352194919742,12.154352194919742,12.003878519101958,11.89958211762388,11.89958211762388,11.725840390669404,18.20367403014728,,,11.715519289254141,16.65587633818957
"W kernel support bw, ff10 [pixels]",,,,,12.916089882261346,34.49200891269419,12.477708572933432,17.944397872033566,12.259186952083539,47.75545198460293,17.47533121850607,12.51793636686695,12.51793636686695,12.704123459459714,12.704123459459714,12.518662580907202,12.389871364350963,12.389871364350963,12.174861461736889,19.946639829592215,,,12.162070069478455,18.120936620457847
"W kernel support bw, ff11 [pixels]",,,,,13.524843214557436,38.13730143667331,13.00396958089533,19.381082466288902,12.743385576367311,53.0307393328713,18.841128324384897,13.051869882873229,13.051869882873229,13.273292515258529,13.273292515258529,13.052734407721287,12.89930390761614,12.89930390761614,12.64264934028065,21.676765024476587,,,12.62735961207013,19.584067035752206
-- I/O --,,,,,,,,,,,,,,,,,,,,,,,,
Visibility Buffer [PetaBytes],11.79660516904192,12.738016150411003,11.79660516904192,11.79660516904192,5.18522443962308,0.32406752516500914,6.39630715249548,1.1914559999999998,3.7550875781415987,0.027428195196651312,5.120573970193088,0.23584145480395563,0.23584145480395563,15.534329921756584,15.534329921756584,11.504461209949055,12.974414343922646,12.974414343922646,13.315159628954358,15.616652083199998,8.28232973512208,16.46046216192,15.616652083199998,15.616652083199998
Working (cache) memory [TeraBytes],0.057471989705396846,0.030191103348186202,0.05697109711068078,0.05697109711068078,1.1876325443596056,0.017000379326963577,1.1082237317811179,0.034502576242618974,0.7588559045276144,2.1316572884332628e-05,0.13180097608430558,2.048619317050828,2.048619317050828,3.124700559157925,3.124700559157925,2.049625181196323,0.4501521971181883,0.4501521971181883,0.3944724262061051,0.11057302759651867,0.03712920361307686,0.01613075169306393,6.8702800402048005,1.7691269084163617
I/O Rate [TeraBytes/s],27.033886845721064,6.634383411672397,12.015060820320473,12.015060820320473,64.6952771517787,0.16878516935677557,79.80577674062647,0.6205499999999998,63.888642822548015,0.002164472474483216,11.734648681692493,143.53945815191065,143.53945815191065,193.81953305154627,193.81953305154627,143.53945815191065,82.59175797635943,82.59175797635943,84.7608541195011,3.6149657599999996,18.98033897632143,0.9525730417777777,322.09344921599995,14.459863039999998
-- Compute --,,,,,,,,,,,,,,,,,,,,,,,,
Total Compute Requirement [PetaFLOPS],17.927828394571687,1.917540346067363,18.42137249042525,18.42137249042525,42.96932424854211,0.16599528187140156,43.45621700792643,0.4076650295809837,31.11389202189906,0.0035953449107720297,9.383516935350757,79.64700503991719,79.64700503991719,117.36517930223663,117.36517930223663,79.68028446027823,28.376956139649714,28.376956139649714,26.088527475102577,2.394603522919061,11.957347495080409,1.8392564254405679,206.81163299331948,13.03561036834151
-> Gridding [PetaFLOPS],2.246595793169761,0.2764329693348398,2.353545602178543,2.353545602178543,3.3462340020242722,0.01775024470540806,3.458696774262622,0.045699305846041045,2.508055391194734,0.0009660460642591696,0.9317110485586347,6.321809753009429,6.321809753009429,9.229057334083501,9.229057334083501,6.325447472213283,2.6379803661643337,2.6379803661643337,2.4685615036226745,0.33601483703449025,1.5218165090085614,0.3616252747055156,15.44771614613695,1.2184490302731046
-> FFT [PetaFLOPS],9.389593125373972,0.6102782489422657,9.469894422143943,9.469894422143943,26.212587783667146,0.056342066671177075,26.50303083973946,0.1714927150236775,18.895436428004288,0.00038844030526098553,5.370364280592052,48.812745090769845,48.812745090769845,72.10503121424917,72.10503121424917,48.81925636555701,16.89560373880597,16.89560373880597,15.472171663129425,0.8903077350705322,6.231390058382591,0.43933265936876165,127.54060983021253,5.845594975691187
-> Phase Rotation [PetaFLOPS],0.04792689751150005,0.007786476134305244,0.02176412048787177,0.02176412048787177,0.03491784268355722,0.00014928913612575654,0.04323030582000518,0.00028301495969162754,0.03448293517976272,0.0,0.006748245744387644,0.07743027822933951,0.07743027822933951,0.10495627125668877,0.10495627125668877,0.07744327532389637,0.04509706406705213,0.04509706406705213,0.046264549310737396,0.0018920306902437403,0.03364920348411489,0.0,0.17477769766431586,0.00635814309281611
-> Projection [PetaFLOPS],0.12500623509538658,0.321148764487302,0.1505840071619567,0.1505840071619567,0.33121191160827895,0.03793557167764722,0.2716020501878684,0.053457836574017516,0.2417530959913129,0.00015004287542091688,0.1279540918226727,0.28050593204743496,0.28050593204743496,0.31816621112888394,0.31816621112888394,0.29166412595637736,0.0945174751147343,0.0945174751147343,0.07671571315685134,0.2688244738221389,0.05939767939117091,0.15063907698633144,0.5381147751577723,1.8129468776725697
-> Convolution [PetaFLOPS],6.118706343421069,0.7018938871686499,6.425584338452935,6.425584338452935,13.044372708558853,0.053818109681043426,13.179657037916481,0.13673215717755607,9.434164171528954,0.0020908156658309574,2.9467392686330136,24.154513985861154,24.154513985861154,35.6079682715184,35.6079682715184,24.166473221227644,8.703757495497628,8.703757495497628,8.024814045882888,0.8975644463016554,4.111094044813972,0.8876594143799593,63.110414544147886,4.152261341611834
