,Ingest (Low) [blcoal] [spbf],ICAL (Low) [blcoal] [spbf],RCAL (Low) [blcoal] [spbf],DPrepA (Low) [blcoal] [spbf],DPrepA_Image (Low) [blcoal] [spbf],DPrepB (Low) [blcoal] [spbf],DPrepC (Low) [blcoal] [spbf],DPrepD (Low) [blcoal] [spbf],Fast_Img (Low) [blcoal] [spbf],Ingest (Mid1) [blcoal] [spbf],ICAL (Mid1) [blcoal] [spbf],RCAL (Mid1) [blcoal] [spbf],DPrepA (Mid1) [blcoal] [spbf],DPrepA_Image (Mid1) [blcoal] [spbf],DPrepB (Mid1) [blcoal] [spbf],DPrepC (Mid1) [blcoal] [spbf],DPrepD (Mid1) [blcoal] [spbf],Fast_Img (Mid1) [blcoal] [spbf]
-- Parameters --,,,,,,,,,,,,,,,,,,
Telescope,SKA1_Low,SKA1_Low,SKA1_Low,SKA1_Low,SKA1_Low,SKA1_Low,SKA1_Low,SKA1_Low,SKA1_Low,SKA1_Mid,SKA1_Mid,SKA1_Mid,SKA1_Mid,SKA1_Mid,SKA1_Mid,SKA1_Mid,SKA1_Mid,SKA1_Mid
Band,Low,Low,Low,Low,Low,Low,Low,Low,Low,Mid1,Mid1,Mid1,Mid1,Mid1,Mid1,Mid1,Mid1,Mid1
Frequency Min [GHz],0.05,0.05,0.05,0.05,0.05,0.05,0.05,0.05,0.05,0.35,0.35,0.35,0.35,0.35,0.35,0.35,0.35,0.35
Frequency Max [GHz],0.35,0.35,0.35,0.35,0.35,0.35,0.35,0.35,0.35,1.05,1.05,1.05,1.05,1.05,1.05,1.05,1.05,1.05
Pipeline,Ingest,ICAL,RCAL,DPrepA,DPrepA_Image,DPrepB,DPrepC,DPrepD,Fast_Img,Ingest,ICAL,RCAL,DPrepA,DPrepA_Image,DPrepB,DPrepC,DPrepD,Fast_Img
Baseline coalescing,True,True,True,True,True,True,True,True,True,True,True,True,True,True,True,True,True,True
On-the-fly kernels,False,False,False,False,False,False,False,False,False,False,False,False,False,False,False,False,False,False
Scale predict by facet,True,True,True,True,True,True,True,True,True,True,True,True,True,True,True,True,True,True
Max # of channels,65536,65536,65536,65536,65536,65536,65536,65536,65536,65536,65536,65536,65536,65536,65536,65536,65536,65536
Max Baseline [m],80000,80000,80000,80000,80000,80000,80000,80000,80000,150000,150000,150000,150000,150000,150000,150000,150000,150000
Observation Time [s],21600.0,21600.0,21600.0,21600.0,21600.0,21600.0,21600,21600,1.0,21600.0,21600.0,21600.0,21600.0,21600.0,21600.0,21600,21600,1.0
Snapshot Time [s],21600.0,62.5162714111801,62.51626709516784,25.26333010908151,37.73113563807397,30.27090915128768,73.31148972065819,21600.0,1.0,21600.0,242.98729087433043,242.9872769975407,140.7155659141223,175.15843684131312,98.13360513361582,1065.683015192927,21600.0,1.0
Facets,1.0,5.0,5.0,1.0,2.0,2.0,1.0,1.0,1.0,1.0,10.0,10.0,4.0,4.0,3.0,8.0,1.0,1.0
Stations/antennas,512,512,512,512,512,512,512,512,512,197,197,197,197,197,197,197,197,197
Max Baseline [per bin]0 [m],4900,4900,4900,4900,4900,4900,4900,4900,4900,5000.0,5000.0,5000.0,5000.0,5000.0,5000.0,5000.0,5000.0,5000.0
Max Baseline [per bin]1 [m],7100,7100,7100,7100,7100,7100,7100,7100,7100,7500.0,7500.0,7500.0,7500.0,7500.0,7500.0,7500.0,7500.0,7500.0
Max Baseline [per bin]2 [m],10400,10400,10400,10400,10400,10400,10400,10400,10400,10000.0,10000.0,10000.0,10000.0,10000.0,10000.0,10000.0,10000.0,10000.0
Max Baseline [per bin]3 [m],15100,15100,15100,15100,15100,15100,15100,15100,15100,15000.0,15000.0,15000.0,15000.0,15000.0,15000.0,15000.0,15000.0,15000.0
Max Baseline [per bin]4 [m],22100,22100,22100,22100,22100,22100,22100,22100,22100,25000.0,25000.0,25000.0,25000.0,25000.0,25000.0,25000.0,25000.0,25000.0
Max Baseline [per bin]5 [m],32200,32200,32200,32200,32200,32200,32200,32200,32200,35000.0,35000.0,35000.0,35000.0,35000.0,35000.0,35000.0,35000.0,35000.0
Max Baseline [per bin]6 [m],47000,47000,47000,47000,47000,47000,47000,47000,47000,55000.0,55000.0,55000.0,55000.0,55000.0,55000.0,55000.0,55000.0,55000.0
Max Baseline [per bin]7 [m],80000,80000,80000,80000,80000,80000,80000,80000,80000,75000.0,75000.0,75000.0,75000.0,75000.0,75000.0,75000.0,75000.0,75000.0
Max Baseline [per bin]8 [m],,,,,,,,,,90000.0,90000.0,90000.0,90000.0,90000.0,90000.0,90000.0,90000.0,90000.0
Max Baseline [per bin]9 [m],,,,,,,,,,110000.0,110000.0,110000.0,110000.0,110000.0,110000.0,110000.0,110000.0,110000.0
Max Baseline [per bin]10 [m],,,,,,,,,,130000.0,130000.0,130000.0,130000.0,130000.0,130000.0,130000.0,130000.0,130000.0
Max Baseline [per bin]11 [m],,,,,,,,,,150000.0,150000.0,150000.0,150000.0,150000.0,150000.0,150000.0,150000.0,150000.0
Baseline fraction [per bin]0,0.524239919747576,0.524239919747576,0.524239919747576,0.524239919747576,0.524239919747576,0.524239919747576,0.524239919747576,0.524239919747576,0.524239919747576,0.6148904201149844,0.6148904201149844,0.6148904201149844,0.6148904201149844,0.6148904201149844,0.6148904201149844,0.6148904201149844,0.6148904201149844,0.6148904201149844
Baseline fraction [per bin]1,0.079116159492088389,0.079116159492088389,0.079116159492088389,0.079116159492088389,0.079116159492088389,0.079116159492088389,0.079116159492088389,0.079116159492088389,0.079116159492088389,0.050619138909465761,0.050619138909465761,0.050619138909465761,0.050619138909465761,0.050619138909465761,0.050619138909465761,0.050619138909465761,0.050619138909465761,0.050619138909465761
Baseline fraction [per bin]2,0.059153457094084663,0.059153457094084663,0.059153457094084663,0.059153457094084663,0.059153457094084663,0.059153457094084663,0.059153457094084663,0.059153457094084663,0.059153457094084663,0.028392311305309354,0.028392311305309354,0.028392311305309354,0.028392311305309354,0.028392311305309354,0.028392311305309354,0.028392311305309354,0.028392311305309354,0.028392311305309354
Baseline fraction [per bin]3,0.091502783190849729,0.091502783190849729,0.091502783190849729,0.091502783190849729,0.091502783190849729,0.091502783190849729,0.091502783190849729,0.091502783190849729,0.091502783190849729,0.050878192809514208,0.050878192809514208,0.050878192809514208,0.050878192809514208,0.050878192809514208,0.050878192809514208,0.050878192809514208,0.050878192809514208,0.050878192809514208
Baseline fraction [per bin]4,0.073959481192604051,0.073959481192604051,0.073959481192604051,0.073959481192604051,0.073959481192604051,0.073959481192604051,0.073959481192604051,0.073959481192604051,0.073959481192604051,0.071395264513350903,0.071395264513350903,0.071395264513350903,0.071395264513350903,0.071395264513350903,0.071395264513350903,0.071395264513350903,0.071395264513350903,0.071395264513350903
Baseline fraction [per bin]5,0.10568718038943128,0.10568718038943128,0.10568718038943128,0.10568718038943128,0.10568718038943128,0.10568718038943128,0.10568718038943128,0.10568718038943128,0.10568718038943128,0.03756282060702424,0.03756282060702424,0.03756282060702424,0.03756282060702424,0.03756282060702424,0.03756282060702424,0.03756282060702424,0.03756282060702424,0.03756282060702424
Baseline fraction [per bin]6,0.060915910793908408,0.060915910793908408,0.060915910793908408,0.060915910793908408,0.060915910793908408,0.060915910793908408,0.060915910793908408,0.060915910793908408,0.060915910793908408,0.057354541210725286,0.057354541210725286,0.057354541210725286,0.057354541210725286,0.057354541210725286,0.057354541210725286,0.057354541210725286,0.057354541210725286,0.057354541210725286
Baseline fraction [per bin]7,0.0054251080994574897,0.0054251080994574897,0.0054251080994574897,0.0054251080994574897,0.0054251080994574897,0.0054251080994574897,0.0054251080994574897,0.0054251080994574897,0.0054251080994574897,0.054815812710250551,0.054815812710250551,0.054815812710250551,0.054815812710250551,0.054815812710250551,0.054815812710250551,0.054815812710250551,0.054815812710250551,0.054815812710250551
Baseline fraction [per bin]8,,,,,,,,,,0.017356613603245682,0.017356613603245682,0.017356613603245682,0.017356613603245682,0.017356613603245682,0.017356613603245682,0.017356613603245682,0.017356613603245682,0.017356613603245682
Baseline fraction [per bin]9,,,,,,,,,,0.015180560602838761,0.015180560602838761,0.015180560602838761,0.015180560602838761,0.015180560602838761,0.015180560602838761,0.015180560602838761,0.015180560602838761,0.015180560602838761
Baseline fraction [per bin]10,,,,,,,,,,0.0010880265302034607,0.0010880265302034607,0.0010880265302034607,0.0010880265302034607,0.0010880265302034607,0.0010880265302034607,0.0010880265302034607,0.0010880265302034607,0.0010880265302034607
Baseline fraction [per bin]11,,,,,,,,,,0.00046629708308719751,0.00046629708308719751,0.00046629708308719751,0.00046629708308719751,0.00046629708308719751,0.00046629708308719751,0.00046629708308719751,0.00046629708308719751,0.00046629708308719751
-- Image --,,,,,,,,,,,,,,,,,,
Facet FoV size [deg],15.714851470342577,10.183223752781991,10.183223752781991,15.714851470342577,9.428910882205546,9.428910882205546,15.714851470342577,15.714851470342577,14.14336632330832,6.779057493779791,2.1964146279846526,2.1964146279846526,2.0337172481339376,2.0337172481339376,2.711622997511917,1.0168586240669688,6.779057493779791,6.101151744401812
Total FoV size [deg],15.714851470342577,42.43009896992496,42.43009896992496,15.714851470342577,15.714851470342577,15.714851470342577,15.714851470342577,15.714851470342577,14.14336632330832,6.77905749377979,18.303455233205437,18.303455233205437,6.77905749377979,6.77905749377979,6.77905749377979,6.77905749377979,6.77905749377979,6.101151744401811
PSF size [arcs],11.531210745827075,11.531210745827075,11.531210745827075,11.531210745827075,11.531210745827075,11.531210745827075,11.531210745827075,11.531210745827075,11.531210745827075,1.026706652111203,1.026706652111203,1.026706652111203,1.026706652111203,1.026706652111203,1.026706652111203,1.026706652111203,1.026706652111203,1.026706652111203
Pixel size [arcs],2.3062421491654153,2.3062421491654153,2.3062421491654153,2.3062421491654153,2.3062421491654153,2.3062421491654153,2.3062421491654153,2.3062421491654153,3.8437369152756915,0.20534133042224062,0.20534133042224062,0.20534133042224062,0.20534133042224062,0.20534133042224062,0.20534133042224062,0.20534133042224062,0.20534133042224062,0.34223555070373435
Facet side length [pixels],24530.583362075024,15895.818018624617,15895.818018624617,24530.583362075024,14718.350017245015,14718.350017245015,24530.583362075024,24530.583362075024,13246.515015520516,118848.97661578593,38507.06842351465,38507.06842351465,35654.69298473578,35654.69298473578,47539.59064631437,17827.34649236789,118848.97661578593,64178.4473725244
Image side length [pixels],24530.583362075024,66232.57507760258,66232.57507760258,24530.583362075024,24530.583362075024,24530.583362075024,24530.583362075024,24530.583362075024,13246.515015520516,118848.97661578593,320892.236862622,320892.236862622,118848.97661578593,118848.97661578593,118848.97661578593,118848.97661578593,118848.97661578593,64178.4473725244
Epsilon (approx),0.6666666666666672,0.6666666666666672,0.6666666666666672,0.6666666666666672,0.6666666666666672,0.6666666666666672,0.342997170285018,0.342997170285018,0.342997170285018,0.4441757193189375,0.4441757193189375,0.4441757193189375,0.4441757193189375,0.4441757193189375,0.4441757193189375,0.24373333911071637,0.24373333911071637,0.342997170285018
Qbw,2.2049999999999983,2.2049999999999983,2.2049999999999983,2.2049999999999983,2.2049999999999983,2.2049999999999983,4.285749642711291,4.285749642711291,4.285749642711291,3.309501028678418,3.309501028678418,3.309501028678418,3.309501028678418,3.309501028678418,3.309501028678418,6.031181476294671,6.031181476294671,4.285749642711291
Max subband ratio,1.35,1.35,1.35,1.35,1.35,1.35,1.35,1.35,1.35,1.35,1.35,1.35,1.35,1.35,1.35,1.35,1.35,1.35
Number subbands,7.0,7.0,7.0,7.0,7.0,7.0,7.0,7.0,7.0,4.0,4.0,4.0,4.0,4.0,4.0,4.0,4.0,4.0
Station/antenna diameter,35,35,35,35,35,35,35,35,35,13.5,13.5,13.5,13.5,13.5,13.5,13.5,13.5,13.5
-- Channelization --,,,,,,,,,,,,,,,,,,
Ionospheric timescale [s],10.0,10.0,10.0,10.0,10.0,10.0,10.0,10.0,10.0,10.0,10.0,10.0,10.0,10.0,10.0,10.0,10.0,10.0
Coalesce time pred0 [s],10.0,10.0,10.0,10.0,10.0,10.0,10.0,10.0,10.0,5.74,10.0,10.0,10.0,10.0,10.0,10.0,3.22,5.040000000000001
Coalesce time pred1 [s],10.0,10.0,10.0,10.0,10.0,10.0,8.1,8.1,9.0,3.7800000000000002,10.0,10.0,10.0,10.0,9.450000000000001,10.0,2.1,3.3600000000000003
Coalesce time pred2 [s],10.0,10.0,10.0,10.0,10.0,10.0,5.4,5.4,5.4,2.8000000000000003,8.166666666666668,8.166666666666668,9.333333333333334,9.333333333333334,7.000000000000001,10.0,1.54,2.5200000000000005
Coalesce time pred3 [s],7.2,10.0,10.0,7.2,10.0,10.0,3.6,3.6,3.6,1.8200000000000003,5.833333333333334,5.833333333333334,6.066666666666667,6.066666666666667,4.550000000000001,6.533333333333334,0.9800000000000001,1.6800000000000002
Coalesce time pred4 [s],4.5,7.5,7.5,4.5,7.5,7.5,1.8,1.8,2.7,1.12,3.5,3.5,3.733333333333334,3.733333333333334,2.8000000000000003,3.733333333333334,0.56,0.9800000000000001
Coalesce time pred5 [s],2.7,3.75,3.75,2.7,4.5,4.5,1.8,1.8,1.8,0.7000000000000001,2.3333333333333335,2.3333333333333335,2.3333333333333335,2.3333333333333335,1.7500000000000002,2.8000000000000003,0.42000000000000004,0.7000000000000001
Coalesce time pred6 [s],1.8,3.75,3.75,1.8,3.0,3.0,0.9,0.9,0.9,0.42000000000000004,1.1666666666666667,1.1666666666666667,1.4000000000000001,1.4000000000000001,1.05,1.866666666666667,0.28,0.42000000000000004
Coalesce time pred7 [s],0.9,3.75,3.75,0.9,1.5,1.5,0.9,0.9,0.9,0.28,1.1666666666666667,1.1666666666666667,0.9333333333333335,0.9333333333333335,0.7000000000000001,0.9333333333333335,0.14,0.28
Coalesce time pred8 [s],,,,,,,,,,0.28,1.1666666666666667,1.1666666666666667,0.9333333333333335,0.9333333333333335,0.7000000000000001,0.9333333333333335,0.14,0.28
Coalesce time pred9 [s],,,,,,,,,,0.14,1.1666666666666667,1.1666666666666667,0.46666666666666673,0.46666666666666673,0.35000000000000003,0.9333333333333335,0.14,0.14
Coalesce time pred10 [s],,,,,,,,,,0.14,1.1666666666666667,1.1666666666666667,0.46666666666666673,0.46666666666666673,0.35000000000000003,0.9333333333333335,0.14,0.14
Coalesce time pred11 [s],,,,,,,,,,0.14,1.1666666666666667,1.1666666666666667,0.46666666666666673,0.46666666666666673,0.35000000000000003,0.9333333333333335,0.14,0.14
Coalesce time bw0 [s],10.0,10.0,10.0,10.0,10.0,10.0,10.0,10.0,10.0,5.74,10.0,10.0,10.0,10.0,10.0,10.0,3.22,5.040000000000001
Coalesce time bw1 [s],10.0,10.0,10.0,10.0,10.0,10.0,8.1,8.1,9.0,3.7800000000000002,10.0,10.0,10.0,10.0,9.450000000000001,10.0,2.1,3.3600000000000003
Coalesce time bw2 [s],10.0,10.0,10.0,10.0,10.0,10.0,5.4,5.4,5.4,2.8000000000000003,8.166666666666668,8.166666666666668,9.333333333333334,9.333333333333334,7.000000000000001,10.0,1.54,2.5200000000000005
Coalesce time bw3 [s],7.2,10.0,10.0,7.2,10.0,10.0,3.6,3.6,3.6,1.8200000000000003,5.833333333333334,5.833333333333334,6.066666666666667,6.066666666666667,4.550000000000001,6.533333333333334,0.9800000000000001,1.6800000000000002
Coalesce time bw4 [s],4.5,7.5,7.5,4.5,7.5,7.5,1.8,1.8,2.7,1.12,3.5,3.5,3.733333333333334,3.733333333333334,2.8000000000000003,3.733333333333334,0.56,0.9800000000000001
Coalesce time bw5 [s],2.7,3.75,3.75,2.7,4.5,4.5,1.8,1.8,1.8,0.7000000000000001,2.3333333333333335,2.3333333333333335,2.3333333333333335,2.3333333333333335,1.7500000000000002,2.8000000000000003,0.42000000000000004,0.7000000000000001
Coalesce time bw6 [s],1.8,3.75,3.75,1.8,3.0,3.0,0.9,0.9,0.9,0.42000000000000004,1.1666666666666667,1.1666666666666667,1.4000000000000001,1.4000000000000001,1.05,1.866666666666667,0.28,0.42000000000000004
Coalesce time bw7 [s],0.9,3.75,3.75,0.9,1.5,1.5,0.9,0.9,0.9,0.28,1.1666666666666667,1.1666666666666667,0.9333333333333335,0.9333333333333335,0.7000000000000001,0.9333333333333335,0.14,0.28
Coalesce time bw8 [s],,,,,,,,,,0.28,1.1666666666666667,1.1666666666666667,0.9333333333333335,0.9333333333333335,0.7000000000000001,0.9333333333333335,0.14,0.28
Coalesce time bw9 [s],,,,,,,,,,0.14,1.1666666666666667,1.1666666666666667,0.46666666666666673,0.46666666666666673,0.35000000000000003,0.9333333333333335,0.14,0.14
Coalesce time bw10 [s],,,,,,,,,,0.14,1.1666666666666667,1.1666666666666667,0.46666666666666673,0.46666666666666673,0.35000000000000003,0.9333333333333335,0.14,0.14
Coalesce time bw11 [s],,,,,,,,,,0.14,1.1666666666666667,1.1666666666666667,0.46666666666666673,0.46666666666666673,0.35000000000000003,0.9333333333333335,0.14,0.14
Combined Samples0,25.0,9.0,9.0,25.0,25.0,25.0,13.0,13.0,14.0,41.0,15.0,15.0,41.0,41.0,41.0,23.0,23.0,36.0
Combined Samples1,17.0,6.0,6.0,17.0,17.0,17.0,9.0,9.0,10.0,27.0,10.0,10.0,27.0,27.0,27.0,15.0,15.0,24.0
Combined Samples2,12.0,4.0,4.0,12.0,12.0,12.0,6.0,6.0,6.0,20.0,7.0,7.0,20.0,20.0,20.0,11.0,11.0,18.0
Combined Samples3,8.0,3.0,3.0,8.0,8.0,8.0,4.0,4.0,4.0,13.0,5.0,5.0,13.0,13.0,13.0,7.0,7.0,12.0
Combined Samples4,5.0,2.0,2.0,5.0,5.0,5.0,2.0,2.0,3.0,8.0,3.0,3.0,8.0,8.0,8.0,4.0,4.0,7.0
Combined Samples5,3.0,1.0,1.0,3.0,3.0,3.0,2.0,2.0,2.0,5.0,2.0,2.0,5.0,5.0,5.0,3.0,3.0,5.0
Combined Samples6,2.0,1.0,1.0,2.0,2.0,2.0,1.0,1.0,1.0,3.0,1.0,1.0,3.0,3.0,3.0,2.0,2.0,3.0
Combined Samples7,1.0,1.0,1.0,1.0,1.0,1.0,1.0,1.0,1.0,2.0,1.0,1.0,2.0,2.0,2.0,1.0,1.0,2.0
Combined Samples8,,,,,,,,,,2.0,1.0,1.0,2.0,2.0,2.0,1.0,1.0,2.0
Combined Samples9,,,,,,,,,,1.0,1.0,1.0,1.0,1.0,1.0,1.0,1.0,1.0
Combined Samples10,,,,,,,,,,1.0,1.0,1.0,1.0,1.0,1.0,1.0,1.0,1.0
Combined Samples11,,,,,,,,,,1.0,1.0,1.0,1.0,1.0,1.0,1.0,1.0,1.0
"Channels total, no-smear",18320.11384684556,49462.65340286811,49462.65340286811,18320.11384684556,18320.11384684556,18320.11384684556,35606.9827446091,35606.9827446091,32046.381763758778,75334.76275845506,203402.925631113,203402.925631113,75334.76275845506,75334.76275845506,75334.76275845506,137288.40894903094,137288.40894903094,87801.4649224931
"Channels predict, no-smear0",1123.0200547686838,728.0592243433563,728.0592243433563,1123.0200547686838,674.2009154482648,674.2009154482648,2181.8409106014506,2181.8409106014506,1963.754084524924,2511.6897145573553,814.1586879068773,814.1586879068773,753.8913072681331,753.8913072681331,1005.0053854489457,686.9884579530388,4576.81127226378,2927.246459022404
"Channels predict, no-smear1",1626.7965167781667,1054.506449513207,1054.506449513207,1626.7965167781667,976.4668853257966,976.4668853257966,3161.0062248568347,3161.0062248568347,2845.002876807837,3767.259952131288,1220.9634817176923,1220.9634817176923,1130.5624189861267,1130.5624189861267,1507.2335084877068,1030.2081558361895,6864.942273636082,4390.595064095621
"Channels predict, no-smear2",2382.4611407963093,1544.177180900574,1544.177180900574,2382.4611407963093,1429.8657252918888,1429.8657252918888,4629.754160708587,4629.754160708587,4166.876025758605,5022.83018303477,1627.768254954736,1627.768254954736,1507.2335084877068,1507.2335084877068,2009.4616148571042,1373.4278293411337,9153.073271346264,5853.943663441757
"Channels predict, no-smear3",3458.7107104119405,2241.586938882596,2241.586938882596,3458.7107104119405,2075.6155109910283,2075.6155109910283,6721.607257574179,6721.607257574179,6049.543817415792,7533.970638170312,2441.3777808470027,2441.3777808470027,2260.575665262745,2260.575665262745,3013.917810920462,2059.86715195982,13729.335263104213,8780.640856407961
"Channels predict, no-smear4",5061.635568840222,3280.2822729956692,3280.2822729956692,5061.635568840222,3037.370456849887,3037.370456849887,9837.133129807215,9837.133129807215,8853.517105553552,12556.251540408359,4068.596807922735,4068.596807922735,3767.259952131288,3767.259952131288,5022.83018303477,3432.745767915875,22881.859242246133,14634.035235477146
"Channels predict, no-smear5",7374.427128148128,4778.971220927756,4778.971220927756,7374.427128148128,4425.045413284439,4425.045413284439,14332.391876912034,14332.391876912034,12899.249980086895,17578.532439633425,5695.815825583903,5695.815825583903,5273.94422883101,5273.94422883101,7031.742547520076,4805.624372714222,32034.383219760202,20487.429611910986
"Channels predict, no-smear6",10763.468209784225,6975.0698538862025,6975.0698538862025,10763.468209784225,6458.470076630774,6458.470076630774,20919.503696560292,20919.503696560292,18827.650619227432,27623.094235464625,8950.253853200655,8950.253853200655,8287.312773910124,8287.312773910124,11049.567270263373,7551.381573183239,50339.43117338024,32194.218362539585
"Channels predict, no-smear7",18320.113846845565,11871.776237515218,11871.776237515218,18320.113846845565,10992.457471761212,10992.457471761212,35606.98274460911,35606.98274460911,32046.381763758778,37667.65603029708,12204.691877411036,12204.691877411036,11300.681315299544,11300.681315299544,15067.391990198219,10297.138769598103,68644.47912648872,43901.00711260044
"Channels predict, no-smear8",,,,,,,,,,45201.07737624433,14645.520394671583,14645.520394671583,13560.707720387763,13560.707720387763,18080.76052947859,12356.456665854836,82373.26509018058,52681.09867435777
"Channels predict, no-smear9",,,,,,,,,,55245.639170555,17899.958417113157,17899.958417113157,16574.07625990824,16574.07625990824,22098.585247986757,15102.21386022389,100678.31304361316,64387.887423621025
"Channels predict, no-smear10",,,,,,,,,,65290.200964363954,21154.396439210148,21154.396439210148,19587.444798963337,19587.444798963337,26116.409966266117,17847.97105410027,118983.36099533516,76094.67617268747
"Channels predict, no-smear11",,,,,,,,,,75334.76275845508,24408.834461039172,24408.834461039172,22600.813337856664,22600.813337856664,30134.234684264968,20593.728247660394,137288.40894903094,87801.4649224931
"Channels backward, no-smear0",1123.0200547686838,728.0592243433563,728.0592243433563,1123.0200547686838,674.2009154482648,674.2009154482648,2181.8409106014506,2181.8409106014506,1963.754084524924,2511.6897145573553,814.1586879068773,814.1586879068773,753.8913072681331,753.8913072681331,1005.0053854489457,686.9884579530388,4576.81127226378,2927.246459022404
"Channels backward, no-smear1",1626.7965167781667,1054.506449513207,1054.506449513207,1626.7965167781667,976.4668853257966,976.4668853257966,3161.0062248568347,3161.0062248568347,2845.002876807837,3767.259952131288,1220.9634817176923,1220.9634817176923,1130.5624189861267,1130.5624189861267,1507.2335084877068,1030.2081558361895,6864.942273636082,4390.595064095621
"Channels backward, no-smear2",2382.4611407963093,1544.177180900574,1544.177180900574,2382.4611407963093,1429.8657252918888,1429.8657252918888,4629.754160708587,4629.754160708587,4166.876025758605,5022.83018303477,1627.768254954736,1627.768254954736,1507.2335084877068,1507.2335084877068,2009.4616148571042,1373.4278293411337,9153.073271346264,5853.943663441757
"Channels backward, no-smear3",3458.7107104119405,2241.586938882596,2241.586938882596,3458.7107104119405,2075.6155109910283,2075.6155109910283,6721.607257574179,6721.607257574179,6049.543817415792,7533.970638170312,2441.3777808470027,2441.3777808470027,2260.575665262745,2260.575665262745,3013.917810920462,2059.86715195982,13729.335263104213,8780.640856407961
"Channels backward, no-smear4",5061.635568840222,3280.2822729956692,3280.2822729956692,5061.635568840222,3037.370456849887,3037.370456849887,9837.133129807215,9837.133129807215,8853.517105553552,12556.251540408359,4068.596807922735,4068.596807922735,3767.259952131288,3767.259952131288,5022.83018303477,3432.745767915875,22881.859242246133,14634.035235477146
"Channels backward, no-smear5",7374.427128148128,4778.971220927756,4778.971220927756,7374.427128148128,4425.045413284439,4425.045413284439,14332.391876912034,14332.391876912034,12899.249980086895,17578.532439633425,5695.815825583903,5695.815825583903,5273.94422883101,5273.94422883101,7031.742547520076,4805.624372714222,32034.383219760202,20487.429611910986
"Channels backward, no-smear6",10763.468209784225,6975.0698538862025,6975.0698538862025,10763.468209784225,6458.470076630774,6458.470076630774,20919.503696560292,20919.503696560292,18827.650619227432,27623.094235464625,8950.253853200655,8950.253853200655,8287.312773910124,8287.312773910124,11049.567270263373,7551.381573183239,50339.43117338024,32194.218362539585
"Channels backward, no-smear7",18320.113846845565,11871.776237515218,11871.776237515218,18320.113846845565,10992.457471761212,10992.457471761212,35606.98274460911,35606.98274460911,32046.381763758778,37667.65603029708,12204.691877411036,12204.691877411036,11300.681315299544,11300.681315299544,15067.391990198219,10297.138769598103,68644.47912648872,43901.00711260044
"Channels backward, no-smear8",,,,,,,,,,45201.07737624433,14645.520394671583,14645.520394671583,13560.707720387763,13560.707720387763,18080.76052947859,12356.456665854836,82373.26509018058,52681.09867435777
"Channels backward, no-smear9",,,,,,,,,,55245.639170555,17899.958417113157,17899.958417113157,16574.07625990824,16574.07625990824,22098.585247986757,15102.21386022389,100678.31304361316,64387.887423621025
"Channels backward, no-smear10",,,,,,,,,,65290.200964363954,21154.396439210148,21154.396439210148,19587.444798963337,19587.444798963337,26116.409966266117,17847.97105410027,118983.36099533516,76094.67617268747
"Channels backward, no-smear11",,,,,,,,,,75334.76275845508,24408.834461039172,24408.834461039172,22600.813337856664,22600.813337856664,30134.234684264968,20593.728247660394,137288.40894903094,87801.4649224931
Frequencies predict ifft,0,500,500,500,500,100,500,500,100,0,500,500,500,500,100,500,500,100
Frequencies predict kernels0,6965.43862281431,295.92784479960636,295.92784448287426,295.756853261672,294.00302655787385,293.68107373004665,595.7190196733243,13537.461113775895,568.4362556970387,6535.104859086754,250.91407562135439,250.91407536309563,248.94801744664173,249.36023489204456,249.3514378778578,456.3235124181452,11909.018326105532,320.9447391063214
Frequencies predict kernels1,9312.784684896713,298.19691867081707,298.1969181218335,297.9004933619393,294.8534134443445,294.29274361668587,615.4087227218446,18099.881753647216,568.7191275714604,8986.551469016284,253.42736523127377,253.4273647607892,249.83501737900647,250.5899892262413,250.57388736808068,460.50311439868693,16376.495217053138,321.1775679609643
Frequencies predict kernels2,12588.334561202259,302.2695277008333,302.2695267391307,301.7500693242023,296.389157338236,295.3985031262297,649.636959783546,24466.406326993965,569.622148463563,11285.144701150904,256.3758504971499,256.3758497801876,250.88238929531423,252.04010954774606,252.01543588377208,465.4107485037654,20565.414571817124,321.63094464022424
Frequencies predict kernels3,16942.36379799136,309.15852058120873,309.1585189330521,308.26777067321467,299.0146128682749,297.2922931095234,704.7674519883964,32929.117993918495,572.3471355203595,15598.826171491737,263.29679706383274,263.29679577853074,253.3696385535605,255.47520114755744,255.43040347016506,476.94807754366934,28426.59834025773,323.4898038917681
Frequencies predict kernels4,23016.04974033832,321.20369365514676,321.20369083978596,319.6807455763873,303.6873423912381,300.67350912455043,794.6622899398573,44734.24150487495,580.9235154001583,23570.993753474908,280.073679858609,280.0736772499147,259.5621831627657,263.97682331524413,263.8832778403948,505.0102762643426,42954.9483909275,332.9430346251011
Frequencies predict kernels5,31255.193681948327,341.23581672889355,341.23581205541365,338.704389460526,311.6805301940865,306.4884669280981,931.3833093074933,60748.258825710844,606.6073626612161,31041.01726995775,299.42617096273716,299.42616690969834,266.97727707033823,274.0681685589207,273.91857763207133,537.5259350124119,56568.19916960008,353.1415823259769
Frequencies predict kernels6,42656.23431852444,374.1613697019883,374.1613621611715,370.0697251012284,325.37493421664806,316.53733788157524,1134.5738136459324,65536.0,680.8234890771128,45139.00928078515,342.3477061855232,342.3476991715823,284.35349652072796,297.38815058335376,297.11557549340466,610.077556969921,65536.0,433.4849908184258
Frequencies predict kernels7,65536.0,454.66637080589146,454.66635694593407,583.674984463602,374.57333542095876,374.57333542095876,1574.9427455345703,65536.0,1011.1921537914995,58555.43751499453,387.9117270920275,387.9117171990381,303.99981557821314,323.3014474227152,322.9009761958869,687.5789329153919,65536.0,565.3823411269022
Frequencies predict kernels8,,,,,,,,,,65536.0,422.71990655419614,422.71989459137814,319.7024613706821,343.7366559741818,343.2405236879449,747.0261945149172,65536.0,692.1474329256977
Frequencies predict kernels9,,,,,,,,,,65536.0,469.2776233281321,469.2776087246066,341.48615723319995,371.76013421479166,371.1387834667913,826.7800247435498,65536.0,890.8904083609574
Frequencies predict kernels10,,,,,,,,,,65536.0,515.6046166410407,515.6045995186079,363.9008076961587,400.2763830674645,399.5333304916991,906.3448767473504,65536.0,1117.9350945725434
Frequencies predict kernels11,,,,,,,,,,65536.0,561.4817086940748,561.4816891574404,386.6961625079277,429.01130287706394,428.1502861677224,985.2901213714107,65536.0,1369.302866892395
Frequencies predict de-grid0,65536.0,728.0592243433563,728.0592243433563,1123.0200547686838,674.2009154482648,674.2009154482648,65536.0,65536.0,1963.754084524924,65536.0,814.1586879068773,814.1586879068773,753.8913072681331,753.8913072681331,1005.0053854489457,65536.0,65536.0,2927.246459022404
Frequencies predict de-grid1,65536.0,1054.506449513207,1054.506449513207,1626.7965167781667,976.4668853257966,976.4668853257966,65536.0,65536.0,2845.002876807837,65536.0,1220.9634817176923,1220.9634817176923,1130.5624189861267,1130.5624189861267,1507.2335084877068,65536.0,65536.0,4390.595064095621
Frequencies predict de-grid2,65536.0,1544.177180900574,1544.177180900574,2382.4611407963093,1429.8657252918888,1429.8657252918888,65536.0,65536.0,4166.876025758605,65536.0,1627.768254954736,1627.768254954736,1507.2335084877068,1507.2335084877068,2009.4616148571042,65536.0,65536.0,5853.943663441757
Frequencies predict de-grid3,65536.0,2241.586938882596,2241.586938882596,3458.7107104119405,2075.6155109910283,2075.6155109910283,65536.0,65536.0,6049.543817415792,65536.0,2441.3777808470027,2441.3777808470027,2260.575665262745,2260.575665262745,3013.917810920462,65536.0,65536.0,8780.640856407961
Frequencies predict de-grid4,65536.0,3280.2822729956692,3280.2822729956692,5061.635568840222,3037.370456849887,3037.370456849887,65536.0,65536.0,8853.517105553552,65536.0,4068.596807922735,4068.596807922735,3767.259952131288,3767.259952131288,5022.83018303477,65536.0,65536.0,14634.035235477146
Frequencies predict de-grid5,65536.0,4778.971220927756,4778.971220927756,7374.427128148128,4425.045413284439,4425.045413284439,65536.0,65536.0,12899.249980086895,65536.0,5695.815825583903,5695.815825583903,5273.94422883101,5273.94422883101,7031.742547520076,65536.0,65536.0,20487.429611910986
Frequencies predict de-grid6,65536.0,6975.0698538862025,6975.0698538862025,10763.468209784225,6458.470076630774,6458.470076630774,65536.0,65536.0,18827.650619227432,65536.0,8950.253853200655,8950.253853200655,8287.312773910124,8287.312773910124,11049.567270263373,65536.0,65536.0,32194.218362539585
Frequencies predict de-grid7,65536.0,11871.776237515218,11871.776237515218,18320.113846845565,10992.457471761212,10992.457471761212,65536.0,65536.0,32046.381763758778,65536.0,12204.691877411036,12204.691877411036,11300.681315299544,11300.681315299544,15067.391990198219,65536.0,65536.0,43901.00711260044
Frequencies predict de-grid8,,,,,,,,,,65536.0,14645.520394671583,14645.520394671583,13560.707720387763,13560.707720387763,18080.76052947859,65536.0,65536.0,52681.09867435777
Frequencies predict de-grid9,,,,,,,,,,65536.0,17899.958417113157,17899.958417113157,16574.07625990824,16574.07625990824,22098.585247986757,65536.0,65536.0,64387.887423621025
Frequencies predict de-grid10,,,,,,,,,,65536.0,21154.396439210148,21154.396439210148,19587.444798963337,19587.444798963337,26116.409966266117,65536.0,65536.0,65536.0
Frequencies predict de-grid11,,,,,,,,,,65536.0,24408.834461039172,24408.834461039172,22600.813337856664,22600.813337856664,30134.234684264968,65536.0,65536.0,65536.0
Frequencies backward kernels0,6965.43862281431,295.92784479960636,295.92784448287426,295.756853261672,294.00302655787385,293.68107373004665,595.7190196733243,13537.461113775895,568.4362556970387,6535.104859086754,250.91407562135439,250.91407536309563,248.94801744664173,249.36023489204456,249.3514378778578,456.3235124181452,11909.018326105532,320.9447391063214
Frequencies backward kernels1,9312.784684896713,298.19691867081707,298.1969181218335,297.9004933619393,294.8534134443445,294.29274361668587,615.4087227218446,18099.881753647216,568.7191275714604,8986.551469016284,253.42736523127377,253.4273647607892,249.83501737900647,250.5899892262413,250.57388736808068,460.50311439868693,16376.495217053138,321.1775679609643
Frequencies backward kernels2,12588.334561202259,302.2695277008333,302.2695267391307,301.7500693242023,296.389157338236,295.3985031262297,649.636959783546,24466.406326993965,569.622148463563,11285.144701150904,256.3758504971499,256.3758497801876,250.88238929531423,252.04010954774606,252.01543588377208,465.4107485037654,20565.414571817124,321.63094464022424
Frequencies backward kernels3,16942.36379799136,309.15852058120873,309.1585189330521,308.26777067321467,299.0146128682749,297.2922931095234,704.7674519883964,32929.117993918495,572.3471355203595,15598.826171491737,263.29679706383274,263.29679577853074,253.3696385535605,255.47520114755744,255.43040347016506,476.94807754366934,28426.59834025773,323.4898038917681
Frequencies backward kernels4,23016.04974033832,321.20369365514676,321.20369083978596,319.6807455763873,303.6873423912381,300.67350912455043,794.6622899398573,44734.24150487495,580.9235154001583,23570.993753474908,280.073679858609,280.0736772499147,259.5621831627657,263.97682331524413,263.8832778403948,505.0102762643426,42954.9483909275,332.9430346251011
Frequencies backward kernels5,31255.193681948327,341.23581672889355,341.23581205541365,338.704389460526,311.6805301940865,306.4884669280981,931.3833093074933,60748.258825710844,606.6073626612161,31041.01726995775,299.42617096273716,299.42616690969834,266.97727707033823,274.0681685589207,273.91857763207133,537.5259350124119,56568.19916960008,353.1415823259769
Frequencies backward kernels6,42656.23431852444,374.1613697019883,374.1613621611715,370.0697251012284,325.37493421664806,316.53733788157524,1134.5738136459324,65536.0,680.8234890771128,45139.00928078515,342.3477061855232,342.3476991715823,284.35349652072796,297.38815058335376,297.11557549340466,610.077556969921,65536.0,433.4849908184258
Frequencies backward kernels7,65536.0,454.66637080589146,454.66635694593407,583.674984463602,374.57333542095876,374.57333542095876,1574.9427455345703,65536.0,1011.1921537914995,58555.43751499453,387.9117270920275,387.9117171990381,303.99981557821314,323.3014474227152,322.9009761958869,687.5789329153919,65536.0,565.3823411269022
Frequencies backward kernels8,,,,,,,,,,65536.0,422.71990655419614,422.71989459137814,319.7024613706821,343.7366559741818,343.2405236879449,747.0261945149172,65536.0,692.1474329256977
Frequencies backward kernels9,,,,,,,,,,65536.0,469.2776233281321,469.2776087246066,341.48615723319995,371.76013421479166,371.1387834667913,826.7800247435498,65536.0,890.8904083609574
Frequencies backward kernels10,,,,,,,,,,65536.0,515.6046166410407,515.6045995186079,363.9008076961587,400.2763830674645,399.5333304916991,906.3448767473504,65536.0,1117.9350945725434
Frequencies backward kernels11,,,,,,,,,,65536.0,561.4817086940748,561.4816891574404,386.6961625079277,429.01130287706394,428.1502861677224,985.2901213714107,65536.0,1369.302866892395
Frequencies backward grid0,65536.0,728.0592243433563,728.0592243433563,1123.0200547686838,674.2009154482648,674.2009154482648,65536.0,65536.0,1963.754084524924,65536.0,814.1586879068773,814.1586879068773,753.8913072681331,753.8913072681331,1005.0053854489457,65536.0,65536.0,2927.246459022404
Frequencies backward grid1,65536.0,1054.506449513207,1054.506449513207,1626.7965167781667,976.4668853257966,976.4668853257966,65536.0,65536.0,2845.002876807837,65536.0,1220.9634817176923,1220.9634817176923,1130.5624189861267,1130.5624189861267,1507.2335084877068,65536.0,65536.0,4390.595064095621
Frequencies backward grid2,65536.0,1544.177180900574,1544.177180900574,2382.4611407963093,1429.8657252918888,1429.8657252918888,65536.0,65536.0,4166.876025758605,65536.0,1627.768254954736,1627.768254954736,1507.2335084877068,1507.2335084877068,2009.4616148571042,65536.0,65536.0,5853.943663441757
Frequencies backward grid3,65536.0,2241.586938882596,2241.586938882596,3458.7107104119405,2075.6155109910283,2075.6155109910283,65536.0,65536.0,6049.543817415792,65536.0,2441.3777808470027,2441.3777808470027,2260.575665262745,2260.575665262745,3013.917810920462,65536.0,65536.0,8780.640856407961
Frequencies backward grid4,65536.0,3280.2822729956692,3280.2822729956692,5061.635568840222,3037.370456849887,3037.370456849887,65536.0,65536.0,8853.517105553552,65536.0,4068.596807922735,4068.596807922735,3767.259952131288,3767.259952131288,5022.83018303477,65536.0,65536.0,14634.035235477146
Frequencies backward grid5,65536.0,4778.971220927756,4778.971220927756,7374.427128148128,4425.045413284439,4425.045413284439,65536.0,65536.0,12899.249980086895,65536.0,5695.815825583903,5695.815825583903,5273.94422883101,5273.94422883101,7031.742547520076,65536.0,65536.0,20487.429611910986
Frequencies backward grid6,65536.0,6975.0698538862025,6975.0698538862025,10763.468209784225,6458.470076630774,6458.470076630774,65536.0,65536.0,18827.650619227432,65536.0,8950.253853200655,8950.253853200655,8287.312773910124,8287.312773910124,11049.567270263373,65536.0,65536.0,32194.218362539585
Frequencies backward grid7,65536.0,11871.776237515218,11871.776237515218,18320.113846845565,10992.457471761212,10992.457471761212,65536.0,65536.0,32046.381763758778,65536.0,12204.691877411036,12204.691877411036,11300.681315299544,11300.681315299544,15067.391990198219,65536.0,65536.0,43901.00711260044
Frequencies backward grid8,,,,,,,,,,65536.0,14645.520394671583,14645.520394671583,13560.707720387763,13560.707720387763,18080.76052947859,65536.0,65536.0,52681.09867435777
Frequencies backward grid9,,,,,,,,,,65536.0,17899.958417113157,17899.958417113157,16574.07625990824,16574.07625990824,22098.585247986757,65536.0,65536.0,64387.887423621025
Frequencies backward grid10,,,,,,,,,,65536.0,21154.396439210148,21154.396439210148,19587.444798963337,19587.444798963337,26116.409966266117,65536.0,65536.0,65536.0
Frequencies backward grid11,,,,,,,,,,65536.0,24408.834461039172,24408.834461039172,22600.813337856664,22600.813337856664,30134.234684264968,65536.0,65536.0,65536.0
Frequencies backward fft,0,100,100,500,100,100,65536,65536,100,0,100,100,500,100,100,65536,65536,100
Channels out,65536,100,100,100,100,100,65536,65536,100,65536,100,100,100,100,100,65536,65536,100
Visibilities ingest [1/s],9563013120.0,9563013120.0,9563013120.0,9563013120.0,9563013120.0,9563013120.0,9563013120.0,9563013120.0,9563013120.0,9129632914.2857113,9129632914.2857113,9129632914.2857113,9129632914.2857113,9129632914.2857113,9129632914.2857113,9129632914.2857113,9129632914.2857113,9129632914.2857113
Visibilities averaged [1/s],9525730417.777777,7189451630.610661,7189451630.610661,2662848903.321054,2662848903.321054,2662848903.321054,9525730417.777777,9525730417.777777,4657977196.453187,9037414399.999998,9037414399.999998,9037414399.999998,9037414399.999998,9037414399.999998,9037414399.999998,9037414399.999998,9037414399.999998,9037414399.999998
Visibilities pred0 [1/s],449439133.47775793,4992955.122518412,4992955.122518412,7701555.790609459,4623600.391067189,4623600.391067189,449439133.47775793,449439133.47775793,13467223.115727076,135537061.88217583,966493.8398859241,966493.8398859241,894949.983634563,894949.983634563,1193049.3754058974,77798273.52036893,241609545.09431344,6894754.097365012
Visibilities pred1 [1/s],67827528.63103901,1091378.2714229177,1091378.2714229177,1683679.0057166386,1010609.9795791161,1010609.9795791161,83737689.6679494,83737689.6679494,3271645.678746064,16943190.18133356,119319.03423504463,119319.03423504463,110484.56239336662,110484.56239336662,155867.57801505033,6404525.888544086,30497742.32640041,1277000.7793841718
Visibilities pred2 [1/s],50713189.70020515,1194918.0649679385,1194918.0649679385,1843600.5216456666,1106461.3612754666,1106461.3612754666,93913314.25963916,93913314.25963916,5971147.730835329,12829654.151994275,109254.86755718736,109254.86755718736,88519.0642098734,88519.0642098734,157352.89032180523,3592303.1625583977,23326643.91271687,1273330.2243926344
Visibilities pred3 [1/s],108953855.64405032,2683185.861539827,2683185.861539827,5750120.047863057,2484517.596208025,2484517.596208025,217907711.28810063,217907711.28810063,20114780.389254067,35369793.25712924,411094.9789395985,411094.9789395985,366009.9514271882,366009.9514271882,650644.8356093522,9853013.835914573,65686758.90609715,5133823.233071993
Visibilities pred4 [1/s],140903615.93589038,4231600.6490065735,4231600.6490065735,10882610.385121226,3918241.7020293856,3918241.7020293856,352259039.839726,352259039.839726,31725376.737537473,80653573.9505958,1602279.6558738004,1602279.6558738004,1390882.7780472052,1390882.7780472052,2472590.3662639125,24196072.185178738,161307147.9011916,20582576.085731383
Visibilities pred5 [1/s],335582529.66825753,17619205.644258592,17619205.644258592,37761366.43246723,13595287.478823047,13595287.478823047,503373794.50238633,503373794.50238633,99077520.88487506,67894155.17170751,1770229.8133468358,1770229.8133468358,1639114.3242150142,1639114.3242150142,2913905.1492237914,16973538.792926878,113156925.2861792,21224620.439766232
Visibilities pred6 [1/s],290134272.1880855,14822071.402722139,14822071.402722139,47650924.91554782,17155366.65464903,17155366.65464903,580268544.376171,580268544.376171,166703695.96622035,172778918.8810674,8494712.317019073,8494712.317019073,6554594.153619922,6554594.153619922,11652418.744261062,38875256.74824015,259168378.32160106,84876743.20832211
Visibilities pred7 [1/s],51678117.2427348,2246744.546930509,2246744.546930509,14446243.153038548,5200831.659040393,5200831.659040393,51678117.2427348,51678117.2427348,25270029.815566473,247696607.56766066,11070779.20328356,11070779.20328356,12813447.990430966,12813447.990430966,22779186.284571785,74308982.27029818,495393215.1353213,165926064.00443834
Visibilities pred8 [1/s],,,,,,,,,,78429454.8566042,4206445.974043107,4206445.974043107,4868586.337187604,4868586.337187604,8655176.951414868,23528836.456981257,156858909.7132084,63045499.42439047
Visibilities pred9 [1/s],,,,,,,,,,137193016.99216768,4496611.265768006,4496611.265768006,10408847.927650793,10408847.927650793,18504465.218688436,20578952.548825152,137193016.99216768,134789558.92026702
Visibilities pred10 [1/s],,,,,,,,,,9832946.63164279,380877.7793176899,380877.7793176899,881663.3576589461,881663.3576589461,1567390.535939933,1474941.9947464184,9832946.63164279,9832946.63164279
Visibilities pred11 [1/s],,,,,,,,,,4214119.9733702345,188345.5020061393,188345.5020061393,435985.74326236336,435985.74326236336,775081.0563060734,632117.9960055351,4214119.9733702345,4214119.9733702345
Visibilities bw0 [1/s],449439133.47775793,4992955.122518412,4992955.122518412,7701555.790609459,4623600.391067189,4623600.391067189,449439133.47775793,449439133.47775793,13467223.115727076,135537061.88217583,966493.8398859241,966493.8398859241,894949.983634563,894949.983634563,1193049.3754058974,77798273.52036893,241609545.09431344,6894754.097365012
Visibilities bw1 [1/s],67827528.63103901,1091378.2714229177,1091378.2714229177,1683679.0057166386,1010609.9795791161,1010609.9795791161,83737689.6679494,83737689.6679494,3271645.678746064,16943190.18133356,119319.03423504463,119319.03423504463,110484.56239336662,110484.56239336662,155867.57801505033,6404525.888544086,30497742.32640041,1277000.7793841718
Visibilities bw2 [1/s],50713189.70020515,1194918.0649679385,1194918.0649679385,1843600.5216456666,1106461.3612754666,1106461.3612754666,93913314.25963916,93913314.25963916,5971147.730835329,12829654.151994275,109254.86755718736,109254.86755718736,88519.0642098734,88519.0642098734,157352.89032180523,3592303.1625583977,23326643.91271687,1273330.2243926344
Visibilities bw3 [1/s],108953855.64405032,2683185.861539827,2683185.861539827,5750120.047863057,2484517.596208025,2484517.596208025,217907711.28810063,217907711.28810063,20114780.389254067,35369793.25712924,411094.9789395985,411094.9789395985,366009.9514271882,366009.9514271882,650644.8356093522,9853013.835914573,65686758.90609715,5133823.233071993
Visibilities bw4 [1/s],140903615.93589038,4231600.6490065735,4231600.6490065735,10882610.385121226,3918241.7020293856,3918241.7020293856,352259039.839726,352259039.839726,31725376.737537473,80653573.9505958,1602279.6558738004,1602279.6558738004,1390882.7780472052,1390882.7780472052,2472590.3662639125,24196072.185178738,161307147.9011916,20582576.085731383
Visibilities bw5 [1/s],335582529.66825753,17619205.644258592,17619205.644258592,37761366.43246723,13595287.478823047,13595287.478823047,503373794.50238633,503373794.50238633,99077520.88487506,67894155.17170751,1770229.8133468358,1770229.8133468358,1639114.3242150142,1639114.3242150142,2913905.1492237914,16973538.792926878,113156925.2861792,21224620.439766232
Visibilities bw6 [1/s],290134272.1880855,14822071.402722139,14822071.402722139,47650924.91554782,17155366.65464903,17155366.65464903,580268544.376171,580268544.376171,166703695.96622035,172778918.8810674,8494712.317019073,8494712.317019073,6554594.153619922,6554594.153619922,11652418.744261062,38875256.74824015,259168378.32160106,84876743.20832211
Visibilities bw7 [1/s],51678117.2427348,2246744.546930509,2246744.546930509,14446243.153038548,5200831.659040393,5200831.659040393,51678117.2427348,51678117.2427348,25270029.815566473,247696607.56766066,11070779.20328356,11070779.20328356,12813447.990430966,12813447.990430966,22779186.284571785,74308982.27029818,495393215.1353213,165926064.00443834
Visibilities bw8 [1/s],,,,,,,,,,78429454.8566042,4206445.974043107,4206445.974043107,4868586.337187604,4868586.337187604,8655176.951414868,23528836.456981257,156858909.7132084,63045499.42439047
Visibilities bw9 [1/s],,,,,,,,,,137193016.99216768,4496611.265768006,4496611.265768006,10408847.927650793,10408847.927650793,18504465.218688436,20578952.548825152,137193016.99216768,134789558.92026702
Visibilities bw10 [1/s],,,,,,,,,,9832946.63164279,380877.7793176899,380877.7793176899,881663.3576589461,881663.3576589461,1567390.535939933,1474941.9947464184,9832946.63164279,9832946.63164279
Visibilities bw11 [1/s],,,,,,,,,,4214119.9733702345,188345.5020061393,188345.5020061393,435985.74326236336,435985.74326236336,775081.0563060734,632117.9960055351,4214119.9733702345,4214119.9733702345
-- Geometry --,,,,,,,,,,,,,,,,,,
Delta W earth0 [lambda],0.13733959037942622,0.13733959037942622,0.13733959037942622,0.13733959037942622,0.13733959037942622,0.13733959037942622,0.13733959037942622,0.13733959037942622,0.13733959037942622,0.8580149336490602,0.8580149336490602,0.8580149336490602,0.8580149336490602,0.8580149336490602,0.8580149336490602,0.8580149336490602,0.8580149336490602,0.8580149336490602
Delta W earth1 [lambda],0.28835021870166083,0.28835021870166083,0.28835021870166083,0.28835021870166083,0.28835021870166083,0.28835021870166083,0.28835021870166083,0.28835021870166083,0.28835021870166083,1.9305336007103855,1.9305336007103855,1.9305336007103855,1.9305336007103855,1.9305336007103855,1.9305336007103855,1.9305336007103855,1.9305336007103855,1.9305336007103855
Delta W earth2 [lambda],0.618685968156549,0.618685968156549,0.618685968156549,0.618685968156549,0.618685968156549,0.618685968156549,0.618685968156549,0.618685968156549,0.618685968156549,3.432059734596241,3.432059734596241,3.432059734596241,3.432059734596241,3.432059734596241,3.432059734596241,3.432059734596241,3.432059734596241,3.432059734596241
Delta W earth3 [lambda],1.304239900142148,1.304239900142148,1.304239900142148,1.304239900142148,1.304239900142148,1.304239900142148,1.304239900142148,1.304239900142148,1.304239900142148,7.722134402841542,7.722134402841542,7.722134402841542,7.722134402841542,7.722134402841542,7.722134402841542,7.722134402841542,7.722134402841542,7.722134402841542
Delta W earth4 [lambda],2.7937538249569163,2.7937538249569163,2.7937538249569163,2.7937538249569163,2.7937538249569163,2.7937538249569163,2.7937538249569163,2.7937538249569163,2.7937538249569163,21.450373341226506,21.450373341226506,21.450373341226506,21.450373341226506,21.450373341226506,21.450373341226506,21.450373341226506,21.450373341226506,21.450373341226506
Delta W earth5 [lambda],5.93082802536461,5.93082802536461,5.93082802536461,5.93082802536461,5.93082802536461,5.93082802536461,5.93082802536461,5.93082802536461,5.93082802536461,42.04273174880395,42.04273174880395,42.04273174880395,42.04273174880395,42.04273174880395,42.04273174880395,42.04273174880395,42.04273174880395,42.04273174880395
Delta W earth6 [lambda],12.635699922871826,12.635699922871826,12.635699922871826,12.635699922871826,12.635699922871826,12.635699922871826,12.635699922871826,12.635699922871826,12.635699922871826,103.81980697153628,103.81980697153628,103.81980697153628,103.81980697153628,103.81980697153628,103.81980697153628,103.81980697153628,103.81980697153628,103.81980697153628
Delta W earth7 [lambda],36.608637169026565,36.608637169026565,36.608637169026565,36.608637169026565,36.608637169026565,36.608637169026565,36.608637169026565,36.608637169026565,36.608637169026565,193.05336007103855,193.05336007103855,193.05336007103855,193.05336007103855,193.05336007103855,193.05336007103855,193.05336007103855,193.05336007103855,193.05336007103855
Delta W earth8 [lambda],,,,,,,,,,277.99683850229553,277.99683850229553,277.99683850229553,277.99683850229553,277.99683850229553,277.99683850229553,277.99683850229553,277.99683850229553,277.99683850229553
Delta W earth9 [lambda],,,,,,,,,,415.2792278861451,415.2792278861451,415.2792278861451,415.2792278861451,415.2792278861451,415.2792278861451,415.2792278861451,415.2792278861451,415.2792278861451
Delta W earth10 [lambda],,,,,,,,,,580.0180951467647,580.0180951467647,580.0180951467647,580.0180951467647,580.0180951467647,580.0180951467647,580.0180951467647,580.0180951467647,580.0180951467647
Delta W earth11 [lambda],,,,,,,,,,772.2134402841542,772.2134402841542,772.2134402841542,772.2134402841542,772.2134402841542,772.2134402841542,772.2134402841542,772.2134402841542,772.2134402841542
Delta W snapshot0 [lambda],1126.3171439589719,3.2598679753150135,3.259867750259523,1.3173389729330272,1.9674641171390768,1.5784557379777706,3.822777209330984,1126.3171439589719,0.05214431222032277,6895.819248728399,77.5739091484988,77.57390471832132,44.923569816033066,55.9194870531252,31.329240890162033,340.22025227825486,6895.819248728399,0.3192508911448333
Delta W snapshot1 [lambda],1632.0105555323878,4.723482168313591,4.723481842212778,1.9087972873111212,2.850815353405601,2.287150150947382,5.539126160459181,1632.0105555323878,0.07555604423761055,10343.728873092597,116.3608637227482,116.36085707748198,67.3853547240496,83.8792305796878,46.99386133524305,510.3303784173823,10343.728873092597,0.4788763367172499
Delta W snapshot2 [lambda],2390.5506728925116,6.918903457811457,6.9189029801426605,2.795984758878262,4.175842207805387,3.350191770401799,8.113649587151476,2390.5506728925116,0.1106736422635422,13791.638497456797,155.1478182969976,155.14780943664263,89.84713963206613,111.8389741062504,62.65848178032407,680.4405045565097,13791.638497456797,0.6385017822896666
Delta W snapshot3 [lambda],3470.8956885266275,10.045715597399328,10.045714903860977,4.059554794140554,6.063001667102053,4.86422074356415,11.780395073652624,3470.8956885266275,0.1606896152095661,20687.457746185195,232.7217274454964,232.72171415496396,134.7707094480992,167.7584611593756,93.9877226704861,1020.6607568347646,20687.457746185195,0.9577526734344998
Delta W snapshot4 [lambda],5079.920179896587,14.702669847849346,14.702668832803154,5.941467612616306,8.873664691586448,7.119157512103823,17.241505372696885,5079.920179896587,0.2351814898100272,34479.096243641994,387.869545742494,387.8695235916066,224.61784908016534,279.597435265626,156.64620445081016,1701.1012613912742,34479.096243641994,1.5962544557241662
Delta W snapshot5 [lambda],7401.512660301815,21.42198955207009,21.421988073134006,8.656798964988464,12.929049912628217,10.372709135282493,25.121107375603607,7401.512660301815,0.3426626231621211,48270.73474109879,543.0173640394917,543.0173330282493,314.46498871223145,391.43640937187644,219.30468623113424,2381.541765947784,48270.73474109879,2.234756238013833
Delta W snapshot6 [lambda],10803.450156341158,31.2681213958787,31.26811923718318,12.635700352622914,18.871594592966655,15.140289731623515,36.66745486501148,10803.450156341158,0.5001597294602388,75854.01173601238,853.3130006334868,853.3129519015345,494.15926797636376,615.1143575843772,344.6216497917824,3742.4227750608034,75854.01173601238,3.511759802593166
Delta W snapshot7 [lambda],18388.851329942398,53.22233429085737,53.222330616482004,21.507575068294322,32.12186313696452,25.770705926167686,62.41268913193443,18388.851329942398,0.8513357097195555,103437.28873092598,1163.608637227482,1163.6085707748198,673.853547240496,838.792305796878,469.9386133524305,5103.303784173822,103437.28873092598,4.788763367172499
Delta W snapshot8 [lambda],,,,,,,,,,124124.74647711117,1396.3303646729785,1396.3302849297838,808.6242566885952,1006.5507669562537,563.9263360229166,6123.964541008588,124124.74647711117,5.746516040606998
Delta W snapshot9 [lambda],,,,,,,,,,151708.02347202477,1706.6260012669736,1706.625903803069,988.3185359527275,1230.2287151687544,689.2432995835647,7484.845550121607,151708.02347202477,7.023519605186332
Delta W snapshot10 [lambda],,,,,,,,,,179291.30046693835,2016.9216378609688,2016.9215226763542,1168.0128152168597,1453.9066633812554,814.5602631442129,8845.726559234627,179291.30046693835,8.300523169765665
Delta W snapshot11 [lambda],,,,,,,,,,206874.57746185196,2327.217274454964,2327.2171415496396,1347.707094480992,1677.584611593756,939.877226704861,10206.607568347645,206874.57746185196,9.577526734344998
Delta W max0 [lambda],1126.3171439589719,3.2598679753150135,3.259867750259523,1.3173389729330272,1.9674641171390768,1.5784557379777706,3.822777209330984,1126.3171439589719,0.13733959037942622,6895.819248728399,77.5739091484988,77.57390471832132,44.923569816033066,55.9194870531252,31.329240890162033,340.22025227825486,6895.819248728399,0.8580149336490602
Delta W max1 [lambda],1632.0105555323878,4.723482168313591,4.723481842212778,1.9087972873111212,2.850815353405601,2.287150150947382,5.539126160459181,1632.0105555323878,0.28835021870166083,10343.728873092597,116.3608637227482,116.36085707748198,67.3853547240496,83.8792305796878,46.99386133524305,510.3303784173823,10343.728873092597,1.9305336007103855
Delta W max2 [lambda],2390.5506728925116,6.918903457811457,6.9189029801426605,2.795984758878262,4.175842207805387,3.350191770401799,8.113649587151476,2390.5506728925116,0.618685968156549,13791.638497456797,155.1478182969976,155.14780943664263,89.84713963206613,111.8389741062504,62.65848178032407,680.4405045565097,13791.638497456797,3.432059734596241
Delta W max3 [lambda],3470.8956885266275,10.045715597399328,10.045714903860977,4.059554794140554,6.063001667102053,4.86422074356415,11.780395073652624,3470.8956885266275,1.304239900142148,20687.457746185195,232.7217274454964,232.72171415496396,134.7707094480992,167.7584611593756,93.9877226704861,1020.6607568347646,20687.457746185195,7.722134402841542
Delta W max4 [lambda],5079.920179896587,14.702669847849346,14.702668832803154,5.941467612616306,8.873664691586448,7.119157512103823,17.241505372696885,5079.920179896587,2.7937538249569163,34479.096243641994,387.869545742494,387.8695235916066,224.61784908016534,279.597435265626,156.64620445081016,1701.1012613912742,34479.096243641994,21.450373341226506
Delta W max5 [lambda],7401.512660301815,21.42198955207009,21.421988073134006,8.656798964988464,12.929049912628217,10.372709135282493,25.121107375603607,7401.512660301815,5.93082802536461,48270.73474109879,543.0173640394917,543.0173330282493,314.46498871223145,391.43640937187644,219.30468623113424,2381.541765947784,48270.73474109879,42.04273174880395
Delta W max6 [lambda],10803.450156341158,31.2681213958787,31.26811923718318,12.635700352622914,18.871594592966655,15.140289731623515,36.66745486501148,10803.450156341158,12.635699922871826,75854.01173601238,853.3130006334868,853.3129519015345,494.15926797636376,615.1143575843772,344.6216497917824,3742.4227750608034,75854.01173601238,103.81980697153628
Delta W max7 [lambda],18388.851329942398,53.22233429085737,53.222330616482004,36.608637169026565,36.608637169026565,36.608637169026565,62.41268913193443,18388.851329942398,36.608637169026565,103437.28873092598,1163.608637227482,1163.6085707748198,673.853547240496,838.792305796878,469.9386133524305,5103.303784173822,103437.28873092598,193.05336007103855
Delta W max8 [lambda],,,,,,,,,,124124.74647711117,1396.3303646729785,1396.3302849297838,808.6242566885952,1006.5507669562537,563.9263360229166,6123.964541008588,124124.74647711117,277.99683850229553
Delta W max9 [lambda],,,,,,,,,,151708.02347202477,1706.6260012669736,1706.625903803069,988.3185359527275,1230.2287151687544,689.2432995835647,7484.845550121607,151708.02347202477,415.2792278861451
Delta W max10 [lambda],,,,,,,,,,179291.30046693835,2016.9216378609688,2016.9215226763542,1168.0128152168597,1453.9066633812554,814.5602631442129,8845.726559234627,179291.30046693835,580.0180951467647
Delta W max11 [lambda],,,,,,,,,,206874.57746185196,2327.217274454964,2327.2171415496396,1347.707094480992,1677.584611593756,939.877226704861,10206.607568347645,206874.57746185196,772.2134402841542
-- Kernel Sizes --,,,,,,,,,,,,,,,,,,
W kernel support pred0 [uv-pixels],238.3921794542643,1.4540383295291401,1.454038254115108,1.4127516116112506,0.8864708277589015,0.7513232014576883,3.1464966402659598,238.3921794542643,0.22092451946065872,264.00678784247657,1.5695059889592806,1.5695059216162366,0.9275933699959681,1.0933717230087758,1.0900945354098028,1.4982380557742556,264.00678784247657,0.24736096700338506
W kernel support pred1 [uv-pixels],318.8648742916812,1.9212962024633071,1.9212961027811593,1.866723919335652,1.17117265101789,0.992582627173209,4.159041095665414,318.8648742916812,0.38545809701171524,363.17195644289546,2.128573901127762,2.128573809760902,1.2577887377287553,1.4826506045660517,1.4782052526768084,2.031883427795216,363.17195644289546,0.4546068283389465
W kernel support pred2 [uv-pixels],431.12565859877884,2.559769044809765,2.559768911946262,2.487031917612772,1.5600930692231039,1.3221345574786965,5.543478063655035,431.12565859877884,0.6836743186732165,456.1335432946283,2.64246639042173,2.642466276959174,1.5612223156906333,1.840405283011337,1.8348858632817941,2.522394280956961,456.1335432946283,0.7001834252893276
W kernel support pred3 [uv-pixels],580.3240263776497,3.3883065280531026,3.3883063520981747,3.291979792336587,2.064628654542674,1.7496164273438224,7.341400662228986,580.3240263776497,1.1969137654855102,630.5686589971883,3.584601877091967,3.58460172309103,2.1173351469004302,2.496133444554432,2.4886442309534753,3.42163328761556,630.5686589971883,1.2873121222810928
W kernel support pred4 [uv-pixels],788.4305731917235,4.512771786817589,4.512771552327327,4.384401639816995,2.749105292429522,2.329498462942747,9.783701867747052,788.4305731917235,2.1214323949540788,952.9151270818414,5.265042749353305,5.265042522960833,3.1087239568964873,3.665278145104132,3.6542735760164695,5.025475034457041,952.9151270818414,2.7741230716750493
W kernel support pred5 [uv-pixels],1070.7194520294245,5.991240957360546,5.991240645822956,5.820694641325206,3.648651599246753,3.0914904694092114,12.998394694512285,1070.7194520294245,3.73648020622455,1254.9454091521347,6.783654398602684,6.783654106706076,4.004125054659228,4.721392875637579,4.707209580065244,6.474778606587734,1254.9454091521347,4.602401107953138
W kernel support pred6 [uv-pixels],1461.330325789208,7.966620022065909,7.966619607451404,7.739650501023795,4.849865985860253,4.108868820423107,17.29913959422336,1461.330325789208,6.603243584827808,1824.948358955593,9.537735847599953,9.537735436727315,5.626871803783395,6.635765850256743,6.615813662345853,9.102982040583523,1824.948358955593,9.09397381662716
W kernel support pred7 [uv-pixels],2277.9636035434714,11.899609450554781,11.899608830309319,17.278147215545847,7.9892513617227925,7.9892513617227925,25.87879941842106,2277.9636035434714,14.733589458076755,2367.3890989259794,12.053078051332971,12.053077531613878,7.107820343078442,8.38322752374667,8.358002342775313,11.503170693167355,2367.3890989259794,14.525154584862845
W kernel support pred8 [uv-pixels],,,,,,,,,,2762.3205170439783,13.832499198975901,13.83249860215855,8.154885475730522,9.618919599591324,9.589961946047424,13.201029964041565,2762.3205170439783,19.137129746472176
W kernel support pred9 [uv-pixels],,,,,,,,,,3277.335566931181,16.097818873826593,16.09781817874886,9.48719646998076,11.191464331594315,11.15775250781718,15.362404741073428,3277.335566931181,25.936262324485085
W kernel support pred10 [uv-pixels],,,,,,,,,,3782.121607374892,18.265800180868595,18.265799391644038,10.761591773785938,12.695869576668036,12.657605389152849,17.43079693670011,3782.121607374892,33.42188312681315
W kernel support pred11 [uv-pixels],,,,,,,,,,4278.839953832411,20.355103463989785,20.355102583939527,11.989150278886076,14.145177783764767,14.10252426204717,19.424027944527214,4278.839953832411,41.54727978628811
AW kernel support pred0 [uv-pixels],238.60182569493082,10.105158458121272,10.105158447269895,10.099300328047988,10.039214637035487,10.028184609043086,10.483341123287222,238.60182569493082,10.002440084464336,264.19610903058816,10.122418142389646,10.12241813194794,10.042929326648698,10.059595505022813,10.059239836892761,10.111612990604922,264.19610903058816,10.003058904554988
AW kernel support pred1 [uv-pixels],319.0216419885172,10.182896400219336,10.182896381411433,10.17274093796848,10.068348691741475,10.049140275255693,10.830402708830071,319.0216419885172,10.00742613984994,363.3096061853586,10.224031829594539,10.22403181057258,10.078791222599925,10.10931515065289,10.108664143646346,10.204339776004561,363.3096061853586,10.010328035003269
AW kernel support pred2 [uv-pixels],431.24161847186184,10.322423047074087,10.32242301412641,10.304626522063993,10.120962917857073,10.08702333635049,11.433728571302739,431.24161847186184,10.023343283257004,456.24314714690513,10.343240721577954,10.343240692590813,10.121137046745806,10.167944315629194,10.16694674576745,10.31321835842742,456.24314714690513,10.024482870904109
AW kernel support pred3 [uv-pixels],580.4101787453138,10.558438384915037,10.558438328449375,10.527921492543172,10.210910413922878,10.151904138772753,12.405489256106595,580.4101787453138,10.071375405673681,630.647947518671,10.62305843988685,10.623058387921398,10.221697908092366,10.306826969199744,10.305015774284774,10.569180401285564,630.647947518671,10.082518162650233
AW kernel support pred4 [uv-pixels],788.4939877661906,10.971103372035868,10.971103275582397,10.918927499495084,10.370997054712918,10.26774381686905,13.99002581259081,788.4939877661906,10.22254740298917,952.9675962074481,11.30135722612633,11.301357120655279,10.472065920351254,10.650552280561698,10.646770184820005,11.191755864114933,952.9675962074481,10.377656711261931
AW kernel support pred5 [uv-pixels],1070.7661485843635,11.657399719026303,11.657399558913689,11.570673537333597,10.644841872601297,10.466962946454334,16.399947092424572,1070.7661485843635,10.675265070784326,1254.985250890232,12.083789430459369,12.083789266593083,10.77186230200469,11.058551021093193,11.052502975826696,11.913133844808685,1254.985250890232,11.008273977263114
AW kernel support pred6 [uv-pixels],1461.3645407875454,12.785422737476512,12.78542247912947,12.645243765068267,11.114009181245274,10.811235035066307,19.981497208678494,1461.3645407875454,11.98343964980713,1824.9757567854733,13.8191318503947,13.819131566817214,11.474392632998603,12.001391103511025,11.990370737174144,13.522732047599929,1824.9757567854733,13.516669699948297
AW kernel support pred7 [uv-pixels],2277.9855528665585,15.543510062908336,15.54350958806844,19.963325654862086,12.799536605705281,12.799536605705281,27.743688639740576,2277.9855528665585,17.806702623426677,2367.410219145292,15.66131190263206,15.661311502651856,12.268704496786926,13.049080569714622,13.032889286794298,15.242143418697527,2367.410219145292,17.634628312333724
AW kernel support pred8 [uv-pixels],,,,,,,,,,2762.3386177082107,17.06862718819733,17.06862670453362,12.903571487083745,13.875287898396994,13.855228981385968,16.561014223516725,2762.3386177082107,21.59235362190306
AW kernel support pred9 [uv-pixels],,,,,,,,,,3277.3508231912133,18.95098341760996,18.950982827179633,13.784298925227041,15.008293503438281,14.983171928056507,18.330397688772475,3277.3508231912133,27.79729669166598
AW kernel support pred10 [uv-pixels],,,,,,,,,,3782.134827444949,20.824011531100805,20.824010838831786,14.690536324641695,16.16122224052887,16.131180185823702,20.095588616621157,3782.134827444949,34.88584629534387
AW kernel support pred11 [uv-pixels],,,,,,,,,,4278.851639226645,22.678849993545285,22.678849203667756,15.612165910267354,17.322992077996002,17.288180660833834,21.84703324457978,4278.851639226645,42.73378590342897
"W kernel support pred, ff0 [pixels]",1908.8146055594466,80.84126766497018,80.84126757815916,80.7944026243839,80.3137170962839,80.22547687234469,83.86672898629777,1908.8146055594466,80.01952067571469,2113.5688722447053,80.97934513911717,80.97934505558352,80.34343461318959,80.4767640401825,80.47391869514209,80.89290392483937,2113.5688722447053,80.02447123643991
"W kernel support pred, ff1 [pixels]",2552.1731359081377,81.46317120175469,81.46317105129147,81.38192750374785,80.5467895339318,80.39312220204555,86.64322167064057,2552.1731359081377,80.05940911879952,2906.4768494828686,81.79225463675631,81.79225448458064,80.6303297807994,80.87452120522312,80.86931314917076,81.63471820803649,2906.4768494828686,80.08262428002615
"W kernel support pred, ff2 [pixels]",3449.9329477748947,82.5793843765927,82.57938411301129,82.43701217651194,80.96770334285658,80.69618669080393,91.46982857042191,3449.9329477748947,80.18674626605603,3649.945177175241,82.74592577262364,82.7459255407265,80.96909637396645,81.34355452503355,81.3355739661396,82.50574686741936,3649.945177175241,80.19586296723287
"W kernel support pred, ff3 [pixels]",4643.281429962511,84.4675070793203,84.467506627595,84.22337194034537,81.68728331138303,81.21523311018203,99.24391404885276,4643.281429962511,80.57100324538945,5045.183580149368,84.9844675190948,84.98446710337119,81.77358326473893,82.45461575359795,82.44012619427819,84.55344321028451,5045.183580149368,80.66014530120187
"W kernel support pred, ff4 [pixels]",6307.951902129525,87.76882697628695,87.76882620465918,87.35141999596067,82.96797643770334,82.1419505349524,111.92020650072648,6307.951902129525,81.78037922391336,7623.740769659585,90.41085780901064,90.41085696524223,83.77652736281003,85.20441824449358,85.17416147856004,89.53404691291946,7623.740769659585,83.02125369009545
"W kernel support pred, ff5 [pixels]",8566.129188674908,93.25919775221043,93.25919647130951,92.56538829866878,85.15873498081038,83.73570357163467,131.19957673939658,8566.129188674908,85.4021205662746,10039.882007121856,96.67031544367495,96.67031413274466,86.17489841603752,88.46840816874554,88.42002380661357,95.30507075846948,10039.882007121856,88.06619181810491
"W kernel support pred, ff6 [pixels]",11690.916326300363,102.2833818998121,102.28337983303577,101.16195012054614,88.9120734499622,86.48988028053046,159.85197766942795,11690.916326300363,95.86751719845704,14599.806054283787,110.5530548031576,110.55305253453771,91.79514106398882,96.0111288280882,95.92296589739315,108.18185638079943,14599.806054283787,108.13335759958638
"W kernel support pred, ff7 [pixels]",18223.884422932468,124.34808050326669,124.34807670454752,159.70660523889669,102.39629284564225,102.39629284564225,221.9495091179246,18223.884422932468,142.45362098741342,18939.281753162337,125.29049522105647,125.29049202121485,98.1496359742954,104.39264455771698,104.26311429435438,121.93714734958021,18939.281753162337,141.0770264986698
"W kernel support pred, ff8 [pixels]",,,,,,,,,,22098.708941665685,136.54901750557863,136.54901363626897,103.22857189666996,111.00230318717595,110.84183185108775,132.4881137881338,22098.708941665685,172.7388289752245
"W kernel support pred, ff9 [pixels]",,,,,,,,,,26218.806585529706,151.6078673408797,151.60786261743706,110.27439140181633,120.06634802750625,119.86537542445205,146.6431815101798,26218.806585529706,222.37837353332785
"W kernel support pred, ff10 [pixels]",,,,,,,,,,30257.078619559594,166.59209224880644,166.59208671065429,117.52429059713356,129.28977792423095,129.04944148658961,160.76470893296926,30257.078619559594,279.08677036275094
"W kernel support pred, ff11 [pixels]",,,,,,,,,,34230.81311381316,181.43079994836228,181.43079362934205,124.89732728213883,138.58393662396801,138.30544528667068,174.77626595663824,34230.81311381316,341.8702872274318
W kernel support bw0 [uv-pixels],238.3921794542643,1.4540383295291401,1.454038254115108,1.4127516116112506,0.8864708277589015,0.7513232014576883,3.1464966402659598,238.3921794542643,0.22092451946065872,264.00678784247657,1.5695059889592806,1.5695059216162366,0.9275933699959681,1.0933717230087758,1.0900945354098028,1.4982380557742556,264.00678784247657,0.24736096700338506
W kernel support bw1 [uv-pixels],318.8648742916812,1.9212962024633071,1.9212961027811593,1.866723919335652,1.17117265101789,0.992582627173209,4.159041095665414,318.8648742916812,0.38545809701171524,363.17195644289546,2.128573901127762,2.128573809760902,1.2577887377287553,1.4826506045660517,1.4782052526768084,2.031883427795216,363.17195644289546,0.4546068283389465
W kernel support bw2 [uv-pixels],431.12565859877884,2.559769044809765,2.559768911946262,2.487031917612772,1.5600930692231039,1.3221345574786965,5.543478063655035,431.12565859877884,0.6836743186732165,456.1335432946283,2.64246639042173,2.642466276959174,1.5612223156906333,1.840405283011337,1.8348858632817941,2.522394280956961,456.1335432946283,0.7001834252893276
W kernel support bw3 [uv-pixels],580.3240263776497,3.3883065280531026,3.3883063520981747,3.291979792336587,2.064628654542674,1.7496164273438224,7.341400662228986,580.3240263776497,1.1969137654855102,630.5686589971883,3.584601877091967,3.58460172309103,2.1173351469004302,2.496133444554432,2.4886442309534753,3.42163328761556,630.5686589971883,1.2873121222810928
W kernel support bw4 [uv-pixels],788.4305731917235,4.512771786817589,4.512771552327327,4.384401639816995,2.749105292429522,2.329498462942747,9.783701867747052,788.4305731917235,2.1214323949540788,952.9151270818414,5.265042749353305,5.265042522960833,3.1087239568964873,3.665278145104132,3.6542735760164695,5.025475034457041,952.9151270818414,2.7741230716750493
W kernel support bw5 [uv-pixels],1070.7194520294245,5.991240957360546,5.991240645822956,5.820694641325206,3.648651599246753,3.0914904694092114,12.998394694512285,1070.7194520294245,3.73648020622455,1254.9454091521347,6.783654398602684,6.783654106706076,4.004125054659228,4.721392875637579,4.707209580065244,6.474778606587734,1254.9454091521347,4.602401107953138
W kernel support bw6 [uv-pixels],1461.330325789208,7.966620022065909,7.966619607451404,7.739650501023795,4.849865985860253,4.108868820423107,17.29913959422336,1461.330325789208,6.603243584827808,1824.948358955593,9.537735847599953,9.537735436727315,5.626871803783395,6.635765850256743,6.615813662345853,9.102982040583523,1824.948358955593,9.09397381662716
W kernel support bw7 [uv-pixels],2277.9636035434714,11.899609450554781,11.899608830309319,17.278147215545847,7.9892513617227925,7.9892513617227925,25.87879941842106,2277.9636035434714,14.733589458076755,2367.3890989259794,12.053078051332971,12.053077531613878,7.107820343078442,8.38322752374667,8.358002342775313,11.503170693167355,2367.3890989259794,14.525154584862845
W kernel support bw8 [uv-pixels],,,,,,,,,,2762.3205170439783,13.832499198975901,13.83249860215855,8.154885475730522,9.618919599591324,9.589961946047424,13.201029964041565,2762.3205170439783,19.137129746472176
W kernel support bw9 [uv-pixels],,,,,,,,,,3277.335566931181,16.097818873826593,16.09781817874886,9.48719646998076,11.191464331594315,11.15775250781718,15.362404741073428,3277.335566931181,25.936262324485085
W kernel support bw10 [uv-pixels],,,,,,,,,,3782.121607374892,18.265800180868595,18.265799391644038,10.761591773785938,12.695869576668036,12.657605389152849,17.43079693670011,3782.121607374892,33.42188312681315
W kernel support bw11 [uv-pixels],,,,,,,,,,4278.839953832411,20.355103463989785,20.355102583939527,11.989150278886076,14.145177783764767,14.10252426204717,19.424027944527214,4278.839953832411,41.54727978628811
AW kernel support bw0 [uv-pixels],238.60182569493082,10.105158458121272,10.105158447269895,10.099300328047988,10.039214637035487,10.028184609043086,10.483341123287222,238.60182569493082,10.002440084464336,264.19610903058816,10.122418142389646,10.12241813194794,10.042929326648698,10.059595505022813,10.059239836892761,10.111612990604922,264.19610903058816,10.003058904554988
AW kernel support bw1 [uv-pixels],319.0216419885172,10.182896400219336,10.182896381411433,10.17274093796848,10.068348691741475,10.049140275255693,10.830402708830071,319.0216419885172,10.00742613984994,363.3096061853586,10.224031829594539,10.22403181057258,10.078791222599925,10.10931515065289,10.108664143646346,10.204339776004561,363.3096061853586,10.010328035003269
AW kernel support bw2 [uv-pixels],431.24161847186184,10.322423047074087,10.32242301412641,10.304626522063993,10.120962917857073,10.08702333635049,11.433728571302739,431.24161847186184,10.023343283257004,456.24314714690513,10.343240721577954,10.343240692590813,10.121137046745806,10.167944315629194,10.16694674576745,10.31321835842742,456.24314714690513,10.024482870904109
AW kernel support bw3 [uv-pixels],580.4101787453138,10.558438384915037,10.558438328449375,10.527921492543172,10.210910413922878,10.151904138772753,12.405489256106595,580.4101787453138,10.071375405673681,630.647947518671,10.62305843988685,10.623058387921398,10.221697908092366,10.306826969199744,10.305015774284774,10.569180401285564,630.647947518671,10.082518162650233
AW kernel support bw4 [uv-pixels],788.4939877661906,10.971103372035868,10.971103275582397,10.918927499495084,10.370997054712918,10.26774381686905,13.99002581259081,788.4939877661906,10.22254740298917,952.9675962074481,11.30135722612633,11.301357120655279,10.472065920351254,10.650552280561698,10.646770184820005,11.191755864114933,952.9675962074481,10.377656711261931
AW kernel support bw5 [uv-pixels],1070.7661485843635,11.657399719026303,11.657399558913689,11.570673537333597,10.644841872601297,10.466962946454334,16.399947092424572,1070.7661485843635,10.675265070784326,1254.985250890232,12.083789430459369,12.083789266593083,10.77186230200469,11.058551021093193,11.052502975826696,11.913133844808685,1254.985250890232,11.008273977263114
AW kernel support bw6 [uv-pixels],1461.3645407875454,12.785422737476512,12.78542247912947,12.645243765068267,11.114009181245274,10.811235035066307,19.981497208678494,1461.3645407875454,11.98343964980713,1824.9757567854733,13.8191318503947,13.819131566817214,11.474392632998603,12.001391103511025,11.990370737174144,13.522732047599929,1824.9757567854733,13.516669699948297
AW kernel support bw7 [uv-pixels],2277.9855528665585,15.543510062908336,15.54350958806844,19.963325654862086,12.799536605705281,12.799536605705281,27.743688639740576,2277.9855528665585,17.806702623426677,2367.410219145292,15.66131190263206,15.661311502651856,12.268704496786926,13.049080569714622,13.032889286794298,15.242143418697527,2367.410219145292,17.634628312333724
AW kernel support bw8 [uv-pixels],,,,,,,,,,2762.3386177082107,17.06862718819733,17.06862670453362,12.903571487083745,13.875287898396994,13.855228981385968,16.561014223516725,2762.3386177082107,21.59235362190306
AW kernel support bw9 [uv-pixels],,,,,,,,,,3277.3508231912133,18.95098341760996,18.950982827179633,13.784298925227041,15.008293503438281,14.983171928056507,18.330397688772475,3277.3508231912133,27.79729669166598
AW kernel support bw10 [uv-pixels],,,,,,,,,,3782.134827444949,20.824011531100805,20.824010838831786,14.690536324641695,16.16122224052887,16.131180185823702,20.095588616621157,3782.134827444949,34.88584629534387
AW kernel support bw11 [uv-pixels],,,,,,,,,,4278.851639226645,22.678849993545285,22.678849203667756,15.612165910267354,17.322992077996002,17.288180660833834,21.84703324457978,4278.851639226645,42.73378590342897
"W kernel support bw, ff0 [pixels]",1908.8146055594466,80.84126766497018,80.84126757815916,80.7944026243839,80.3137170962839,80.22547687234469,83.86672898629777,1908.8146055594466,80.01952067571469,2113.5688722447053,80.97934513911717,80.97934505558352,80.34343461318959,80.4767640401825,80.47391869514209,80.89290392483937,2113.5688722447053,80.02447123643991
"W kernel support bw, ff1 [pixels]",2552.1731359081377,81.46317120175469,81.46317105129147,81.38192750374785,80.5467895339318,80.39312220204555,86.64322167064057,2552.1731359081377,80.05940911879952,2906.4768494828686,81.79225463675631,81.79225448458064,80.6303297807994,80.87452120522312,80.86931314917076,81.63471820803649,2906.4768494828686,80.08262428002615
"W kernel support bw, ff2 [pixels]",3449.9329477748947,82.5793843765927,82.57938411301129,82.43701217651194,80.96770334285658,80.69618669080393,91.46982857042191,3449.9329477748947,80.18674626605603,3649.945177175241,82.74592577262364,82.7459255407265,80.96909637396645,81.34355452503355,81.3355739661396,82.50574686741936,3649.945177175241,80.19586296723287
"W kernel support bw, ff3 [pixels]",4643.281429962511,84.4675070793203,84.467506627595,84.22337194034537,81.68728331138303,81.21523311018203,99.24391404885276,4643.281429962511,80.57100324538945,5045.183580149368,84.9844675190948,84.98446710337119,81.77358326473893,82.45461575359795,82.44012619427819,84.55344321028451,5045.183580149368,80.66014530120187
"W kernel support bw, ff4 [pixels]",6307.951902129525,87.76882697628695,87.76882620465918,87.35141999596067,82.96797643770334,82.1419505349524,111.92020650072648,6307.951902129525,81.78037922391336,7623.740769659585,90.41085780901064,90.41085696524223,83.77652736281003,85.20441824449358,85.17416147856004,89.53404691291946,7623.740769659585,83.02125369009545
"W kernel support bw, ff5 [pixels]",8566.129188674908,93.25919775221043,93.25919647130951,92.56538829866878,85.15873498081038,83.73570357163467,131.19957673939658,8566.129188674908,85.4021205662746,10039.882007121856,96.67031544367495,96.67031413274466,86.17489841603752,88.46840816874554,88.42002380661357,95.30507075846948,10039.882007121856,88.06619181810491
"W kernel support bw, ff6 [pixels]",11690.916326300363,102.2833818998121,102.28337983303577,101.16195012054614,88.9120734499622,86.48988028053046,159.85197766942795,11690.916326300363,95.86751719845704,14599.806054283787,110.5530548031576,110.55305253453771,91.79514106398882,96.0111288280882,95.92296589739315,108.18185638079943,14599.806054283787,108.13335759958638
"W kernel support bw, ff7 [pixels]",18223.884422932468,124.34808050326669,124.34807670454752,159.70660523889669,102.39629284564225,102.39629284564225,221.9495091179246,18223.884422932468,142.45362098741342,18939.281753162337,125.29049522105647,125.29049202121485,98.1496359742954,104.39264455771698,104.26311429435438,121.93714734958021,18939.281753162337,141.0770264986698
"W kernel support bw, ff8 [pixels]",,,,,,,,,,22098.708941665685,136.54901750557863,136.54901363626897,103.22857189666996,111.00230318717595,110.84183185108775,132.4881137881338,22098.708941665685,172.7388289752245
"W kernel support bw, ff9 [pixels]",,,,,,,,,,26218.806585529706,151.6078673408797,151.60786261743706,110.27439140181633,120.06634802750625,119.86537542445205,146.6431815101798,26218.806585529706,222.37837353332785
"W kernel support bw, ff10 [pixels]",,,,,,,,,,30257.078619559594,166.59209224880644,166.59208671065429,117.52429059713356,129.28977792423095,129.04944148658961,160.76470893296926,30257.078619559594,279.08677036275094
"W kernel support bw, ff11 [pixels]",,,,,,,,,,34230.81311381316,181.43079994836228,181.43079362934205,124.89732728213883,138.58393662396801,138.30544528667068,174.77626595663824,34230.81311381316,341.8702872274318
-- I/O --,,,,,,,,,,,,,,,,,,
Visibility Buffer [PetaBytes],19.752554594303994,14.908046901234266,14.908046901234266,2.7608417429632683,2.7608417429632683,5.521683485926537,19.752554594303994,19.752554594303994,0.00022358290542975298,18.739982499839996,18.739982499839996,18.739982499839996,9.369991249919998,9.369991249919998,18.739982499839996,18.739982499839996,18.739982499839996,0.00043379589119999987
Working (cache) memory [TeraBytes],4558151.136283619,0.10232875447869133,0.10232873848350026,0.4159169662780968,0.027222060443655473,0.025552093840497867,7.06256433490084,4558151.136283619,0.4451764418995882,56725523.31476679,1.9655698426438801,1.9655695878895343,0.37226037156142644,0.6112034807011677,0.8075862691074184,5.715889084610956,56725523.31476679,36.046599447351156
Visibility I/O Rate [TeraBytes/s],0.9144701201066665,6.901873565386233,1.3803747130772468,1.533800968312927,1.533800968312927,3.067601936625854,10.973641441279998,10.973641441279998,2.682994865157036,0.8675917823999998,8.675917823999997,1.7351835647999996,5.205550694399998,5.205550694399998,10.411101388799995,10.411101388799995,10.411101388799995,5.205550694399998
Inter-Facet I/O Rate [TeraBytes/s],0.0,0.006316925762030776,0.0007018806402256417,0.0007354716356578702,0.0010590791553473332,0.0010590791553473332,0.48199869114474175,0.48199869114474175,4.632412225489237,0.0,0.14827943185732384,0.01647549242859154,0.024860139467010555,0.024860139467010555,0.024860139467010555,16.292341001100034,11.314125695208356,108.73825002870414
-- Compute --,,,,,,,,,,,,,,,,,,
Total Compute Requirement [PetaFLOPS],0.011311889922275555,10.44640056292272,1.7285606196025527,4.235067287622201,4.062860503480413,4.313086801228243,19.986168086436564,0.40502453163349333,6.803929526483919,0.010799599077485711,16.094491433753795,2.5581141328979493,14.685095513604029,13.532749803986096,13.867648637491573,36.33050283974576,0.015246118092799998,14.604718823999923
-> Phase Rotation Predict [PetaFLOPS],,0.16176266168873987,0.01797362907652665,0.0,0.0058582675873063185,0.011716535174612637,0.0,,0.0,,0.8133672959999999,0.09037414399999999,0.3976462335999999,0.07952924671999999,0.08947040255999998,0.6362339737599999,,0.0
-> Degridding Kernel Update [PetaFLOPS],,0.13730791012055027,0.015256434131403807,0.08490110366812355,0.0737409961204201,0.1445345418933196,0.6427941062135866,,0.03675415008913682,,0.022162229910189162,0.0024624698938262215,0.009994604535655049,0.01065576016412625,0.02128233458442715,0.04735858853639926,,0.005745261837696381
-> Receive [PetaFLOPS],7.6731660515555561e-05,,,,,,,,,7.3599920457142836e-05,,,,,,,,
-> DFT [PetaFLOPS],,8.376339319204284,0.930704368800476,3.791885332320612,3.791885332320612,3.791885332320612,13.5645989548123,,6.63293940091245,,10.685999615648912,1.187333290627657,13.060666196904227,13.060666196904227,13.060666196904227,13.060666196904227,,13.060666196904227
-> Average [PetaFLOPS],0.00030601641984,,,,,,,,,0.00029214825325714274,,,,,,,,
-> Phase Rotation [PetaFLOPS],,0.16176266168873987,0.01797362907652665,0.0,0.005858267587306319,0.011716535174612639,0.0,,0.0,,0.8133672959999999,0.09037414399999999,0.07952924671999999,0.07952924671999999,0.08947040255999998,0.6362339737599999,,0.0
-> Subtract Image Component [PetaFLOPS],,2.7975681666666666e-06,,1.709624990740741e-07,1.709624990740741e-07,3.419249981481482e-07,0,,,,2.7975681666666666e-06,,1.709624990740741e-07,1.709624990740741e-07,3.419249981481482e-07,0,,
-> Solve [PetaFLOPS],,0.5592033118323948,0.6282238701173176,,,,,,,,0.19400218366604205,0.7897013202613572,,,,,,
-> Subtract Visibility [PetaFLOPS],,0.0020705620696158705,0.00023006245217954116,0.0004686614069845055,0.0004686614069845055,0.000937322813969011,0.003353057107057777,,0.0008198039865757609,,0.0026027753471999995,0.0002891972607999999,0.0015905849343999998,0.0015905849343999998,0.0031811698687999996,0.0031811698687999996,,0.0015905849343999998
-> Correct [PetaFLOPS],,0.24846744835390447,0.027607494261544942,0.05623936883814066,0.05623936883814066,0.11247873767628132,0.4023668528469333,0.4023668528469333,0.024594119597272823,,0.010411101388799998,0.0011567890431999996,0.006362339737599999,0.006362339737599999,0.012724679475199998,0.012724679475199998,0.012724679475199998,0.0015905849343999998
-> IFFT [PetaFLOPS],,0.12691921189842295,0.0141021356289667,0.019103532996108483,0.01748816798812249,0.008719241766059793,0.013166254353017848,,0.026430469677566956,,0.8366053179032947,0.0929561517423432,0.12022022818348564,0.09658031750129242,0.07084693352383592,0.029648874837868343,,0.7235534346350374
-> Source Find [PetaFLOPS],,2.5e-12,,,,,,,,,2.5e-12,,,,,,,
-> Gridding Kernel Update [PetaFLOPS],,0.13730791012055027,0.015256434131403807,0.08490110366812355,0.0737409961204201,0.1445345418933196,0.6427941062135866,,0.03675415008913682,,0.022162229910189162,0.0024624698938262215,0.009994604535655049,0.01065576016412625,0.02128233458442715,0.04735858853639926,,0.005745261837696381
-> FFT [PetaFLOPS],,0.025383842379684586,0.002820427125793341,0.019103532996108483,0.003497633597624497,0.008719241766059793,1.7257272905587555,,0.026430469677566956,,0.16732106358065893,0.01859123034846864,0.12022022818348564,0.01931606350025849,0.07084693352383592,3.8861373227490805,,0.7235534346350374
-> Reprojection [PetaFLOPS],,0.0181880110809391,0.002020890259623016,0.01310049920643951,0.00012631096622106014,0.006297605632185339,1.1834402047569605,,,,0.10984236104810163,0.012204707480122477,0.07950124556214438,0.0006386824957960662,0.04559931430185521,2.751870245081363,,
-> Flag [PetaFLOPS],0.01067232264192,0.0020058570049403743,0.0020058570049403743,0.0007429348440265741,0.0007429348440265741,0.0007429348440265741,0.0026576787865599995,0.0026576787865599995,0.0012995756378104393,0.010188670332342853,0.0025214386175999993,0.0025214386175999993,0.0025214386175999993,0.0025214386175999993,0.0025214386175999993,0.0025214386175999993,0.0025214386175999993,0.0025214386175999993
-> Degrid [PetaFLOPS],,0.19926421915626205,0.022140468118867575,0.07575966086126747,0.016540820842202802,0.03207662816544234,0.817787038127498,,0.008953693408200413,,0.9299846370965289,0.10333162116406745,0.3586528559996774,0.0819687797869429,0.16293506380242012,4.882396004097637,,0.03987631283191051
-> Grid [PetaFLOPS],,0.19926421915626205,0.022140468118867575,0.07575966086126747,0.016540820842202802,0.03207662816544234,0.817787038127498,,0.008953693408200413,,0.9299846370965289,0.10333162116406745,0.3586528559996774,0.0819687797869429,0.16293506380242012,4.882396004097637,,0.03987631283191051
-> Image Spectral Fitting [PetaFLOPS],,,,,3.6773581782893505e-06,,,,,,,,,8.631992870489775e-05,,,,
-> Identify Component [PetaFLOPS],,0.0002105641920676926,,1.2257860594297836e-06,1.7651319255788887e-06,0.00035302638511577775,0.1606662303815806,,,,0.004942647728577463,,4.143356577835093e-05,4.143356577835093e-05,0.008286713155670186,5.430780333700013,,
-> Demix [PetaFLOPS],0.0002568192,,,,,,,,,0.00024518057142857141,,,,,,,,
-> Reprojection Predict [PetaFLOPS],,0.09094005540469549,0.01010445129811508,0.01310049920643951,0.00012631096622106014,0.006297605632185339,0.009028932226234137,,,,0.5492118052405082,0.061023537400612386,0.07950124556214438,0.0006386824957960662,0.04559931430185521,0.020995103798533355,,
