,01c [bldta],01s [bldta],02A [bldta],02B [bldta],13c [bldta],13s [Bmax=40000] [bldta],14c [bldta],14s [bldta],15c [bldta],15s [Bmax=13000] [bldta],22 [bldta],27 [bldta],33 [bldta],37a [bldta],37b [bldta],37c [bldta],38a [bldta],38b [bldta],max_Band5_MID_continuum [bldta],max_Band5_MID_spectral [bldta],max_LOW_continuum [bldta],max_LOW_spectral [bldta],max_MID_continuum [bldta],max_MID_spectral [bldta]
-- Parameters --,,,,,,,,,,,,,,,,,,,,,,,,
Telescope,SKA1_Low_rebaselined,SKA1_Low_rebaselined,SKA1_Low_rebaselined,SKA1_Low_rebaselined,SKA1_Mid_rebaselined,SKA1_Mid_rebaselined,SKA1_Mid_rebaselined,SKA1_Mid_rebaselined,SKA1_Mid_rebaselined,SKA1_Mid_rebaselined,SKA1_Mid_rebaselined,SKA1_Mid_rebaselined,SKA1_Mid_rebaselined,SKA1_Mid_rebaselined,SKA1_Mid_rebaselined,SKA1_Mid_rebaselined,SKA1_Mid_rebaselined,SKA1_Mid_rebaselined,SKA1_Mid_rebaselined,SKA1_Mid_rebaselined,SKA1_Low_rebaselined,SKA1_Low_rebaselined,SKA1_Mid_rebaselined,SKA1_Mid_rebaselined
Band,HPSO 01c,HPSO 01s,HPSO 02A,HPSO 02B,HPSO 13c,HPSO 13s,HPSO 14c,HPSO 14s,HPSO 15c,HPSO 15s,HPSO 22,HPSO 27,HPSO 33,HPSO 37a,HPSO 37b,HPSO 37c,HPSO 38a,HPSO 38b,HPSO max_Band5_MID_continuum,HPSO max_Band5_MID_spectral,HPSO max_LOW_continuum,HPSO max_LOW_spectral,HPSO max_MID_continuum,HPSO max_MID_spectral
Mode,Continuum,Spectral,Continuum,Continuum,Continuum,Spectral,Continuum,Spectral,Continuum,Spectral,Continuum,Continuum,Continuum,Continuum,Continuum,Continuum,Continuum,Continuum,Continuum,Spectral,Continuum,Spectral,Continuum,Spectral
BL-dependent averaging,True,True,True,True,True,True,True,True,True,True,True,True,True,True,True,True,True,True,True,True,True,True,True,True
On-the-fly kernels,False,False,False,False,False,False,False,False,False,False,False,False,False,False,False,False,False,False,False,False,False,False,False,False
Max # of channels,65536,65536,65536,65536,41000,65536,65536,5000,65536,2500,65536,65536,65536,65536,65536,65536,65536,65536,65536,65536,65536,65536,65536,65536
Max Baseline [m],80000,80000,80000,80000,150000,40000,150000,150000,150000,13000,150000,150000,150000,150000,150000,150000,150000,150000,150000,150000,80000,80000,150000,150000
Observation Time [s],21600,21600,21600,21600,21600,21600,21600,21600,15840.000000000002,15840.000000000002,21600,442.8,442.8,21600,21600,21600,21600,21600,21600,21600,21600,21600,21600,21600
Snapshot Time [s],17.308067400055894,85.51462175120751,17.308067572707937,17.308067572707937,59.141795127766656,522.7084173061099,71.74665705993651,331.54959109893196,79.57735960066232,139.6975944602387,350.4747188045997,59.12694171130846,59.12694171130846,57.961649542880146,57.961649542880146,59.12693927984324,177.75879004184952,177.75879004184952,191.36810423095588,1404.8090141727362,17.308069678625067,70.71263853933722,46.37411518593067,208.78412109463798
Facets,1.0,1.0,1.0,1.0,1.0,1.0,1.0,1.0,1.0,1.0,1.0,1.0,1.0,1.0,1.0,1.0,1.0,1.0,1.0,1.0,1.0,1.0,4.0,1.0
Stations/antennas,512,512,512,512,197,197,197,197,197,197,197,197,197,197,197,197,197,197,197,197,512,512,197,197
Max Baseline [per bin]0 [m],4900,4900,4900,4900,5000.0,5000.0,5000.0,5000.0,5000.0,5000.0,5000.0,5000.0,5000.0,5000.0,5000.0,5000.0,5000.0,5000.0,5000.0,5000.0,4900,4900,5000.0,5000.0
Max Baseline [per bin]1 [m],7100,7100,7100,7100,7500.0,7500.0,7500.0,7500.0,7500.0,7500.0,7500.0,7500.0,7500.0,7500.0,7500.0,7500.0,7500.0,7500.0,7500.0,7500.0,7100,7100,7500.0,7500.0
Max Baseline [per bin]2 [m],10400,10400,10400,10400,10000.0,10000.0,10000.0,10000.0,10000.0,10000.0,10000.0,10000.0,10000.0,10000.0,10000.0,10000.0,10000.0,10000.0,10000.0,10000.0,10400,10400,10000.0,10000.0
Max Baseline [per bin]3 [m],15100,15100,15100,15100,15000.0,15000.0,15000.0,15000.0,15000.0,13000.0,15000.0,15000.0,15000.0,15000.0,15000.0,15000.0,15000.0,15000.0,15000.0,15000.0,15100,15100,15000.0,15000.0
Max Baseline [per bin]4 [m],22100,22100,22100,22100,25000.0,25000.0,25000.0,25000.0,25000.0,,25000.0,25000.0,25000.0,25000.0,25000.0,25000.0,25000.0,25000.0,25000.0,25000.0,22100,22100,25000.0,25000.0
Max Baseline [per bin]5 [m],32200,32200,32200,32200,35000.0,35000.0,35000.0,35000.0,35000.0,,35000.0,35000.0,35000.0,35000.0,35000.0,35000.0,35000.0,35000.0,35000.0,35000.0,32200,32200,35000.0,35000.0
Max Baseline [per bin]6 [m],47000,47000,47000,47000,55000.0,40000.0,55000.0,55000.0,55000.0,,55000.0,55000.0,55000.0,55000.0,55000.0,55000.0,55000.0,55000.0,55000.0,55000.0,47000,47000,55000.0,55000.0
Max Baseline [per bin]7 [m],80000,80000,80000,80000,75000.0,,75000.0,75000.0,75000.0,,75000.0,75000.0,75000.0,75000.0,75000.0,75000.0,75000.0,75000.0,75000.0,75000.0,80000,80000,75000.0,75000.0
Max Baseline [per bin]8 [m],,,,,90000.0,,90000.0,90000.0,90000.0,,90000.0,90000.0,90000.0,90000.0,90000.0,90000.0,90000.0,90000.0,90000.0,90000.0,,,90000.0,90000.0
Max Baseline [per bin]9 [m],,,,,110000.0,,110000.0,110000.0,110000.0,,110000.0,110000.0,110000.0,110000.0,110000.0,110000.0,110000.0,110000.0,110000.0,110000.0,,,110000.0,110000.0
Max Baseline [per bin]10 [m],,,,,130000.0,,130000.0,130000.0,130000.0,,130000.0,130000.0,130000.0,130000.0,130000.0,130000.0,130000.0,130000.0,130000.0,130000.0,,,130000.0,130000.0
Max Baseline [per bin]11 [m],,,,,150000.0,,150000.0,150000.0,150000.0,,150000.0,150000.0,150000.0,150000.0,150000.0,150000.0,150000.0,150000.0,150000.0,150000.0,,,150000.0,150000.0
Baseline fraction [per bin]0,0.524239919747576,0.524239919747576,0.524239919747576,0.524239919747576,0.6148904201149844,0.6148904201149844,0.6148904201149844,0.6148904201149844,0.6148904201149844,0.6148904201149844,0.6148904201149844,0.6148904201149844,0.6148904201149844,0.6148904201149844,0.6148904201149844,0.6148904201149844,0.6148904201149844,0.6148904201149844,0.6148904201149844,0.6148904201149844,0.524239919747576,0.524239919747576,0.6148904201149844,0.6148904201149844
Baseline fraction [per bin]1,0.079116159492088389,0.079116159492088389,0.079116159492088389,0.079116159492088389,0.050619138909465761,0.050619138909465761,0.050619138909465761,0.050619138909465761,0.050619138909465761,0.050619138909465761,0.050619138909465761,0.050619138909465761,0.050619138909465761,0.050619138909465761,0.050619138909465761,0.050619138909465761,0.050619138909465761,0.050619138909465761,0.050619138909465761,0.050619138909465761,0.079116159492088389,0.079116159492088389,0.050619138909465761,0.050619138909465761
Baseline fraction [per bin]2,0.059153457094084663,0.059153457094084663,0.059153457094084663,0.059153457094084663,0.028392311305309354,0.028392311305309354,0.028392311305309354,0.028392311305309354,0.028392311305309354,0.028392311305309354,0.028392311305309354,0.028392311305309354,0.028392311305309354,0.028392311305309354,0.028392311305309354,0.028392311305309354,0.028392311305309354,0.028392311305309354,0.028392311305309354,0.028392311305309354,0.059153457094084663,0.059153457094084663,0.028392311305309354,0.028392311305309354
Baseline fraction [per bin]3,0.091502783190849729,0.091502783190849729,0.091502783190849729,0.091502783190849729,0.050878192809514208,0.050878192809514208,0.050878192809514208,0.050878192809514208,0.050878192809514208,0.030526915685708523,0.050878192809514208,0.050878192809514208,0.050878192809514208,0.050878192809514208,0.050878192809514208,0.050878192809514208,0.050878192809514208,0.050878192809514208,0.050878192809514208,0.050878192809514208,0.091502783190849729,0.091502783190849729,0.050878192809514208,0.050878192809514208
Baseline fraction [per bin]4,0.073959481192604051,0.073959481192604051,0.073959481192604051,0.073959481192604051,0.071395264513350903,0.071395264513350903,0.071395264513350903,0.071395264513350903,0.071395264513350903,,0.071395264513350903,0.071395264513350903,0.071395264513350903,0.071395264513350903,0.071395264513350903,0.071395264513350903,0.071395264513350903,0.071395264513350903,0.071395264513350903,0.071395264513350903,0.073959481192604051,0.073959481192604051,0.071395264513350903,0.071395264513350903
Baseline fraction [per bin]5,0.10568718038943128,0.10568718038943128,0.10568718038943128,0.10568718038943128,0.03756282060702424,0.03756282060702424,0.03756282060702424,0.03756282060702424,0.03756282060702424,,0.03756282060702424,0.03756282060702424,0.03756282060702424,0.03756282060702424,0.03756282060702424,0.03756282060702424,0.03756282060702424,0.03756282060702424,0.03756282060702424,0.03756282060702424,0.10568718038943128,0.10568718038943128,0.03756282060702424,0.03756282060702424
Baseline fraction [per bin]6,0.060915910793908408,0.060915910793908408,0.060915910793908408,0.060915910793908408,0.057354541210725286,0.014338635302681322,0.057354541210725286,0.057354541210725286,0.057354541210725286,,0.057354541210725286,0.057354541210725286,0.057354541210725286,0.057354541210725286,0.057354541210725286,0.057354541210725286,0.057354541210725286,0.057354541210725286,0.057354541210725286,0.057354541210725286,0.060915910793908408,0.060915910793908408,0.057354541210725286,0.057354541210725286
Baseline fraction [per bin]7,0.0054251080994574897,0.0054251080994574897,0.0054251080994574897,0.0054251080994574897,0.054815812710250551,,0.054815812710250551,0.054815812710250551,0.054815812710250551,,0.054815812710250551,0.054815812710250551,0.054815812710250551,0.054815812710250551,0.054815812710250551,0.054815812710250551,0.054815812710250551,0.054815812710250551,0.054815812710250551,0.054815812710250551,0.0054251080994574897,0.0054251080994574897,0.054815812710250551,0.054815812710250551
Baseline fraction [per bin]8,,,,,0.017356613603245682,,0.017356613603245682,0.017356613603245682,0.017356613603245682,,0.017356613603245682,0.017356613603245682,0.017356613603245682,0.017356613603245682,0.017356613603245682,0.017356613603245682,0.017356613603245682,0.017356613603245682,0.017356613603245682,0.017356613603245682,,,0.017356613603245682,0.017356613603245682
Baseline fraction [per bin]9,,,,,0.015180560602838761,,0.015180560602838761,0.015180560602838761,0.015180560602838761,,0.015180560602838761,0.015180560602838761,0.015180560602838761,0.015180560602838761,0.015180560602838761,0.015180560602838761,0.015180560602838761,0.015180560602838761,0.015180560602838761,0.015180560602838761,,,0.015180560602838761,0.015180560602838761
Baseline fraction [per bin]10,,,,,0.0010880265302034607,,0.0010880265302034607,0.0010880265302034607,0.0010880265302034607,,0.0010880265302034607,0.0010880265302034607,0.0010880265302034607,0.0010880265302034607,0.0010880265302034607,0.0010880265302034607,0.0010880265302034607,0.0010880265302034607,0.0010880265302034607,0.0010880265302034607,,,0.0010880265302034607,0.0010880265302034607
Baseline fraction [per bin]11,,,,,0.00046629708308719751,,0.00046629708308719751,0.00046629708308719751,0.00046629708308719751,,0.00046629708308719751,0.00046629708308719751,0.00046629708308719751,0.00046629708308719751,0.00046629708308719751,0.00046629708308719751,0.00046629708308719751,0.00046629708308719751,0.00046629708308719751,0.00046629708308719751,,,0.00046629708308719751,0.00046629708308719751
-- Image --,,,,,,,,,,,,,,,,,,,,,,,,
Facet FoV size [deg],30.927349711913482,17.181860951063044,30.927349711913482,30.927349711913482,7.098682987638947,3.943712770910526,4.682494099443146,2.3880487372046404,4.313399450923628,2.192475334391248,0.5607419286200717,5.149944367723305,5.149944367723305,5.0635843199466475,5.0635843199466475,5.149944367723305,0.7307795984658851,0.7307795984658851,0.6009380045137866,0.3338544469521037,28.28673264661664,15.714851470342577,3.6606910466410874,6.779057493779791
PSF size [arcs],12.616855293763889,12.616855293763889,12.616855293763889,12.616855293763889,0.6536814113146615,2.4513052924299807,0.414812746432146,0.44199349217371975,0.398036867634397,5.007045878775813,0.05174479279247161,0.4656308809464686,0.4656308809464686,0.43004950575276385,0.43004950575276385,0.4656308809464686,0.06455411908949733,0.06455411908949733,0.052802819899117066,0.052802819899117066,11.531210745827075,11.531210745827075,1.026706652111203,1.026706652111203
Pixel size [arcs],2.523371058752778,2.523371058752778,2.523371058752778,2.523371058752778,0.1307362822629323,0.4902610584859961,0.0829625492864292,0.08839869843474395,0.07960737352687941,1.0014091757551624,0.01034895855849432,0.09312617618929371,0.09312617618929371,0.08600990115055276,0.08600990115055276,0.09312617618929371,0.012910823817899467,0.012910823817899467,0.010560563979823412,0.010560563979823412,2.3062421491654153,2.3062421491654153,0.20534133042224062,0.20534133042224062
Facet side length [pixels],44122.90399253433,24512.724440296854,44122.90399253433,44122.90399253433,195471.81786999534,28958.787832591905,203187.81068065306,97252.28545398785,195060.2982534269,7881.804356202797,195060.29825342697,199082.58324833197,199082.58324833197,211939.59425554783,211939.59425554783,199082.58324833197,203767.52030570322,203767.52030570322,204854.28812162802,113807.93784534889,44155.050051735045,24530.583362075024,64178.4473725244,118848.97661578593
Image side length [pixels],44122.90399253433,24512.724440296854,44122.90399253433,44122.90399253433,195471.81786999534,28958.787832591905,203187.81068065306,97252.28545398785,195060.2982534269,7881.804356202797,195060.29825342697,199082.58324833197,199082.58324833197,211939.59425554783,211939.59425554783,199082.58324833197,203767.52030570322,203767.52030570322,204854.28812162802,113807.93784534889,44155.050051735045,24530.583362075024,256713.7894900976,118848.97661578593
Epsilon (approx),0.6666666666666672,0.342997170285018,0.6666666666666672,0.6666666666666672,0.4441757193189375,0.24373333911071637,0.4441757193189375,0.24373333911071637,0.4441757193189375,0.24373333911071637,0.4441757193189375,0.4441757193189375,0.4441757193189375,0.4441757193189375,0.4441757193189375,0.4441757193189375,0.4441757193189375,0.4441757193189375,0.4441757193189375,0.24373333911071637,0.6666666666666672,0.342997170285018,0.4441757193189375,0.24373333911071637
Qbw,2.2049999999999983,4.285749642711291,2.2049999999999983,2.2049999999999983,3.309501028678418,6.031181476294671,3.309501028678418,6.031181476294671,3.309501028678418,6.031181476294671,3.309501028678418,3.309501028678418,3.309501028678418,3.309501028678418,3.309501028678418,3.309501028678418,3.309501028678418,3.309501028678418,3.309501028678418,6.031181476294671,2.2049999999999983,4.285749642711291,3.309501028678418,6.031181476294671
Max subband ratio,1.35,1.35,1.35,1.35,1.35,1.35,1.35,1.35,1.35,1.35,1.35,1.35,1.35,1.35,1.35,1.35,1.35,1.35,1.35,1.35,1.35,1.35,1.35,1.35
Number subbands,5.0,5.0,5.0,5.0,1.0,1.0,1.0,1.0,1.0,1.0,1.0,2.0,2.0,2.0,2.0,2.0,2.0,2.0,2.0,2.0,7.0,7.0,4.0,4.0
Station/antenna diameter,35,35,35,35,13.5,13.5,13.5,13.5,13.5,13.5,13.5,13.5,13.5,13.5,13.5,13.5,13.5,13.5,13.5,13.5,35,35,13.5,13.5
-- Channelization --,,,,,,,,,,,,,,,,,,,,,,,,
Ionospheric timescale [s],10.0,10.0,10.0,10.0,10.0,10.0,10.0,10.0,10.0,10.0,10.0,10.0,10.0,10.0,10.0,10.0,10.0,10.0,10.0,10.0,10.0,10.0,10.0,10.0
Coalesce time pred0 [s],1.2,1.2,1.2,1.2,1.2,1.2,1.2,1.2,1.2,1.2,1.2,1.2,1.2,1.2,1.2,1.2,1.2,1.2,1.2,1.2,1.2,1.2,1.2,1.2
Coalesce time pred1 [s],1.2,1.2,1.2,1.2,1.2,1.2,1.2,1.2,1.2,1.2,1.2,1.2,1.2,1.2,1.2,1.2,1.2,1.2,1.2,1.2,1.2,1.2,1.2,1.2
Coalesce time pred2 [s],1.2,1.2,1.2,1.2,1.2,1.2,1.2,1.2,1.2,1.2,1.2,1.2,1.2,1.2,1.2,1.2,1.2,1.2,1.2,1.2,1.2,1.2,1.2,1.2
Coalesce time pred3 [s],1.2,1.2,1.2,1.2,1.12,1.0500000000000003,0.9800000000000001,1.12,1.12,1.2,1.12,1.12,1.12,0.9800000000000001,0.9800000000000001,1.12,0.9800000000000001,0.9800000000000001,0.9800000000000001,0.9800000000000001,1.2,1.2,0.9800000000000001,0.9800000000000001
Coalesce time pred4 [s],1.2,1.2,1.2,1.2,0.56,0.5250000000000001,0.56,0.7000000000000001,0.56,1.2,0.56,0.56,0.56,0.56,0.56,0.56,0.56,0.56,0.56,0.56,1.2,1.2,0.56,0.56
Coalesce time pred5 [s],1.2,1.2,1.2,1.2,0.42000000000000004,0.5250000000000001,0.42000000000000004,0.42000000000000004,0.42000000000000004,1.2,0.42000000000000004,0.42000000000000004,0.42000000000000004,0.42000000000000004,0.42000000000000004,0.42000000000000004,0.42000000000000004,0.42000000000000004,0.42000000000000004,0.42000000000000004,1.2,1.2,0.42000000000000004,0.42000000000000004
Coalesce time pred6 [s],0.9,0.9,0.9,0.9,0.28,0.5250000000000001,0.28,0.28,0.28,1.2,0.28,0.28,0.28,0.28,0.28,0.28,0.28,0.28,0.28,0.28,0.9,0.9,0.28,0.28
Coalesce time pred7 [s],0.9,0.9,0.9,0.9,0.14,0.5250000000000001,0.14,0.14,0.14,1.2,0.14,0.14,0.14,0.14,0.14,0.14,0.14,0.14,0.14,0.14,0.9,0.9,0.14,0.14
Coalesce time pred8 [s],,,,,0.14,0.5250000000000001,0.14,0.14,0.14,1.2,0.14,0.14,0.14,0.14,0.14,0.14,0.14,0.14,0.14,0.14,,,0.14,0.14
Coalesce time pred9 [s],,,,,0.14,0.5250000000000001,0.14,0.14,0.14,1.2,0.14,0.14,0.14,0.14,0.14,0.14,0.14,0.14,0.14,0.14,,,0.14,0.14
Coalesce time pred10 [s],,,,,0.14,0.5250000000000001,0.14,0.14,0.14,1.2,0.14,0.14,0.14,0.14,0.14,0.14,0.14,0.14,0.14,0.14,,,0.14,0.14
Coalesce time pred11 [s],,,,,0.14,0.5250000000000001,0.14,0.14,0.14,1.2,0.14,0.14,0.14,0.14,0.14,0.14,0.14,0.14,0.14,0.14,,,0.14,0.14
Coalesce time bw0 [s],10.0,10.0,10.0,10.0,3.3600000000000003,3.150000000000001,3.22,3.5000000000000004,3.3600000000000003,3.2307692307692313,3.3600000000000003,3.3600000000000003,3.3600000000000003,3.22,3.22,3.3600000000000003,3.22,3.22,3.22,3.22,10.0,10.0,10.0,3.22
Coalesce time bw1 [s],8.1,8.1,8.1,8.1,2.24,2.1000000000000005,2.1,2.24,2.24,1.6153846153846156,2.24,2.24,2.24,2.1,2.1,2.24,2.1,2.1,2.1,2.1,8.1,8.1,7.000000000000001,2.1
Coalesce time bw2 [s],5.4,5.4,5.4,5.4,1.6800000000000002,1.5750000000000004,1.54,1.6800000000000002,1.6800000000000002,1.6153846153846156,1.6800000000000002,1.6800000000000002,1.6800000000000002,1.54,1.54,1.6800000000000002,1.54,1.54,1.54,1.54,5.4,5.4,5.133333333333334,1.54
Coalesce time bw3 [s],3.6,3.6,3.6,3.6,1.12,1.0500000000000003,0.9800000000000001,1.12,1.12,1.6153846153846156,1.12,1.12,1.12,0.9800000000000001,0.9800000000000001,1.12,0.9800000000000001,0.9800000000000001,0.9800000000000001,0.9800000000000001,3.6,3.6,3.266666666666667,0.9800000000000001
Coalesce time bw4 [s],2.7,1.8,2.7,2.7,0.56,0.5250000000000001,0.56,0.7000000000000001,0.56,1.6153846153846156,0.56,0.56,0.56,0.56,0.56,0.56,0.56,0.56,0.56,0.56,2.7,1.8,1.866666666666667,0.56
Coalesce time bw5 [s],1.8,1.8,1.8,1.8,0.42000000000000004,0.5250000000000001,0.42000000000000004,0.42000000000000004,0.42000000000000004,1.6153846153846156,0.42000000000000004,0.42000000000000004,0.42000000000000004,0.42000000000000004,0.42000000000000004,0.42000000000000004,0.42000000000000004,0.42000000000000004,0.42000000000000004,0.42000000000000004,1.8,1.8,1.4000000000000001,0.42000000000000004
Coalesce time bw6 [s],0.9,0.9,0.9,0.9,0.28,0.5250000000000001,0.28,0.28,0.28,1.6153846153846156,0.28,0.28,0.28,0.28,0.28,0.28,0.28,0.28,0.28,0.28,0.9,0.9,0.9333333333333335,0.28
Coalesce time bw7 [s],0.9,0.9,0.9,0.9,0.14,0.5250000000000001,0.14,0.14,0.14,1.6153846153846156,0.14,0.14,0.14,0.14,0.14,0.14,0.14,0.14,0.14,0.14,0.9,0.9,0.46666666666666673,0.14
Coalesce time bw8 [s],,,,,0.14,0.5250000000000001,0.14,0.14,0.14,1.6153846153846156,0.14,0.14,0.14,0.14,0.14,0.14,0.14,0.14,0.14,0.14,,,0.46666666666666673,0.14
Coalesce time bw9 [s],,,,,0.14,0.5250000000000001,0.14,0.14,0.14,1.6153846153846156,0.14,0.14,0.14,0.14,0.14,0.14,0.14,0.14,0.14,0.14,,,0.46666666666666673,0.14
Coalesce time bw10 [s],,,,,0.14,0.5250000000000001,0.14,0.14,0.14,1.6153846153846156,0.14,0.14,0.14,0.14,0.14,0.14,0.14,0.14,0.14,0.14,,,0.46666666666666673,0.14
Coalesce time bw11 [s],,,,,0.14,0.5250000000000001,0.14,0.14,0.14,1.6153846153846156,0.14,0.14,0.14,0.14,0.14,0.14,0.14,0.14,0.14,0.14,,,0.46666666666666673,0.14
Combined Samples0,14.0,13.0,14.0,14.0,24.0,6.0,23.0,25.0,24.0,2.0,24.0,24.0,24.0,23.0,23.0,24.0,23.0,23.0,23.0,23.0,14.0,13.0,23.0,23.0
Combined Samples1,9.0,9.0,9.0,9.0,16.0,4.0,15.0,16.0,16.0,1.0,16.0,16.0,16.0,15.0,15.0,16.0,15.0,15.0,15.0,15.0,9.0,9.0,15.0,15.0
Combined Samples2,6.0,6.0,6.0,6.0,12.0,3.0,11.0,12.0,12.0,1.0,12.0,12.0,12.0,11.0,11.0,12.0,11.0,11.0,11.0,11.0,6.0,6.0,11.0,11.0
Combined Samples3,4.0,4.0,4.0,4.0,8.0,2.0,7.0,8.0,8.0,1.0,8.0,8.0,8.0,7.0,7.0,8.0,7.0,7.0,7.0,7.0,4.0,4.0,7.0,7.0
Combined Samples4,3.0,2.0,3.0,3.0,4.0,1.0,4.0,5.0,4.0,1.0,4.0,4.0,4.0,4.0,4.0,4.0,4.0,4.0,4.0,4.0,3.0,2.0,4.0,4.0
Combined Samples5,2.0,2.0,2.0,2.0,3.0,1.0,3.0,3.0,3.0,1.0,3.0,3.0,3.0,3.0,3.0,3.0,3.0,3.0,3.0,3.0,2.0,2.0,3.0,3.0
Combined Samples6,1.0,1.0,1.0,1.0,2.0,1.0,2.0,2.0,2.0,1.0,2.0,2.0,2.0,2.0,2.0,2.0,2.0,2.0,2.0,2.0,1.0,1.0,2.0,2.0
Combined Samples7,1.0,1.0,1.0,1.0,1.0,1.0,1.0,1.0,1.0,1.0,1.0,1.0,1.0,1.0,1.0,1.0,1.0,1.0,1.0,1.0,1.0,1.0,1.0,1.0
Combined Samples8,,,,,1.0,1.0,1.0,1.0,1.0,1.0,1.0,1.0,1.0,1.0,1.0,1.0,1.0,1.0,1.0,1.0,,,1.0,1.0
Combined Samples9,,,,,1.0,1.0,1.0,1.0,1.0,1.0,1.0,1.0,1.0,1.0,1.0,1.0,1.0,1.0,1.0,1.0,,,1.0,1.0
Combined Samples10,,,,,1.0,1.0,1.0,1.0,1.0,1.0,1.0,1.0,1.0,1.0,1.0,1.0,1.0,1.0,1.0,1.0,,,1.0,1.0
Combined Samples11,,,,,1.0,1.0,1.0,1.0,1.0,1.0,1.0,1.0,1.0,1.0,1.0,1.0,1.0,1.0,1.0,1.0,,,1.0,1.0
Number of frequencies predict ifft,25.0,25.0,25.0,25.0,5.0,5.0,5.0,5.0,5.0,5.0,5.0,10.0,10.0,10.0,10.0,10.0,10.0,10.0,10.0,10.0,35.0,35.0,20.0,20.0
Number of freqs for predict (de-gridding) convoution kernels gcf0,500.0,500.0,500.0,500.0,500.0,500.0,500.0,500.0,500.0,500.0,500.0,500.0,500.0,500.0,500.0,500.0,500.0,500.0,500.0,500.0,500.0,594.3017540118535,500.0,567.5751623007092
Number of freqs for predict (de-gridding) convoution kernels gcf1,500.0,500.0,500.0,500.0,500.0,500.0,500.0,500.0,500.0,500.0,500.0,500.0,500.0,500.0,500.0,500.0,500.0,500.0,500.0,500.0,500.0,613.008762775811,500.0,649.6413529007726
Number of freqs for predict (de-gridding) convoution kernels gcf2,500.0,500.0,500.0,500.0,500.0,500.0,500.0,500.0,500.0,500.0,500.0,500.0,500.0,500.0,500.0,500.0,500.0,500.0,500.0,500.0,500.0,645.5908596579961,500.0,735.3845568011021
Number of freqs for predict (de-gridding) convoution kernels gcf3,500.0,539.512269994763,500.0,500.0,500.0,500.0,500.0,500.0,500.0,500.0,500.0,500.0,500.0,500.0,500.0,500.0,500.0,500.0,500.0,500.0,500.0,698.2118143578037,500.0,908.7654127269814
Number of freqs for predict (de-gridding) convoution kernels gcf4,500.0,624.3491158334007,500.0,500.0,500.0,500.0,500.0,500.0,500.0,500.0,500.0,500.0,500.0,500.0,500.0,500.0,500.0,500.0,500.0,500.0,500.0,784.3087104312071,555.2293974233985,1245.8584343817633
Number of freqs for predict (de-gridding) convoution kernels gcf5,500.0,750.1823994180752,500.0,500.0,500.0,500.0,500.0,500.0,500.0,500.0,500.0,500.0,500.0,500.0,500.0,500.0,500.0,500.0,500.0,500.0,500.0,915.7461864927187,687.2713611891382,1565.4567963160982
Number of freqs for predict (de-gridding) convoution kernels gcf6,500.0,933.0867760249309,500.0,500.0,500.0,500.0,500.0,500.0,500.0,500.0,500.0,500.0,500.0,500.0,500.0,500.0,500.0,500.0,500.0,500.0,622.6051747690876,1111.7724997675343,936.7078513960048,2161.6545694097836
Number of freqs for predict (de-gridding) convoution kernels gcf7,961.2805561418319,1321.6164097161595,961.2805561418319,961.2805561418319,500.0,584.0473080894147,500.0,500.0,500.0,500.0,500.0,500.0,500.0,500.0,500.0,500.0,500.0,500.0,500.0,515.2084038618726,1265.3629763189795,1538.0424269033847,1170.263167959103,2716.033096560428
Number of freqs for predict (de-gridding) convoution kernels gcf8,,,,,500.0,670.3067859781634,500.0,500.0,500.0,500.0,500.0,500.0,500.0,500.0,500.0,500.0,500.0,500.0,500.0,581.7944683836712,,,1379.7359871458564,3111.692605181235
Number of freqs for predict (de-gridding) convoution kernels gcf9,,,,,500.0,780.7353645522235,500.0,500.0,500.0,500.0,500.0,500.0,500.0,500.0,500.0,500.0,500.0,500.0,500.0,667.9690301758238,,,1861.1616480270977,3618.4351704368887
Number of freqs for predict (de-gridding) convoution kernels gcf10,,,,,500.0,886.9678557771615,500.0,500.0,500.0,500.0,500.0,500.0,500.0,597.3823734057473,597.3823734057473,500.0,500.0,500.0,500.0,751.479010129421,,,2396.3046190233435,4105.968878118845
Number of freqs for predict (de-gridding) convoution kernels gcf11,,,,,500.0,989.7917873577254,500.0,500.0,500.0,500.0,500.0,557.8245294919465,557.8245294919465,737.8663611141334,737.8663611141334,557.8245294919465,500.0,500.0,500.0,832.6521661700438,,,2981.2235519179003,4577.798876719114
Channels to de-grid (predict),23483.615124332395,25357.69099984863,23483.615124332395,23483.615124332395,21760.03326863552,5874.90211016006,26842.397673499825,5000.0,21488.724594920375,2500.0,21488.724594920375,48279.00153236485,48279.00153236485,65190.5312565323,65190.5312565323,48279.00153236485,54447.72758676212,54447.72758676212,55877.680875140846,65536.0,32975.4265816828,65536.0,65536.0,65536.0
Number of freqs for backward (gridding) convolution kernels gcf0,500.0,500.0,500.0,500.0,500.0,500.0,500.0,500.0,500.0,500.0,500.0,500.0,500.0,500.0,500.0,500.0,500.0,500.0,500.0,500.0,500.0,594.3017540118535,500.0,567.5751623007092
Number of freqs for backward (gridding) convolution kernels gcf1,500.0,500.0,500.0,500.0,500.0,500.0,500.0,500.0,500.0,500.0,500.0,500.0,500.0,500.0,500.0,500.0,500.0,500.0,500.0,500.0,500.0,613.008762775811,500.0,649.6413529007726
Number of freqs for backward (gridding) convolution kernels gcf2,500.0,500.0,500.0,500.0,500.0,500.0,500.0,500.0,500.0,500.0,500.0,500.0,500.0,500.0,500.0,500.0,500.0,500.0,500.0,500.0,500.0,645.5908596579961,500.0,735.3845568011021
Number of freqs for backward (gridding) convolution kernels gcf3,500.0,539.512269994763,500.0,500.0,500.0,500.0,500.0,500.0,500.0,500.0,500.0,500.0,500.0,500.0,500.0,500.0,500.0,500.0,500.0,500.0,500.0,698.2118143578037,500.0,908.7654127269814
Number of freqs for backward (gridding) convolution kernels gcf4,500.0,624.3491158334007,500.0,500.0,500.0,500.0,500.0,500.0,500.0,500.0,500.0,500.0,500.0,500.0,500.0,500.0,500.0,500.0,500.0,500.0,500.0,784.3087104312071,500.0,1245.8584343817633
Number of freqs for backward (gridding) convolution kernels gcf5,500.0,750.1823994180752,500.0,500.0,500.0,500.0,500.0,500.0,500.0,500.0,500.0,500.0,500.0,500.0,500.0,500.0,500.0,500.0,500.0,500.0,500.0,915.7461864927187,500.0,1565.4567963160982
Number of freqs for backward (gridding) convolution kernels gcf6,500.0,933.0867760249309,500.0,500.0,500.0,500.0,500.0,500.0,500.0,500.0,500.0,500.0,500.0,500.0,500.0,500.0,500.0,500.0,500.0,500.0,622.6051747690876,1111.7724997675343,500.0,2161.6545694097836
Number of freqs for backward (gridding) convolution kernels gcf7,961.2805561418319,1321.6164097161595,961.2805561418319,961.2805561418319,500.0,584.0473080894147,500.0,500.0,500.0,500.0,500.0,500.0,500.0,500.0,500.0,500.0,500.0,500.0,500.0,515.2084038618726,1265.3629763189795,1538.0424269033847,500.0,2716.033096560428
Number of freqs for backward (gridding) convolution kernels gcf8,,,,,500.0,670.3067859781634,500.0,500.0,500.0,500.0,500.0,500.0,500.0,500.0,500.0,500.0,500.0,500.0,500.0,581.7944683836712,,,500.0,3111.692605181235
Number of freqs for backward (gridding) convolution kernels gcf9,,,,,500.0,780.7353645522235,500.0,500.0,500.0,500.0,500.0,500.0,500.0,500.0,500.0,500.0,500.0,500.0,500.0,667.9690301758238,,,500.0,3618.4351704368887
Number of freqs for backward (gridding) convolution kernels gcf10,,,,,500.0,886.9678557771615,500.0,500.0,500.0,500.0,500.0,500.0,500.0,597.3823734057473,597.3823734057473,500.0,500.0,500.0,500.0,751.479010129421,,,500.0,4105.968878118845
Number of freqs for backward (gridding) convolution kernels gcf11,,,,,500.0,989.7917873577254,500.0,500.0,500.0,500.0,500.0,557.8245294919465,557.8245294919465,737.8663611141334,737.8663611141334,557.8245294919465,500.0,500.0,500.0,832.6521661700438,,,534.6085903871368,4577.798876719114
Channels to grid (backward)0,1439.0220074055394,1553.8091629762937,1500.0,1500.0,725.4235790959281,3200.0,894.8544371933378,5000.0,716.3789380602059,2500.0,5000.0,1609.4960173883849,1609.4960173883849,2173.274168099727,2173.274168099727,1609.4960173883849,1815.142702990266,1815.142702990266,1862.8129543000314,65536.0,2020.6580841292684,65536.0,1356.5650741686497,65536.0
Channels to grid (backward)1,2084.8023964370545,2251.1266360271425,2084.8023964370545,2084.8023964370545,1088.0892646396737,3200.0,1342.225873765601,5000.0,1074.522829922399,2500.0,5000.0,2414.1426668997783,2414.1426668997783,3259.7786040836563,3259.7786040836563,2414.1426668997783,2722.601066020032,2722.601066020032,2794.103783547841,65536.0,2927.4556074956,65536.0,2034.5730199598029,65536.0
Channels to grid (backward)2,3053.4729526440356,3297.102820280685,3053.4729526440356,3053.4729526440356,1450.7549495332357,3200.0,1789.5973095663412,5000.0,1432.6667211420954,2500.0,5000.0,3218.789314993408,3218.789314993408,4346.283038268417,4346.283038268417,3218.789314993408,3630.0594274868595,3630.0594274868595,3725.394611200172,65536.0,4287.651854180768,65536.0,2712.580953399158,65536.0
Channels to grid (backward)3,4433.094635524015,4786.8264596173585,4433.094635524015,4433.094635524015,2176.0863186701217,3200.0,2684.3401803962356,5000.0,2148.954502933313,2500.0,5000.0,4828.082609751441,4828.082609751441,6519.291904838624,6519.291904838624,4828.082609751441,5444.976148857445,5444.976148857445,5587.976264909225,65536.0,6224.9010282119,65536.0,4068.596807922735,65536.0
Channels to grid (backward)4,6487.850320557811,7005.563782880562,6487.850320557811,6487.850320557811,3626.749056159887,3671.8483988277135,4473.825921121464,5000.0,3581.5300657480143,2500.0,5000.0,8046.669197569351,8046.669197569351,10865.309635809857,10865.309635809857,8046.669197569351,9074.809589730918,9074.809589730918,9313.139570420815,65536.0,9110.165737425465,65536.0,6780.628502141226,65536.0
Channels to grid (backward)5,9452.569228770244,10206.884769757768,9452.569228770244,9452.569228770244,5077.411793360802,5140.550873089399,6263.311661512502,5000.0,5014.1056282530935,2500.0,5014.1056282530935,11265.255784762805,11265.255784762805,15211.32736593673,15211.32736593673,11265.255784762805,12704.643029896244,12704.643029896244,13038.302875221221,65536.0,13273.19051986579,65536.0,9492.660190708539,65536.0
Channels to grid (backward)6,13796.909801136626,14897.929378619174,13796.909801136626,13796.909801136626,7978.737267513338,5874.902110160061,9842.283141929025,5000.0,7879.256753068427,2500.0,7879.256753068427,17702.428958559485,17702.428958559485,23903.362825622116,23903.362825622116,17702.428958559485,19964.30990966161,19964.30990966161,20488.629484136913,65536.0,19373.464450029325,65536.0,14916.72356321578,65536.0
Channels to grid (backward)7,23483.615124332395,25357.69099984863,23483.615124332395,23483.615124332395,10880.062741524669,11015.360769551247,13421.254622226623,5000.0,10744.407877796613,2500.0,10744.407877796613,24139.6021320338,24139.6021320338,32595.398284789022,32595.398284789022,24139.6021320338,27223.97678919299,27223.97678919299,27938.956092972145,65536.0,32975.42658168279,65536.0,20340.78693366233,65536.0
Channels to grid (backward)8,,,,,13056.056846918604,13218.414480651934,16105.483232473196,5000.0,12893.271221261048,2500.0,12893.271221261048,28967.482012137847,28967.482012137847,39114.42487939907,39114.42487939907,28967.482012137847,32668.72694857374,32668.72694857374,33526.70104926861,65536.0,,,24408.834461039172,65536.0
Channels to grid (backward)9,,,,,15957.382321039995,16155.819428625153,19684.45471290756,5000.0,15758.422345734596,2500.0,15758.422345734596,35404.655186069,35404.655186069,47806.46033859111,47806.46033859111,35404.655186069,39928.39382804045,39928.39382804045,40977.02765781857,65536.0,,,29832.897830491165,65536.0
Channels to grid (backward)10,,,,,18858.707794847738,19093.224376601953,23263.42619301842,5000.0,18623.573470428568,2500.0,18623.573470428568,41841.828358901505,41841.828358901505,56498.49579826335,56498.49579826335,41841.828358901505,47188.060706940756,47188.060706940756,48427.354265992435,65536.0,,,35256.96119960857,65536.0
Channels to grid (backward)11,,,,,21760.033268635525,22030.62932496891,26842.397673499825,5000.0,21488.72459492037,2500.0,21488.72459492037,48279.00153236485,48279.00153236485,65190.5312565323,65190.5312565323,48279.00153236485,54447.72758676212,54447.72758676212,55877.680875140846,65536.0,,,40681.02456876458,65536.0
Number of frequencies backward fft,500,65536,500,500,500,65536,500,5000,500,2500,500,500,500,500,500,500,500,500,500,65536,500,65536,500,65536
Channels out,500,65536,1500,1500,500,65536,500,5000,500,2500,5000,500,500,700,700,700,1000,1000,500,65536,500,65536,500,65536
Visibilities pred0,1342068434.7032068,1449170261.379078,1342068434.7032068,1342068434.7032068,215262479.15212432,60730198.10454093,265540084.34873638,49462810.211416215,212578541.26478764,25245176.692619033,212578541.26478764,477603017.998407,477603017.998407,644901375.0246507,644901375.0246507,477603017.998407,538627523.213381,538627523.213381,552773424.8362346,648318946.0030745,1884517307.1455562,3745326112.3146496,648318946.0030745,648318946.0030745
Visibilities pred1,202539517.36525932,218702890.0539745,202539517.36525932,202539517.36525932,17720883.230152998,4999444.1827184,21859846.853958793,4071887.899108942,17499935.529068198,2078238.7625403649,17499935.529068198,39317336.4241397,39317336.4241397,53089707.07199143,53089707.07199143,39317336.4241397,44341008.61890336,44341008.61890336,45505530.51715144,53371049.07120073,284403698.0425281,565229405.2586584,53371049.07120073,53371049.07120073
Visibilities pred2,151434456.9710891,163519464.37002924,151434456.9710891,151434456.9710891,9939656.108639443,2804191.8263985896,12261203.772629244,2283924.8419179274,9815726.384694278,1165685.611885682,9815726.384694278,22053122.18855235,22053122.18855235,29778054.758924242,29778054.758924242,22053122.18855235,24870903.524277207,24870903.524277207,25524084.691899285,29935859.687986653,212642550.61875242,422609914.16837627,29935859.687986653,29935859.687986653
Visibilities pred3,234249610.49715713,252943561.21801224,234249610.49715713,234249610.49715713,19083828.761555877,5742891.281241906,26904145.880749,4385064.242770006,18845887.568783544,1253324.7472326572,18845887.568783544,42341304.65924229,42341304.65924229,65340495.44690289,65340495.44690289,42341304.65924229,54572979.04932402,54572979.04932402,56006221.79988423,65686758.906097166,328930651.93923765,653723133.8643019,65686758.906097166,65686758.906097166
Visibilities pred4,189338280.84555808,204448147.98337874,189338280.84555808,189338280.84555808,53559095.8373816,16117523.813424826,66068582.32943479,9845406.97639109,52891309.76014397,2931231.3360139374,52891309.76014397,118831604.62498526,118831604.62498526,160456827.80692613,160456827.80692613,118831604.62498526,134015009.25783736,134015009.25783736,137534627.27816668,161307147.90119162,265866671.12660885,528388559.75958896,161307147.90119162,161307147.90119162
Visibilities pred5,270562052.6222723,292153865.16752964,270562052.6222723,270562052.6222723,37571692.79180548,8479829.296240013,46347094.5440999,8633188.269514406,37103241.01993846,1542193.5555934503,37103241.01993846,83360341.93861605,83360341.93861605,112560425.94546138,112560425.94546138,83360341.93861605,94011496.62075014,94011496.62075014,96480507.81178708,113156925.28617923,379920172.2051206,755060691.7535795,113156925.28617923,113156925.28617923
Visibilities pred6,207928515.08921194,224521948.93223414,207928515.08921194,207928515.08921194,86052132.1785943,3236955.5252472498,106150828.17542218,19772978.082397547,84979216.08680753,2354770.020190098,84979216.08680753,190923927.82789752,190923927.82789752,257802189.14305305,257802189.14305305,190923927.82789752,215318744.84187993,215318744.84187993,220973631.84787288,259168378.32160112,291970867.6564998,580268544.376171,259168378.32160112,259168378.32160112
Visibilities pred7,18517898.798805382,19995692.878650185,18517898.798805382,18517898.798805382,164486279.9438615,12374702.618329613,202904383.6275627,37795502.863717765,162435430.39299104,2250539.010123154,162435430.39299104,364945828.13478595,364945828.13478595,492781782.1587097,492781782.1587097,364945828.13478595,411575848.78567845,411575848.78567845,422385009.5068586,495393215.13532144,26002623.916891437,51678117.2427348,495393215.13532144,495393215.13532144
Visibilities pred8,,,,,52082139.49342821,3918265.937909834,64246661.88283607,11967385.079437898,51432768.418680064,712599.7785386126,51432768.418680064,115554680.5177165,115554680.5177165,156032038.21601093,156032038.21601093,115554680.5177165,130319384.54622325,130319384.54622325,133741944.8757506,156858909.71320844,,,156858909.71320844,156858909.71320844
Visibilities pred9,,,,,45552438.567719236,3427020.667058929,56191856.691451795,10466996.535657328,44984481.17814519,623258.912766946,44984481.17814519,101067228.35685153,101067228.35685153,136469812.96395686,136469812.96395686,101067228.35685153,113980835.2050106,113980835.2050106,116974298.428133,137193016.9921677,,,137193016.9921677,137193016.9921677
Visibilities pred10,,,,,3264850.552875744,245622.64219797074,4027402.7067391425,750194.2925752864,3224143.70916629,44670.43411752481,3224143.70916629,7243726.280162723,7243726.280162723,9781112.895720268,9781112.895720268,7243726.280162723,8169274.895856583,8169274.895856583,8383823.454974779,9832946.631642792,,,9832946.631642792,9832946.631642792
Visibilities pred11,,,,,1399221.661660122,105266.84636602242,1726029.7267004752,321511.8387886227,1381775.8715470303,19144.471711866714,1381775.8715470303,3104454.1115098707,3104454.1115098707,4191905.515178976,4191905.515178976,3104454.1115098707,3501117.8028563815,3501117.8028563815,3593067.185082078,4214119.973370235,,,4214119.973370235,4214119.973370235
Visibilities bw0,9868664.61278945,10655863.095060209,10286845.401254835,10286845.401254835,2562963.4868362974,12601572.250131302,3299032.1883531227,16958677.78677127,2531008.246623418,9376779.914401352,17665289.361220077,5686442.574579423,5686442.574579423,8012142.686764489,8012142.686764489,5686442.574579423,6691830.48630891,6691830.48630891,6867574.92804298,241609545.09431347,13857464.880155714,449439133.47775793,1610388.4992729523,241609545.09431347
Visibilities bw1,2663826.539487355,2876344.9653762165,2663826.539487355,2663826.539487355,474704.73319678224,1556083.9346491566,624616.3763722373,2181368.51737979,468786.05447971204,1543834.5093156993,2181368.51737979,1053226.9620076923,1053226.9620076923,1516966.0630562834,1516966.0630562834,1053226.9620076923,1266985.866837494,1266985.866837494,1300260.2725809102,30497742.326400414,3740514.6663996098,83737689.6679494,284041.8260512408,30497742.326400414
Visibilities bw2,4375637.283095819,4724759.724538613,4375637.283095819,4375637.283095819,473345.03839633503,1163744.7927556564,636982.7146516447,1631374.8870842336,467443.302086505,865937.8831150777,1631374.8870842336,1050210.4110590615,1050210.4110590615,1547000.0728999109,1547000.0728999109,1050210.4110590615,1292070.0629728218,1292070.0629728218,1326003.3192416495,23326643.912716873,6144219.90993657,93913314.25963916,289651.84013836755,23326643.912716873
Visibilities bw3,14740074.248513713,15916235.323311467,14740074.248513713,14740074.248513713,1908455.6610362737,3128095.0312674087,2690515.232111159,4385064.242770006,1884660.7100304929,931041.2408014024,4385064.242770006,4234290.482632148,4234290.482632148,6534288.873162928,6534288.873162928,4234290.482632148,5457501.762992072,5457501.762992072,5600830.8362745,65686758.906097166,20697844.483224478,217907711.28810063,1223386.8603888117,65686758.906097166
Visibilities bw4,23248330.93814649,37655230.28096718,23248330.93814649,23248330.93814649,8926705.114784088,10073547.251969296,11011659.233742138,9845406.97639109,8815405.273867484,2177486.1353246393,12306758.720488863,19805683.263615146,19805683.263615146,26743348.822262928,26743348.822262928,19805683.263615146,22336298.411039386,22336298.411039386,22922912.324681252,161307147.90119162,32645042.271385323,352259039.839726,5006853.536947312,161307147.90119162
Visibilities bw5,72603998.42044942,78397801.46181615,72603998.42044942,72603998.42044942,8766850.386787316,7419867.271839196,10814469.752896504,8633188.269514406,8657543.578388155,1145629.4984408487,8657543.578388155,19451014.81881871,19451014.81881871,26264450.59586969,26264450.59586969,19451014.81881871,21936315.034813646,21936315.034813646,22512424.687347163,113156925.28617923,101949711.26003943,503373794.50238633,4917115.356294679,113156925.28617923
Visibilities bw6,122160534.1674023,131909176.55563876,122160534.1674023,122160534.1674023,31552679.423149947,3236955.52524725,38922249.76922269,19772978.082397547,31159274.216800973,1749257.7292840728,31159274.216800973,70005947.96055926,70005947.96055926,94528133.84932448,94528133.84932448,70005947.96055926,78950772.45478623,78950772.45478623,81024244.34564066,259168378.32160112,171536438.23153704,580268544.376171,17696882.884598915,259168378.32160112
Visibilities bw7,18517898.798805382,19995692.878650185,18517898.798805382,18517898.798805382,82243488.50094491,23202397.4528994,101452613.50181031,37795502.863717765,81218059.74284272,1671828.9789486285,81218059.74284272,182473680.3020582,182473680.3020582,246391893.84335288,246391893.84335288,182473680.3020582,205788778.53954592,205788778.53954592,211193379.0042427,495393215.13532144,26002623.91689143,51678117.2427348,46127416.24809043,495393215.13532144
Visibilities bw8,,,,,31249371.981221344,8816021.482833097,38548103.9466874,11967385.0794379,30859748.327693105,529359.8354858264,30859748.327693105,69333002.40418884,69333002.40418884,93619476.938503,93619476.938503,69333002.40418884,78191847.08971845,78191847.08971845,80245388.37995842,156858909.71320844,,,17526595.280130584,156858909.71320844
Visibilities bw9,,,,,33405173.09449702,9424212.699547794,41207423.8572614,10466996.535657326,32988670.420045804,462992.3351983027,32988670.420045804,74116080.63574529,74116080.63574529,100078010.9492145,100078010.9492145,74116080.63574529,83586071.97449215,83586071.97449215,85781281.3071843,137193016.9921677,,,18735650.294422198,137193016.9921677
Visibilities bw10,,,,,2829538.990607967,798264.9125930549,3490417.9111497677,750194.2925752862,2794259.704974406,33183.75105873271,2794259.704974406,6277900.165152533,6277900.165152533,8476969.817389192,8476969.817389192,6277900.165152533,7080042.764008617,7080042.764008617,7265984.954973794,9832946.631642792,,,1586974.26392968,9832946.631642792
Visibilities bw11,,,,,1399221.6616601222,394746.13006532413,1726029.7267004754,321511.8387886227,1381775.87154703,14221.6075573867,1381775.87154703,3104454.111509871,3104454.111509871,4191905.515178976,4191905.515178976,3104454.111509871,3501117.8028563815,3501117.8028563815,3593067.185082078,4214119.973370235,,,784765.8607745181,4214119.973370235
-- Geometry --,,,,,,,,,,,,,,,,,,,,,,,,
Delta W earth0 [lambda],0.12556762548976114,0.12556762548976114,0.12556762548976114,0.12556762548976114,1.4098307776762335,1.4098307776762335,2.179085545775391,2.203297607395118,2.3177546259610975,2.3206973331141834,17.82888173816229,1.961176991197852,1.961176991197852,2.058025237676758,2.058025237676758,1.961176991197852,13.982465585392093,13.982465585392093,17.04886816211769,17.04886816211769,0.13733959037942622,0.13733959037942622,0.8580149336490602,0.8580149336490602
Delta W earth1 [lambda],0.2636344856700899,0.2636344856700899,0.2636344856700899,0.2636344856700899,3.172119249771525,3.172119249771525,4.902942477994629,4.957419616639014,5.214947908412469,5.221568999506912,40.11498391086515,4.412648230195167,4.412648230195167,4.630556784772706,4.630556784772706,4.412648230195167,31.46054756713221,31.46054756713221,38.3599533647648,38.3599533647648,0.28835021870166083,0.28835021870166083,1.9305336007103855,1.9305336007103855
Delta W earth2 [lambda],0.5656557423145592,0.5656557423145592,0.5656557423145592,0.5656557423145592,5.639323110704934,5.639323110704934,8.716342183101563,8.813190429580471,9.27101850384439,9.282789332456733,71.31552695264917,7.844707964791408,7.844707964791408,8.232100950707032,8.232100950707032,7.844707964791408,55.92986234156837,55.92986234156837,68.19547264847075,68.19547264847075,0.618685968156549,0.618685968156549,3.432059734596241,3.432059734596241
Delta W earth3 [lambda],1.1924479087013926,1.1924479087013926,1.1924479087013926,1.1924479087013926,12.6884769990861,12.6884769990861,19.611769911978516,19.829678466556057,20.859791633649877,15.687913971851879,160.4599356434606,17.650592920780667,17.650592920780667,18.522227139090823,18.522227139090823,17.650592920780667,125.84219026852884,125.84219026852884,153.4398134590592,153.4398134590592,1.304239900142148,1.304239900142148,7.722134402841542,7.722134402841542
Delta W earth4 [lambda],2.554289211389181,2.554289211389181,2.554289211389181,2.554289211389181,35.245769441905836,35.245769441905836,54.47713864438477,55.08244018487794,57.94386564902744,58.017433327854576,445.72204345405726,49.0294247799463,49.0294247799463,51.45063094191895,51.45063094191895,49.0294247799463,349.5616396348023,349.5616396348023,426.22170405294224,426.22170405294224,2.7937538249569163,2.7937538249569163,21.450373341226506,21.450373341226506
Delta W earth5 [lambda],5.422471337476216,5.422471337476216,5.422471337476216,5.422471337476216,69.08170810613544,69.08170810613544,106.77519174299415,107.96158276236076,113.56997667209377,113.71416932259497,873.6152051699522,96.09767256869475,96.09767256869475,100.84323664616115,100.84323664616115,96.09767256869475,685.1408136842125,685.1408136842125,835.3945399437669,835.3945399437669,5.93082802536461,5.93082802536461,42.04273174880395,42.04273174880395
Delta W earth6 [lambda],11.552639929482813,11.552639929482813,11.552639929482813,11.552639929482813,170.58952409882426,90.22916977127895,263.6693510388223,266.59901049480925,280.4483097412928,280.80437730681615,2157.294690317637,237.3024159349401,237.3024159349401,249.02105375888772,249.02105375888772,237.3024159349401,1691.8783358324433,1691.8783358324433,2062.9130476162404,2062.9130476162404,12.635699922871826,12.635699922871826,103.81980697153628,103.81980697153628
Delta W earth7 [lambda],33.47075398311001,33.47075398311001,33.47075398311001,33.47075398311001,317.21192497715253,317.21192497715253,490.29424779946294,495.74196166390146,521.4947908412469,522.1568999506912,4011.4983910865153,441.2648230195167,441.2648230195167,463.0556784772706,463.0556784772706,441.2648230195167,3146.0547567132207,3146.0547567132207,3835.99533647648,3835.99533647648,36.608637169026565,36.608637169026565,193.05336007103855,193.05336007103855
Delta W earth8 [lambda],,,,,456.78517196709964,456.78517196709964,706.0237168312267,713.8684247960181,750.9524988113956,751.9059359289954,5776.557683164582,635.421345148104,635.421345148104,666.8001770072697,666.8001770072697,635.421345148104,4530.318849667038,4530.318849667038,5523.833284526131,5523.833284526131,,,277.99683850229553,277.99683850229553
Delta W earth9 [lambda],,,,,682.358096395297,682.358096395297,1054.6774041552892,1066.396041979237,1121.7932389651712,1123.2175092272646,8629.178761270548,949.2096637397603,949.2096637397603,996.0842150355509,996.0842150355509,949.2096637397603,6767.513343329773,6767.513343329773,8251.652190464962,8251.652190464962,,,415.2792278861451,415.2792278861451
Delta W earth10 [lambda],,,,,953.0456057091338,953.0456057091338,1473.0618289441643,1489.4291825990995,1566.8021271497018,1568.7913971851879,12052.324054997707,1325.7556460497478,1325.7556460497478,1391.2250606694886,1391.2250606694886,1325.7556460497478,9452.146735725055,9452.146735725055,11525.034877591559,11525.034877591559,,,580.0180951467647,580.0180951467647
Delta W earth11 [lambda],,,,,1268.8476999086101,1268.8476999086101,1961.1769911978517,1982.9678466556059,2085.9791633649875,2088.627599802765,16045.993564346061,1765.0592920780668,1765.0592920780668,1852.2227139090824,1852.2227139090824,1765.0592920780668,12584.219026852883,12584.219026852883,15343.98134590592,15343.98134590592,,,772.2134402841542,772.2134402841542
Delta W snapshot0 [lambda],0.8251586472584272,4.076892467197961,0.8251586554895788,0.8251586554895788,31.02406925940387,274.1976652204218,58.171896388692,271.80593213264365,68.62687970431915,120.6270487147791,2324.9738452385104,43.14589447315163,43.14589447315163,44.38423147363853,44.38423147363853,43.145892698871776,924.8091458171341,924.8091458171341,1213.954413675557,8911.485589406484,0.9025173892533271,3.6872619019180286,14.804977599161512,66.65451671635395
Delta W snapshot1 [lambda],1.195638039905068,5.90733398308276,1.1956380518318386,1.1956380518318386,46.53610388910581,411.29649783063275,87.25784458303801,407.70889819896547,102.94031955647871,180.94057307216863,3487.460767857766,64.71884170972744,64.71884170972744,66.5763472104578,66.5763472104578,64.71883904830766,1387.2137187257013,1387.2137187257013,1820.9316205133355,13367.228384109725,1.3077292783058414,5.3427672456363275,22.207466398742266,99.98177507453094
Delta W snapshot2 [lambda],1.7513571288750291,8.652996256909958,1.7513571463452284,1.7513571463452284,62.04813851880774,548.3953304408436,116.343792777384,543.6118642652873,137.2537594086383,241.2540974295582,4649.947690477021,86.29178894630326,86.29178894630326,88.76846294727706,88.76846294727706,86.29178539774355,1849.6182916342682,1849.6182916342682,2427.908827351114,17822.971178812968,1.9155471118846128,7.8260252612137755,29.609955198323025,133.3090334327079
Delta W snapshot3 [lambda],2.542835831347398,12.563484949936573,2.5428358567127836,2.5428358567127836,93.07220777821162,822.5929956612655,174.51568916607602,815.4177963979309,205.88063911295743,313.63032665842564,6974.921535715532,129.43768341945488,129.43768341945488,133.1526944209156,133.1526944209156,129.43767809661531,2774.4274374514025,2774.4274374514025,3641.863241026671,26734.45676821945,2.7812270566786204,11.362786677339232,44.41493279748453,199.9635501490619
Delta W snapshot4 [lambda],3.721633898859437,18.38761704593366,3.7216339359836104,3.7216339359836104,155.12034629701935,1370.988326102109,290.85948194346,1359.0296606632182,343.13439852159576,603.1352435738954,11624.869226192552,215.72947236575814,215.72947236575814,221.92115736819267,221.92115736819267,215.72946349435887,4624.04572908567,4624.04572908567,6069.772068377785,44557.42794703242,4.070537612754802,16.630303680079273,74.02488799580756,333.2725835817698
Delta W snapshot5 [lambda],5.422471110555379,26.7910076415866,5.4224711646458035,5.4224711646458035,217.1684848158271,1919.3836565429528,407.20327472084404,1902.6415249285055,480.388157930234,844.3893410034536,16274.816916669573,302.0212613120614,302.0212613120614,310.6896203154697,310.6896203154697,302.02124889210245,6473.664020719939,6473.664020719939,8497.6808957289,62380.39912584538,5.930828557950436,24.23057821260419,103.63484319413058,466.58161701447773
Delta W snapshot6 [lambda],7.914787024723689,39.104886930266154,7.914787103675551,7.914787103675551,341.26476185344256,2193.5813217633745,639.890860275612,2989.86525345908,754.8956767475106,1326.89753586257,25574.712297623617,474.60483920466794,474.60483920466794,488.22654621002386,488.22654621002386,474.6048196875895,10172.900603988475,10172.900603988475,13353.498550431126,98026.34148347132,8.656799447940077,35.36761416125456,162.85475359077662,733.1996838798935
Delta W snapshot7 [lambda],13.471977914423302,66.56150966853814,13.471978048809449,13.471978048809449,465.36103889105806,4112.964978306327,872.57844583038,4077.0889819896547,1029.4031955647872,1809.4057307216865,34874.60767857766,647.1884170972744,647.1884170972744,665.763472104578,665.763472104578,647.1883904830767,13872.13718725701,13872.13718725701,18209.316205133357,133672.28384109726,14.73497778372779,60.20019431702904,222.07466398742267,999.8177507453094
Delta W snapshot8 [lambda],,,,,558.4332466692697,4935.557973967593,1047.094134996456,4892.506778387586,1235.2838346777446,2171.2868768660237,41849.52921429319,776.6261005167294,776.6261005167294,798.9161665254936,798.9161665254936,776.626068579692,16646.564624708415,16646.564624708415,21851.179446160026,160406.7406093167,,,266.48959678490723,1199.7813008943713
Delta W snapshot9 [lambda],,,,,682.5295237068851,6032.34863484928,1279.781720551224,5979.73050691816,1509.7913534950212,2653.79507172514,51149.424595247234,949.2096784093359,949.2096784093359,976.4530924200477,976.4530924200477,949.209639375179,20345.80120797695,20345.80120797695,26706.997100862252,196052.68296694264,,,325.70950718155325,1466.399367759787
Delta W snapshot10 [lambda],,,,,806.6258007445007,7129.139295730967,1512.469306105992,7066.954235448735,1784.2988723122978,3136.3032665842566,60449.319976201274,1121.7932563019424,1121.7932563019424,1153.990018314602,1153.990018314602,1121.793210170666,24045.037791245486,24045.037791245486,31562.814755564483,231698.62532456857,,,384.9294175781993,1733.017434625203
Delta W snapshot11 [lambda],,,,,930.7220777821161,8225.929956612654,1745.15689166076,8154.177963979309,2058.8063911295744,3618.811461443373,69749.21535715532,1294.3768341945488,1294.3768341945488,1331.526944209156,1331.526944209156,1294.3767809661533,27744.27437451402,27744.27437451402,36418.63241026671,267344.5676821945,,,444.14932797484533,1999.6355014906187
Delta W max0 [lambda],0.8251586472584272,4.076892467197961,0.8251586554895788,0.8251586554895788,31.02406925940387,274.1976652204218,58.171896388692,271.80593213264365,68.62687970431915,120.6270487147791,2324.9738452385104,43.14589447315163,43.14589447315163,44.38423147363853,44.38423147363853,43.145892698871776,924.8091458171341,924.8091458171341,1213.954413675557,8911.485589406484,0.9025173892533271,3.6872619019180286,14.804977599161512,66.65451671635395
Delta W max1 [lambda],1.195638039905068,5.90733398308276,1.1956380518318386,1.1956380518318386,46.53610388910581,411.29649783063275,87.25784458303801,407.70889819896547,102.94031955647871,180.94057307216863,3487.460767857766,64.71884170972744,64.71884170972744,66.5763472104578,66.5763472104578,64.71883904830766,1387.2137187257013,1387.2137187257013,1820.9316205133355,13367.228384109725,1.3077292783058414,5.3427672456363275,22.207466398742266,99.98177507453094
Delta W max2 [lambda],1.7513571288750291,8.652996256909958,1.7513571463452284,1.7513571463452284,62.04813851880774,548.3953304408436,116.343792777384,543.6118642652873,137.2537594086383,241.2540974295582,4649.947690477021,86.29178894630326,86.29178894630326,88.76846294727706,88.76846294727706,86.29178539774355,1849.6182916342682,1849.6182916342682,2427.908827351114,17822.971178812968,1.9155471118846128,7.8260252612137755,29.609955198323025,133.3090334327079
Delta W max3 [lambda],2.542835831347398,12.563484949936573,2.5428358567127836,2.5428358567127836,93.07220777821162,822.5929956612655,174.51568916607602,815.4177963979309,205.88063911295743,313.63032665842564,6974.921535715532,129.43768341945488,129.43768341945488,133.1526944209156,133.1526944209156,129.43767809661531,2774.4274374514025,2774.4274374514025,3641.863241026671,26734.45676821945,2.7812270566786204,11.362786677339232,44.41493279748453,199.9635501490619
Delta W max4 [lambda],3.721633898859437,18.38761704593366,3.7216339359836104,3.7216339359836104,155.12034629701935,1370.988326102109,290.85948194346,1359.0296606632182,343.13439852159576,603.1352435738954,11624.869226192552,215.72947236575814,215.72947236575814,221.92115736819267,221.92115736819267,215.72946349435887,4624.04572908567,4624.04572908567,6069.772068377785,44557.42794703242,4.070537612754802,16.630303680079273,74.02488799580756,333.2725835817698
Delta W max5 [lambda],5.422471337476216,26.7910076415866,5.422471337476216,5.422471337476216,217.1684848158271,1919.3836565429528,407.20327472084404,1902.6415249285055,480.388157930234,844.3893410034536,16274.816916669573,302.0212613120614,302.0212613120614,310.6896203154697,310.6896203154697,302.02124889210245,6473.664020719939,6473.664020719939,8497.6808957289,62380.39912584538,5.930828557950436,24.23057821260419,103.63484319413058,466.58161701447773
Delta W max6 [lambda],11.552639929482813,39.104886930266154,11.552639929482813,11.552639929482813,341.26476185344256,2193.5813217633745,639.890860275612,2989.86525345908,754.8956767475106,1326.89753586257,25574.712297623617,474.60483920466794,474.60483920466794,488.22654621002386,488.22654621002386,474.6048196875895,10172.900603988475,10172.900603988475,13353.498550431126,98026.34148347132,12.635699922871826,35.36761416125456,162.85475359077662,733.1996838798935
Delta W max7 [lambda],33.47075398311001,66.56150966853814,33.47075398311001,33.47075398311001,465.36103889105806,4112.964978306327,872.57844583038,4077.0889819896547,1029.4031955647872,1809.4057307216865,34874.60767857766,647.1884170972744,647.1884170972744,665.763472104578,665.763472104578,647.1883904830767,13872.13718725701,13872.13718725701,18209.316205133357,133672.28384109726,36.608637169026565,60.20019431702904,222.07466398742267,999.8177507453094
Delta W max8 [lambda],,,,,558.4332466692697,4935.557973967593,1047.094134996456,4892.506778387586,1235.2838346777446,2171.2868768660237,41849.52921429319,776.6261005167294,776.6261005167294,798.9161665254936,798.9161665254936,776.626068579692,16646.564624708415,16646.564624708415,21851.179446160026,160406.7406093167,,,277.99683850229553,1199.7813008943713
Delta W max9 [lambda],,,,,682.5295237068851,6032.34863484928,1279.781720551224,5979.73050691816,1509.7913534950212,2653.79507172514,51149.424595247234,949.2096784093359,949.2096784093359,996.0842150355509,996.0842150355509,949.2096637397603,20345.80120797695,20345.80120797695,26706.997100862252,196052.68296694264,,,415.2792278861451,1466.399367759787
Delta W max10 [lambda],,,,,953.0456057091338,7129.139295730967,1512.469306105992,7066.954235448735,1784.2988723122978,3136.3032665842566,60449.319976201274,1325.7556460497478,1325.7556460497478,1391.2250606694886,1391.2250606694886,1325.7556460497478,24045.037791245486,24045.037791245486,31562.814755564483,231698.62532456857,,,580.0180951467647,1733.017434625203
Delta W max11 [lambda],,,,,1268.8476999086101,8225.929956612654,1961.1769911978517,8154.177963979309,2085.9791633649875,3618.811461443373,69749.21535715532,1765.0592920780668,1765.0592920780668,1852.2227139090824,1852.2227139090824,1765.0592920780668,27744.27437451402,27744.27437451402,36418.63241026671,267344.5676821945,,,772.2134402841542,1999.6355014906187
-- Kernel Sizes --,,,,,,,,,,,,,,,,,,,,,,,,
W kernel support pred0 [uv-pixels],2.750042097446995,3.7771472068354686,2.75004211807365,2.75004211807365,4.598731355634937,9.795240760441635,3.9456872175398487,4.569265048785781,3.9488734658588793,2.181074694259875,2.596078961765857,3.636378496120266,3.636378496120266,3.621293785534966,3.621293785534966,3.6363783836232044,1.9332758248707569,1.9332758248707569,1.7676460630935404,3.2690578330648776,2.572266122053952,3.0622354360289386,5.956647844624108,7.63224634935561
W kernel support pred1 [uv-pixels],3.634744780888462,4.993177754564734,3.634744808164804,3.634744808164804,6.240640962912327,13.302713330643769,5.353820214924471,6.20062271999518,5.358146663706235,2.9584130833968283,3.521641456359664,4.933845013899358,4.933845013899358,4.913364210152253,4.913364210152253,4.933844861159564,2.6221504312357893,2.6221504312357893,2.3974089117018513,4.4351540059154155,3.399663312688403,4.047603596141697,8.08517988520184,10.36212995126201
W kernel support pred2 [uv-pixels],4.844224065856056,6.6561718383828055,4.844224102231812,4.844224102231812,7.751271374489753,16.533464872064528,6.6491407900491275,7.701533423779585,6.654517221649325,3.6730947519960466,4.372715369744863,6.127262711593187,6.127262711593187,6.101813495300358,6.101813495300358,6.127262521800069,3.2554447280548877,3.2554447280548877,2.9763264228624027,5.5076233847675065,4.530729881943214,5.394845291107539,10.044179815397227,12.875529704060387
W kernel support pred3 [uv-pixels],6.414683358411498,8.81636670936435,6.414683406615884,6.414683406615884,10.523906579695991,22.471606478977908,9.026086258229668,10.456303122536108,9.033391979649354,4.474773074471192,5.9336968425840535,8.316983003869707,8.316983003869707,8.282406197946703,8.282406197946703,8.316982746004747,4.416673354915006,4.416673354915006,4.037770529586181,7.4751689986468435,5.99926407696051,7.144405181524172,13.641234637159238,17.492680471330754
W kernel support pred4 [uv-pixels],8.547587862937027,11.751625701236538,8.547587927228234,8.547587927228234,15.478360293125123,33.106474080954236,13.272025845403709,15.378758852875688,13.282785154752368,7.322363293813131,8.71989861153877,12.227820259834946,12.227820259834946,12.17690893048455,12.17690893048455,12.227819880149369,6.488446090544879,6.488446090544879,5.931292822158076,10.988471560254714,7.993561519360343,9.520915129484475,20.07307659048187,25.754614938128068
W kernel support pred5 [uv-pixels],11.35438803385117,15.6165134976365,11.35438803385117,11.35438803385117,19.964592725449812,42.75973312836822,17.115277569096378,19.835944755112546,17.12917009154261,9.436811531517817,11.239711865021624,15.767100851817561,15.767100851817561,15.701374798140897,15.701374798140897,15.767100361645007,8.361242152359699,8.361242152359699,7.6427384037336,14.167267554873215,10.61767909931516,12.648859377225866,25.901218420012594,33.24702029306558
W kernel support pred6 [uv-pixels],20.11178465076857,20.789244880205402,20.11178465076857,20.11178465076857,28.119730052563003,47.3375692619137,24.098545560073298,27.938125707532297,24.11814654563398,13.273621395800022,15.81366990444463,22.196654077922094,22.196654077922094,22.103946406801068,22.103946406801068,22.196653386521156,11.75881416031942,11.75881416031942,10.747120915749443,19.940414474021825,18.803327559523158,16.83330871057916,36.50455420755142,46.89089218050086
W kernel support pred7 [uv-pixels],45.09913102949984,31.114839040791534,45.09913102949984,45.09913102949984,35.58734172243838,76.52230959891384,30.490000074187428,35.357088712446775,30.514841276474513,16.780018244210087,19.995344157171754,28.079910100397132,28.079910100397132,27.962443709211918,27.962443709211918,28.0799092243444,14.863043585307691,14.863043585307691,13.582994680283596,25.221477183873127,42.14781065759961,25.18024795213656,46.22291056988963,59.408794203718294
W kernel support pred8 [uv-pixels],,,,,40.880381625712175,88.0063034176095,35.01863875058255,40.61556401778233,35.04720106139386,19.26169294258209,22.955801043469872,32.2477247646796,32.2477247646796,32.112682130996156,32.112682130996156,32.24772375754144,17.05968265305453,17.05968265305453,15.589484139170198,28.961864647213634,,,54.85736448709425,68.29422784119751
W kernel support pred9 [uv-pixels],,,,,47.63025382555672,102.68058174549488,40.791908257419344,47.32126615615762,40.825223506320306,22.42232297409945,26.72715513585155,37.56017346354275,37.56017346354275,37.97314637800734,37.97314637800734,37.560173022137654,19.856847388381862,19.856847388381862,18.14423086701847,33.72858014845958,,,74.55807688794057,79.63946718982402
W kernel support pred10 [uv-pixels],,,,,61.450783393054884,116.77822018886967,46.32506417879795,53.75006498701771,46.36294373529633,25.448431371266267,30.338940140881533,48.43877950368992,48.43877950368992,48.97263614827645,48.97263614827645,48.43877950368992,22.53451586316596,22.53451586316596,20.58955488087155,38.29539771968081,,,96.34428368811811,90.53042571425088
W kernel support pred11 [uv-pixels],,,,,76.49524519299813,130.41152072330158,56.47630874376378,59.95542788247208,52.226438749896786,28.36585190378466,33.82183302571564,60.26183770051392,60.26183770051392,60.927559713573345,60.927559713573345,60.26183770051392,25.115620690946493,25.115620690946493,22.946445590819714,42.70080939067856,,,120.09487987399693,101.05529328804526
AW kernel support pred0 [uv-pixels],10.37124541883619,10.689566923973345,10.37124542430556,10.37124542430556,11.006740211402281,13.998097783449621,10.750276629866663,10.99446147321711,10.75144649102456,10.235090953281306,10.331487113466448,10.640641360700299,10.640641360700299,10.635495695131194,10.635495695131194,10.64064132225507,10.185163494761865,10.185163494761865,10.155026962267018,10.520776545289936,10.325529187536418,10.458359616386852,11.639658652420398,12.57979269850072
AW kernel support pred1 [uv-pixels],10.640083158612809,11.177290552217032,10.640083167930644,10.640083167930644,11.78751880711031,16.642180805329797,11.342988622657343,11.766381011837089,11.345031320793533,10.428432670924884,10.601978992016114,11.15091147042158,11.15091147042158,11.141864649222995,11.141864649222995,11.150911402840157,10.338069108108634,10.338069108108634,10.283363724477875,10.939405425167656,10.56208836545309,10.788099687688245,12.859631945591307,14.400476975671369
AW kernel support pred2 [uv-pixels],11.11154835296229,12.012685942039786,11.111548368820774,11.111548368820774,12.6523597767762,19.32240825248736,12.00879149814398,12.621949812829795,12.011769205792602,10.653244813536432,10.914240225723592,11.727887633196367,11.727887633196367,11.714611727728306,11.714611727728306,11.727887534038505,10.516554586813134,10.516554586813134,10.433528596569278,11.416388016725687,10.978502323319569,11.362409767077809,14.173409898963378,16.302737965143812
AW kernel support pred3 [uv-pixels],11.880579219410198,13.331478610941398,11.8805792454372,11.8805792454372,14.517321023459134,24.596200880340078,13.471088788253251,14.468388818052905,13.475984960587976,10.955528014112891,11.627930091795871,13.006621632332417,13.006621632332417,12.98453897632819,12.98453897632819,13.006621467442676,10.93192588357679,10.93192588357679,10.78441425621228,12.48511720242669,11.66152517748467,12.289935939531558,16.913996642604403,20.149289567428333
AW kernel support pred4 [uv-pixels],13.155274922046607,15.430512195710262,13.155274963819565,13.155274963819565,18.42768670679509,34.58379137794025,16.61766138904822,18.34410597044463,16.626255786174767,12.394232699388127,13.267879702330578,15.796189043779831,15.796189043779831,15.756811577895904,15.756811577895904,15.79618874986546,11.920567632034437,11.920567632034437,11.626703511407861,14.857540416587351,12.802227375101507,13.807527834585247,22.426065276979628,27.627887914410852
AW kernel support pred5 [uv-pixels],15.130172755896167,18.543880225612522,15.130172755896167,15.130172755896167,22.3290161604376,43.91349197239124,19.82253077352167,22.21406546150157,19.834527169181467,13.749669518987998,15.044305328219973,18.67087221506767,18.67087221506767,18.61540143407319,18.61540143407319,18.670871801128786,13.03496721631461,13.03496721631461,12.586161063163955,17.341034282053744,14.585441695609838,16.124318390085044,27.764601845537054,34.71835765654122
AW kernel support pred6 [uv-pixels],22.460718640303792,23.06930217169879,22.460718640303792,22.460718640303792,29.844919470975537,48.382284605281676,26.090992662429084,29.673875177500445,26.109097893199536,16.618935734848975,18.710215280609088,24.345255230843964,24.345255230843964,24.260759401855786,24.260759401855786,24.345254600462923,15.43598751155651,15.43598751155651,14.679938963692564,22.307400776329345,21.29706851448629,19.579588405930814,37.84947130267555,47.945341478431004
AW kernel support pred7 [uv-pixels],46.19449772013973,32.682307270668105,46.19449772013973,46.19449772013973,36.9656447376426,77.17294776249007,32.08800561773744,36.74402974933248,32.11161064363531,19.533791548903743,22.356515559535268,29.80740430239414,29.80740430239414,29.696771847977775,29.696771847977775,29.80740347711323,17.9139628396052,17.9139628396052,16.867060932024064,27.131585123922132,43.3178709452446,27.093262759052802,47.29225583065386,60.24454189999084
AW kernel support pred8 [uv-pixels],,,,,42.085693553318876,88.57262241365751,36.418471411411566,41.828507509622845,36.445936704079465,21.702829654547738,25.039345070256378,33.76263841139389,33.76263841139389,33.63367885983334,33.63367885983334,33.76263744944554,19.7745485971976,19.7745485971976,18.521123500625958,30.639673690225926,,,55.76137048593685,69.02247138740685
AW kernel support pred9 [uv-pixels],,,,,48.668686847776776,103.16637954097864,41.99975927647344,48.36633364874692,42.03211717652358,24.551182610107155,28.536657506720648,38.86858153588089,38.86858153588089,39.267796549406384,39.267796549406384,38.868581109334535,22.23273236031702,22.23273236031702,20.717459152986542,35.179782813869984,,,75.22570590714359,80.26484120883225
AW kernel support pred10 [uv-pixels],,,,,62.259126074979164,117.20560016688678,47.39210452353587,54.67238321226382,47.42913188961246,27.34268932014642,31.944503265381865,49.46024019156287,49.46024019156287,49.98318808671045,49.98318808671045,49.46024019156287,24.653689484279592,24.653689484279592,22.88951223142209,39.57950841671147,,,96.86186555800266,91.08105170672711
AW kernel support pred11 [uv-pixels],,,,,77.14611161385194,130.79436049526035,57.354803193114776,60.78366007876056,53.17519068604005,30.076927273700075,35.26919887407976,61.085915586517004,61.085915586517004,61.742752875548454,61.742752875548454,61.085915586517004,27.033209256237033,27.033209256237033,25.030768371195673,43.85611841714976,,,120.51049818148522,101.548866569415
W kernel support bw0 [uv-pixels],2.750042097446995,3.7771472068354686,2.75004211807365,2.75004211807365,4.598731355634937,9.795240760441635,3.9456872175398487,4.569265048785781,3.94887346585888,2.1810746942598755,2.596078961765857,3.636378496120267,3.636378496120267,3.621293785534966,3.621293785534966,3.6363783836232053,1.9332758248707569,1.9332758248707569,1.7676460630935407,3.2690578330648776,2.572266122053952,3.0622354360289386,0.9744138748898626,7.6322463493556105
W kernel support bw1 [uv-pixels],3.634744780888462,4.993177754564734,3.634744808164804,3.634744808164804,6.240640962912327,13.302713330643769,5.353820214924471,6.20062271999518,5.358146663706236,2.958413083396829,3.521641456359664,4.933845013899359,4.933845013899359,4.913364210152253,4.913364210152253,4.933844861159565,2.6221504312357893,2.6221504312357893,2.3974089117018518,4.4351540059154155,3.399663312688403,4.047603596141697,1.321294273866964,10.362129951262013
W kernel support bw2 [uv-pixels],4.844224065856056,6.6561718383828055,4.844224102231812,4.844224102231812,7.751271374489753,16.533464872064528,6.6491407900491275,7.701533423779585,6.654517221649326,3.6730947519960475,4.372715369744863,6.12726271159319,6.12726271159319,6.101813495300358,6.101813495300358,6.127262521800071,3.255444728054888,3.255444728054888,2.9763264228624027,5.5076233847675065,4.530729881943214,5.394845291107539,1.640067320537476,12.875529704060389
W kernel support bw3 [uv-pixels],6.414683358411498,8.81636670936435,6.414683406615884,6.414683406615884,10.523906579695991,22.471606478977908,9.026086258229668,10.456303122536108,9.033391979649355,4.474773074471193,5.9336968425840535,8.316983003869709,8.316983003869709,8.282406197946703,8.282406197946703,8.31698274600475,4.416673354915007,4.416673354915007,4.037770529586181,7.4751689986468435,5.99926407696051,7.144405181524172,2.2243085240814904,17.492680471330758
W kernel support bw4 [uv-pixels],8.547587862937027,11.751625701236538,8.547587927228234,8.547587927228234,15.478360293125123,33.106474080954236,13.272025845403709,15.378758852875688,13.28278515475237,7.322363293813132,8.71989861153877,12.227820259834948,12.227820259834948,12.17690893048455,12.17690893048455,12.227819880149372,6.488446090544879,6.488446090544879,5.931292822158076,10.988471560254714,7.993561519360343,9.520915129484475,3.2658859057630143,25.75461493812807
W kernel support bw5 [uv-pixels],11.35438803385117,15.6165134976365,11.35438803385117,11.35438803385117,19.964592725449812,42.75973312836822,17.115277569096378,19.835944755112546,17.12917009154261,9.436811531517819,11.239711865021624,15.767100851817567,15.767100851817567,15.701374798140897,15.701374798140897,15.76710036164501,8.361242152359699,8.361242152359699,7.6427384037336,14.167267554873215,10.61767909931516,12.648859377225866,4.206659489639245,33.24702029306559
W kernel support bw6 [uv-pixels],20.11178465076857,20.789244880205402,20.11178465076857,20.11178465076857,28.119730052563003,47.3375692619137,24.098545560073298,27.938125707532297,24.118146545633987,13.273621395800026,15.81366990444463,22.1966540779221,22.1966540779221,22.103946406801068,22.103946406801068,22.196653386521163,11.758814160319421,11.758814160319421,10.747120915749443,19.940414474021825,18.803327559523158,16.83330871057916,5.911728606840357,46.89089218050087
W kernel support bw7 [uv-pixels],45.09913102949984,31.114839040791534,45.09913102949984,45.09913102949984,35.58734172243838,76.52230959891384,30.490000074187428,35.357088712446775,30.514841276474517,16.78001824421009,19.995344157171754,28.079910100397136,28.079910100397136,27.962443709211918,27.962443709211918,28.079909224344412,14.863043585307691,14.863043585307691,13.5829946802836,25.221477183873127,42.14781065759961,25.18024795213656,7.46790104928229,59.4087942037183
W kernel support bw8 [uv-pixels],,,,,40.880381625712175,88.0063034176095,35.01863875058255,40.61556401778233,35.047201061393864,19.261692942582094,22.955801043469872,32.24772476467961,32.24772476467961,32.112682130996156,32.112682130996156,32.24772375754145,17.05968265305453,17.05968265305453,15.5894841391702,28.961864647213634,,,8.845739262964855,68.29422784119753
W kernel support bw9 [uv-pixels],,,,,47.63025382555672,102.68058174549488,40.791908257419344,47.32126615615762,40.82522350632032,22.422322974099455,26.72715513585155,37.56017346354277,37.56017346354277,37.97314637800734,37.97314637800734,37.56017302213766,19.856847388381862,19.856847388381862,18.144230867018475,33.72858014845958,,,11.974354786031817,79.63946718982403
W kernel support bw10 [uv-pixels],,,,,61.450783393054884,116.77822018886967,46.32506417879795,53.75006498701771,46.362943735296334,25.44843137126627,30.338940140881533,48.438779503689936,48.438779503689936,48.97263614827645,48.97263614827645,48.438779503689936,22.534515863165964,22.534515863165964,20.58955488087155,38.29539771968081,,,15.412318066456516,90.5304257142509
W kernel support bw11 [uv-pixels],,,,,76.49524519299813,130.41152072330158,56.47630874376378,59.95542788247208,52.22643874989679,28.365851903784662,33.82183302571564,60.26183770051394,60.26183770051394,60.927559713573345,60.927559713573345,60.26183770051394,25.115620690946496,25.115620690946496,22.94644559081972,42.70080939067856,,,19.13712974647218,101.05529328804528
AW kernel support bw0 [uv-pixels],10.37124541883619,10.689566923973345,10.37124542430556,10.37124542430556,11.006740211402281,13.998097783449621,10.750276629866663,10.99446147321711,10.751446491024561,10.235090953281306,10.33148711346645,10.640641360700299,10.640641360700299,10.635495695131194,10.635495695131194,10.64064132225507,10.185163494761865,10.185163494761865,10.155026962267018,10.520776545289936,10.325529187536418,10.458359616386852,10.047361962205695,12.57979269850072
AW kernel support bw1 [uv-pixels],10.640083158612809,11.177290552217032,10.640083167930644,10.640083167930644,11.78751880711031,16.642180805329797,11.342988622657343,11.766381011837089,11.345031320793534,10.428432670924884,10.601978992016114,11.15091147042158,11.15091147042158,11.141864649222997,11.141864649222997,11.150911402840157,10.338069108108634,10.338069108108634,10.283363724477875,10.939405425167656,10.562088365453087,10.788099687688245,10.08691323240929,14.40047697567137
AW kernel support bw2 [uv-pixels],11.11154835296229,12.012685942039788,11.111548368820774,11.111548368820774,12.6523597767762,19.32240825248736,12.008791498143982,12.621949812829795,12.011769205792604,10.653244813536434,10.914240225723592,11.727887633196369,11.727887633196369,11.714611727728307,11.714611727728307,11.727887534038505,10.516554586813134,10.516554586813134,10.43352859656928,11.416388016725687,10.978502323319569,11.362409767077809,10.133598611347056,16.302737965143812
AW kernel support bw3 [uv-pixels],11.880579219410198,13.3314786109414,11.8805792454372,11.8805792454372,14.517321023459134,24.596200880340078,13.471088788253253,14.468388818052905,13.475984960587976,10.955528014112891,11.627930091795871,13.006621632332417,13.006621632332417,12.984538976328192,12.984538976328192,13.006621467442677,10.93192588357679,10.93192588357679,10.784414256212282,12.48511720242669,11.66152517748467,12.289935939531558,10.244391070742154,20.149289567428337
AW kernel support bw4 [uv-pixels],13.155274922046607,15.430512195710264,13.155274963819565,13.155274963819565,18.42768670679509,34.58379137794025,16.617661389048223,18.34410597044463,16.626255786174767,12.394232699388127,13.267879702330578,15.796189043779833,15.796189043779833,15.756811577895904,15.756811577895904,15.796188749865463,11.920567632034437,11.920567632034437,11.626703511407863,14.857540416587351,12.80222737510151,13.807527834585247,10.519791383362197,27.627887914410856
AW kernel support bw5 [uv-pixels],15.130172755896167,18.543880225612522,15.130172755896167,15.130172755896167,22.3290161604376,43.91349197239124,19.822530773521674,22.21406546150157,19.83452716918147,13.749669518987998,15.044305328219973,18.67087221506768,18.67087221506768,18.61540143407319,18.61540143407319,18.67087180112879,13.03496721631461,13.03496721631461,12.586161063163955,17.341034282053744,14.585441695609838,16.124318390085044,10.848777998547666,34.71835765654123
AW kernel support bw6 [uv-pixels],22.460718640303792,23.06930217169879,22.460718640303792,22.460718640303792,29.844919470975537,48.382284605281676,26.090992662429084,29.673875177500445,26.10909789319954,16.61893573484897,18.710215280609088,24.34525523084397,24.34525523084397,24.26075940185579,24.26075940185579,24.34525460046293,15.435987511556512,15.435987511556512,14.679938963692566,22.307400776329345,21.29706851448629,19.579588405930814,11.616735131737085,47.94534147843101
AW kernel support bw7 [uv-pixels],46.19449772013973,32.682307270668105,46.19449772013973,46.19449772013973,36.9656447376426,77.17294776249007,32.08800561773744,36.74402974933248,32.11161064363531,19.533791548903746,22.35651555953527,29.807404302394147,29.807404302394147,29.696771847977775,29.696771847977775,29.807403477113237,17.913962839605205,17.913962839605205,16.867060932024067,27.131585123922132,43.31787094524461,27.093262759052802,12.480767047015641,60.24454189999085
AW kernel support bw8 [uv-pixels],,,,,42.085693553318876,88.57262241365751,36.418471411411566,41.828507509622845,36.44593670407947,21.702829654547738,25.039345070256378,33.7626384113939,33.7626384113939,33.63367885983334,33.63367885983334,33.762637449445556,19.774548597197604,19.774548597197604,18.52112350062596,30.639673690225926,,,13.350921432933308,69.02247138740685
AW kernel support bw9 [uv-pixels],,,,,48.668686847776776,103.16637954097864,41.99975927647344,48.36633364874692,42.032117176523585,24.55118261010716,28.536657506720655,38.86858153588091,38.86858153588091,39.267796549406384,39.267796549406384,38.86858110933454,22.232732360317023,22.232732360317023,20.717459152986546,35.179782813869984,,,15.600806791373424,80.26484120883227
AW kernel support bw10 [uv-pixels],,,,,62.259126074979164,117.20560016688678,47.39210452353588,54.67238321226382,47.42913188961246,27.34268932014642,31.94450326538187,49.46024019156288,49.46024019156288,49.983188086710456,49.983188086710456,49.46024019156288,24.6536894842796,24.6536894842796,22.889512231422092,39.57950841671147,,,18.372249404512825,91.08105170672712
AW kernel support bw11 [uv-pixels],,,,,77.14611161385194,130.79436049526035,57.354803193114776,60.78366007876056,53.17519068604006,30.07692727370008,35.26919887407977,61.08591558651702,61.08591558651702,61.742752875548454,61.742752875548454,61.08591558651702,27.033209256237036,27.033209256237036,25.030768371195673,43.85611841714976,,,21.59235362190306,101.548866569415
-- I/O --,,,,,,,,,,,,,,,,,,,,,,,,
Visibility Buffer [PetaBytes],11.79660516904192,12.738016150411003,11.79660516904192,11.79660516904192,5.18522443962308,0.32406752516500914,6.39630715249548,1.1914559999999998,3.7550875781415987,0.027428195196651312,5.120573970193088,0.23584145480395563,0.23584145480395563,15.534329921756584,15.534329921756584,11.504461209949055,12.974414343922646,12.974414343922646,13.315159628954358,15.616652083199998,8.28232973512208,16.46046216192,15.616652083199998,15.616652083199998
Working (cache) memory [TeraBytes],19.69914134705986,9.492900428598322,19.699141351706178,19.699141351706178,83.51232902262552,5.768160019898978,48.519953120415956,12.762254531313086,35.582341297450704,0.0017963547140271356,9.874699724315276,90.73094088006523,90.73094088006523,125.71262218013442,125.71262218013442,90.73093915355061,10.257303355216898,10.257303355216898,8.03047046078475,60.541223944842066,11.290841170151845,6.506552157159795,908.1428105672887,798.127446575664
I/O Rate [TeraBytes/s],3.0037652050801182,0.7371537124080442,3.0037652050801182,3.0037652050801182,1.3203117786077285,0.018753907706308397,1.6286893212372748,0.06894999999999998,1.303849853521388,0.002164472474483216,1.303849853521388,2.9293766969777684,2.9293766969777684,3.9555006745213523,3.9555006745213523,2.9293766969777684,3.3036703190543775,3.3036703190543775,3.3904341647800442,0.9037414399999999,2.1089265529246033,0.9525730417777777,63.62339737599999,0.9037414399999999
-- Compute --,,,,,,,,,,,,,,,,,,,,,,,,
Total Compute Requirement [PetaFLOPS],3.7217821591315245,1.293119709527821,3.836309674150547,3.836309674150547,3.196558574431239,0.138584026161234,2.868246905745801,0.2016957541579684,2.3809165690855774,0.00886290962021202,1.1256093100093092,3.7358468969076246,3.7358468969076246,4.713046973139662,4.713046973139662,3.8098581096329243,1.547806240675163,1.547806240675163,1.382536979513873,0.8836475162739161,2.1169110551790142,0.9155561670778538,9.313604640958232,5.759573088388212
-> Gridding [PetaFLOPS],1.4948772786801283,0.2626672249210415,1.4949924308197435,1.4949924308197435,1.1470433340852895,0.018406022073993285,1.0668322005175572,0.050128895722160734,0.8528881426081055,0.0008489654306720669,0.4355023501979413,1.6818129338634176,1.6818129338634176,2.2727941231543083,2.2727941231543083,1.6818128617406072,0.7363086485276726,0.7363086485276726,0.6806462151887525,0.37317588458744744,0.982669173208306,0.3357177632534377,4.481132798002579,1.7365654207489856
-> FFT [PetaFLOPS],0.36445459614618153,0.4030270177613691,0.43387451489364437,0.43387451489364437,1.1469119333689959,0.0467556392902537,1.0247732320426368,0.07097157150176298,0.848651495711713,0.0004325838194470763,0.36439650550230396,1.2035611599003053,1.2035611599003053,1.453443018622224,1.453443018622224,1.2507596881938774,0.46139284045936446,0.46139284045936446,0.3946604956093644,0.30451408545980246,0.1859816161162063,0.24410553071040278,2.3393557901473425,2.2431226107679856
-> Phase Rotation [PetaFLOPS],0.0,0.0,0.0,0.0,0.0,0.0,0.0,0.0,0.0,0.0,0.0,0.0,0.0,0.0,0.0,0.0,0.0,0.0,0.0,0.0,0.0,0.0,0.0018526355640166347,0.0
-> Projection [PetaFLOPS],0.22496222272951344,0.2762955995710545,0.2699546645825549,0.2699546645825549,0.6460614105279613,0.03154296032809204,0.5754314988461073,0.04279001066480762,0.47813247568972106,0.0003335213473940976,0.20626933708809184,0.6703183659717133,0.6703183659717133,0.8059661456524724,0.8059661456524724,0.6971311292785638,0.25693988215117736,0.25693988215117736,0.21929087676581915,0.1812712829123614,0.1126450540858989,0.16730922800851739,1.42109384621445,1.330131604440431
-> Convolution [PetaFLOPS],1.637488061575701,0.3511298672743558,1.637488063854604,1.637488063854604,0.2565418964489925,0.041879404468894973,0.20120997433949947,0.0378052762692371,0.20124445507603753,0.0072478390226987785,0.1194411172209719,0.18015443717218932,0.18015443717218932,0.1808436857106571,0.1808436857106571,0.18015443041987614,0.0931648695369485,0.0931648695369485,0.08793939194993727,0.024686263314304995,0.8356152117686031,0.16842364510549587,1.070169571029843,0.4497534524308093
