,01c [otf],01s [otf],02A [otf],02B [otf],13c [otf],13s [Bmax=40000] [otf],14c [otf],14s [otf],15c [otf],15s [Bmax=13000] [otf],22 [otf],27 [otf],33 [otf],37a [otf],37b [otf],37c [otf],38a [otf],38b [otf],max_Band5_MID_continuum [otf],max_Band5_MID_spectral [otf],max_LOW_continuum [otf],max_LOW_spectral [otf],max_MID_continuum [otf],max_MID_spectral [otf]
-- Parameters --,,,,,,,,,,,,,,,,,,,,,,,,
Telescope,SKA1_Low_rebaselined,SKA1_Low_rebaselined,SKA1_Low_rebaselined,SKA1_Low_rebaselined,SKA1_Mid_rebaselined,SKA1_Mid_rebaselined,SKA1_Mid_rebaselined,SKA1_Mid_rebaselined,SKA1_Mid_rebaselined,SKA1_Mid_rebaselined,SKA1_Mid_rebaselined,SKA1_Mid_rebaselined,SKA1_Mid_rebaselined,SKA1_Mid_rebaselined,SKA1_Mid_rebaselined,SKA1_Mid_rebaselined,SKA1_Mid_rebaselined,SKA1_Mid_rebaselined,SKA1_Mid_rebaselined,SKA1_Mid_rebaselined,SKA1_Low_rebaselined,SKA1_Low_rebaselined,SKA1_Mid_rebaselined,SKA1_Mid_rebaselined
Band,HPSO 01c,HPSO 01s,HPSO 02A,HPSO 02B,HPSO 13c,HPSO 13s,HPSO 14c,HPSO 14s,HPSO 15c,HPSO 15s,HPSO 22,HPSO 27,HPSO 33,HPSO 37a,HPSO 37b,HPSO 37c,HPSO 38a,HPSO 38b,HPSO max_Band5_MID_continuum,HPSO max_Band5_MID_spectral,HPSO max_LOW_continuum,HPSO max_LOW_spectral,HPSO max_MID_continuum,HPSO max_MID_spectral
Mode,Continuum,Spectral,Continuum,Continuum,Continuum,Spectral,Continuum,Spectral,Continuum,Spectral,Continuum,Continuum,Continuum,Continuum,Continuum,Continuum,Continuum,Continuum,Continuum,Spectral,Continuum,Spectral,Continuum,Spectral
BL-dependent averaging,False,False,False,False,False,False,False,False,False,False,False,False,False,False,False,False,False,False,False,False,False,False,False,False
On-the-fly kernels,True,True,True,True,True,True,True,True,True,True,True,True,True,True,True,True,True,True,True,True,True,True,True,True
Max # of channels,65536,65536,65536,65536,41000,65536,65536,5000,65536,2500,65536,65536,65536,65536,65536,65536,65536,65536,65536,65536,65536,65536,65536,65536
Max Baseline [m],80000,80000,80000,80000,150000,40000,150000,150000,150000,13000,150000,150000,150000,150000,150000,150000,150000,150000,150000,150000,80000,80000,150000,150000
Observation Time [s],21600,21600,21600,21600,21600,21600,21600,21600,15840.000000000002,15840.000000000002,21600,442.8,442.8,21600,21600,21600,21600,21600,21600,21600,21600,21600,21600,21600
Snapshot Time [s],42.35761202378063,94.49501405470457,40.98158038998766,40.98158038998766,147.45155278024416,528.0549081985254,194.24607017728016,289.5763094016802,201.05713377359285,299.66373064486413,681.8022083091478,181.57091320779963,181.57091320779963,188.73295896591833,188.73295896591833,180.5468554272028,608.026437220042,608.026437220042,688.0706006844732,1054.7481140339808,43.31226455565429,65.99401505840451,109.02720041622864,166.41964657215323
Facets,2.0,1.0,1.0,1.0,3.0,1.0,3.0,1.0,3.0,1.0,1.0,4.0,4.0,4.0,4.0,3.0,2.0,2.0,2.0,1.0,2.0,1.0,5.0,1.0
Stations/antennas,512,512,512,512,197,197,197,197,197,197,197,197,197,197,197,197,197,197,197,197,512,512,197,197
Max Baseline [per bin]0 [m],4900,4900,4900,4900,5000.0,5000.0,5000.0,5000.0,5000.0,5000.0,5000.0,5000.0,5000.0,5000.0,5000.0,5000.0,5000.0,5000.0,5000.0,5000.0,4900,4900,5000.0,5000.0
Max Baseline [per bin]1 [m],7100,7100,7100,7100,7500.0,7500.0,7500.0,7500.0,7500.0,7500.0,7500.0,7500.0,7500.0,7500.0,7500.0,7500.0,7500.0,7500.0,7500.0,7500.0,7100,7100,7500.0,7500.0
Max Baseline [per bin]2 [m],10400,10400,10400,10400,10000.0,10000.0,10000.0,10000.0,10000.0,10000.0,10000.0,10000.0,10000.0,10000.0,10000.0,10000.0,10000.0,10000.0,10000.0,10000.0,10400,10400,10000.0,10000.0
Max Baseline [per bin]3 [m],15100,15100,15100,15100,15000.0,15000.0,15000.0,15000.0,15000.0,13000.0,15000.0,15000.0,15000.0,15000.0,15000.0,15000.0,15000.0,15000.0,15000.0,15000.0,15100,15100,15000.0,15000.0
Max Baseline [per bin]4 [m],22100,22100,22100,22100,25000.0,25000.0,25000.0,25000.0,25000.0,,25000.0,25000.0,25000.0,25000.0,25000.0,25000.0,25000.0,25000.0,25000.0,25000.0,22100,22100,25000.0,25000.0
Max Baseline [per bin]5 [m],32200,32200,32200,32200,35000.0,35000.0,35000.0,35000.0,35000.0,,35000.0,35000.0,35000.0,35000.0,35000.0,35000.0,35000.0,35000.0,35000.0,35000.0,32200,32200,35000.0,35000.0
Max Baseline [per bin]6 [m],47000,47000,47000,47000,55000.0,40000.0,55000.0,55000.0,55000.0,,55000.0,55000.0,55000.0,55000.0,55000.0,55000.0,55000.0,55000.0,55000.0,55000.0,47000,47000,55000.0,55000.0
Max Baseline [per bin]7 [m],80000,80000,80000,80000,75000.0,,75000.0,75000.0,75000.0,,75000.0,75000.0,75000.0,75000.0,75000.0,75000.0,75000.0,75000.0,75000.0,75000.0,80000,80000,75000.0,75000.0
Max Baseline [per bin]8 [m],,,,,90000.0,,90000.0,90000.0,90000.0,,90000.0,90000.0,90000.0,90000.0,90000.0,90000.0,90000.0,90000.0,90000.0,90000.0,,,90000.0,90000.0
Max Baseline [per bin]9 [m],,,,,110000.0,,110000.0,110000.0,110000.0,,110000.0,110000.0,110000.0,110000.0,110000.0,110000.0,110000.0,110000.0,110000.0,110000.0,,,110000.0,110000.0
Max Baseline [per bin]10 [m],,,,,130000.0,,130000.0,130000.0,130000.0,,130000.0,130000.0,130000.0,130000.0,130000.0,130000.0,130000.0,130000.0,130000.0,130000.0,,,130000.0,130000.0
Max Baseline [per bin]11 [m],,,,,150000.0,,150000.0,150000.0,150000.0,,150000.0,150000.0,150000.0,150000.0,150000.0,150000.0,150000.0,150000.0,150000.0,150000.0,,,150000.0,150000.0
Baseline fraction [per bin]0,0.524239919747576,0.524239919747576,0.524239919747576,0.524239919747576,0.6148904201149844,0.6148904201149844,0.6148904201149844,0.6148904201149844,0.6148904201149844,0.6148904201149844,0.6148904201149844,0.6148904201149844,0.6148904201149844,0.6148904201149844,0.6148904201149844,0.6148904201149844,0.6148904201149844,0.6148904201149844,0.6148904201149844,0.6148904201149844,0.524239919747576,0.524239919747576,0.6148904201149844,0.6148904201149844
Baseline fraction [per bin]1,0.079116159492088389,0.079116159492088389,0.079116159492088389,0.079116159492088389,0.050619138909465761,0.050619138909465761,0.050619138909465761,0.050619138909465761,0.050619138909465761,0.050619138909465761,0.050619138909465761,0.050619138909465761,0.050619138909465761,0.050619138909465761,0.050619138909465761,0.050619138909465761,0.050619138909465761,0.050619138909465761,0.050619138909465761,0.050619138909465761,0.079116159492088389,0.079116159492088389,0.050619138909465761,0.050619138909465761
Baseline fraction [per bin]2,0.059153457094084663,0.059153457094084663,0.059153457094084663,0.059153457094084663,0.028392311305309354,0.028392311305309354,0.028392311305309354,0.028392311305309354,0.028392311305309354,0.028392311305309354,0.028392311305309354,0.028392311305309354,0.028392311305309354,0.028392311305309354,0.028392311305309354,0.028392311305309354,0.028392311305309354,0.028392311305309354,0.028392311305309354,0.028392311305309354,0.059153457094084663,0.059153457094084663,0.028392311305309354,0.028392311305309354
Baseline fraction [per bin]3,0.091502783190849729,0.091502783190849729,0.091502783190849729,0.091502783190849729,0.050878192809514208,0.050878192809514208,0.050878192809514208,0.050878192809514208,0.050878192809514208,0.030526915685708523,0.050878192809514208,0.050878192809514208,0.050878192809514208,0.050878192809514208,0.050878192809514208,0.050878192809514208,0.050878192809514208,0.050878192809514208,0.050878192809514208,0.050878192809514208,0.091502783190849729,0.091502783190849729,0.050878192809514208,0.050878192809514208
Baseline fraction [per bin]4,0.073959481192604051,0.073959481192604051,0.073959481192604051,0.073959481192604051,0.071395264513350903,0.071395264513350903,0.071395264513350903,0.071395264513350903,0.071395264513350903,,0.071395264513350903,0.071395264513350903,0.071395264513350903,0.071395264513350903,0.071395264513350903,0.071395264513350903,0.071395264513350903,0.071395264513350903,0.071395264513350903,0.071395264513350903,0.073959481192604051,0.073959481192604051,0.071395264513350903,0.071395264513350903
Baseline fraction [per bin]5,0.10568718038943128,0.10568718038943128,0.10568718038943128,0.10568718038943128,0.03756282060702424,0.03756282060702424,0.03756282060702424,0.03756282060702424,0.03756282060702424,,0.03756282060702424,0.03756282060702424,0.03756282060702424,0.03756282060702424,0.03756282060702424,0.03756282060702424,0.03756282060702424,0.03756282060702424,0.03756282060702424,0.03756282060702424,0.10568718038943128,0.10568718038943128,0.03756282060702424,0.03756282060702424
Baseline fraction [per bin]6,0.060915910793908408,0.060915910793908408,0.060915910793908408,0.060915910793908408,0.057354541210725286,0.014338635302681322,0.057354541210725286,0.057354541210725286,0.057354541210725286,,0.057354541210725286,0.057354541210725286,0.057354541210725286,0.057354541210725286,0.057354541210725286,0.057354541210725286,0.057354541210725286,0.057354541210725286,0.057354541210725286,0.057354541210725286,0.060915910793908408,0.060915910793908408,0.057354541210725286,0.057354541210725286
Baseline fraction [per bin]7,0.0054251080994574897,0.0054251080994574897,0.0054251080994574897,0.0054251080994574897,0.054815812710250551,,0.054815812710250551,0.054815812710250551,0.054815812710250551,,0.054815812710250551,0.054815812710250551,0.054815812710250551,0.054815812710250551,0.054815812710250551,0.054815812710250551,0.054815812710250551,0.054815812710250551,0.054815812710250551,0.054815812710250551,0.0054251080994574897,0.0054251080994574897,0.054815812710250551,0.054815812710250551
Baseline fraction [per bin]8,,,,,0.017356613603245682,,0.017356613603245682,0.017356613603245682,0.017356613603245682,,0.017356613603245682,0.017356613603245682,0.017356613603245682,0.017356613603245682,0.017356613603245682,0.017356613603245682,0.017356613603245682,0.017356613603245682,0.017356613603245682,0.017356613603245682,,,0.017356613603245682,0.017356613603245682
Baseline fraction [per bin]9,,,,,0.015180560602838761,,0.015180560602838761,0.015180560602838761,0.015180560602838761,,0.015180560602838761,0.015180560602838761,0.015180560602838761,0.015180560602838761,0.015180560602838761,0.015180560602838761,0.015180560602838761,0.015180560602838761,0.015180560602838761,0.015180560602838761,,,0.015180560602838761,0.015180560602838761
Baseline fraction [per bin]10,,,,,0.0010880265302034607,,0.0010880265302034607,0.0010880265302034607,0.0010880265302034607,,0.0010880265302034607,0.0010880265302034607,0.0010880265302034607,0.0010880265302034607,0.0010880265302034607,0.0010880265302034607,0.0010880265302034607,0.0010880265302034607,0.0010880265302034607,0.0010880265302034607,,,0.0010880265302034607,0.0010880265302034607
Baseline fraction [per bin]11,,,,,0.00046629708308719751,,0.00046629708308719751,0.00046629708308719751,0.00046629708308719751,,0.00046629708308719751,0.00046629708308719751,0.00046629708308719751,0.00046629708308719751,0.00046629708308719751,0.00046629708308719751,0.00046629708308719751,0.00046629708308719751,0.00046629708308719751,0.00046629708308719751,,,0.00046629708308719751,0.00046629708308719751
-- Image --,,,,,,,,,,,,,,,,,,,,,,,,
Facet FoV size [deg],18.556409827148087,17.181860951063044,30.927349711913482,30.927349711913482,2.8394731950555787,3.943712770910526,1.8729976397772585,2.3880487372046404,1.7253597803694514,2.192475334391248,0.5607419286200717,1.5449833103169914,1.5449833103169914,1.5190752959839942,1.5190752959839942,2.059977747089322,0.43846775907953106,0.43846775907953106,0.36056280270827207,0.3338544469521037,16.972039587969984,15.714851470342577,2.92855283731287,6.779057493779791
PSF size [arcs],12.616855293763889,12.616855293763889,12.616855293763889,12.616855293763889,0.6536814113146615,2.4513052924299807,0.414812746432146,0.44199349217371975,0.398036867634397,5.007045878775813,0.05174479279247161,0.4656308809464686,0.4656308809464686,0.43004950575276385,0.43004950575276385,0.4656308809464686,0.06455411908949733,0.06455411908949733,0.052802819899117066,0.052802819899117066,11.531210745827075,11.531210745827075,1.026706652111203,1.026706652111203
Pixel size [arcs],2.523371058752778,2.523371058752778,2.523371058752778,2.523371058752778,0.1307362822629323,0.4902610584859961,0.0829625492864292,0.08839869843474395,0.07960737352687941,1.0014091757551624,0.01034895855849432,0.09312617618929371,0.09312617618929371,0.08600990115055276,0.08600990115055276,0.09312617618929371,0.012910823817899467,0.012910823817899467,0.010560563979823412,0.010560563979823412,2.3062421491654153,2.3062421491654153,0.20534133042224062,0.20534133042224062
Facet side length [pixels],26473.7423955206,24512.724440296854,44122.90399253433,44122.90399253433,78188.72714799814,28958.787832591905,81275.12427226122,97252.28545398785,78024.11930137077,7881.804356202797,195060.29825342697,59724.77497449959,59724.77497449959,63581.87827666434,63581.87827666434,79633.03329933278,122260.51218342193,122260.51218342193,122912.57287297683,113807.93784534889,26493.030031041028,24530.583362075024,51342.757898019525,118848.97661578593
Image side length [pixels],52947.4847910412,24512.724440296854,44122.90399253433,44122.90399253433,234566.1814439944,28958.787832591905,243825.37281678367,97252.28545398785,234072.35790411232,7881.804356202797,195060.29825342697,238899.09989799836,238899.09989799836,254327.5131066574,254327.5131066574,238899.09989799836,244521.02436684386,244521.02436684386,245825.14574595363,113807.93784534889,52986.060062082055,24530.583362075024,256713.7894900976,118848.97661578593
Epsilon (approx),0.6666666666666672,0.342997170285018,0.6666666666666672,0.6666666666666672,0.4441757193189375,0.24373333911071637,0.4441757193189375,0.24373333911071637,0.4441757193189375,0.24373333911071637,0.4441757193189375,0.4441757193189375,0.4441757193189375,0.4441757193189375,0.4441757193189375,0.4441757193189375,0.4441757193189375,0.4441757193189375,0.4441757193189375,0.24373333911071637,0.6666666666666672,0.342997170285018,0.4441757193189375,0.24373333911071637
Qbw,2.2049999999999983,4.285749642711291,2.2049999999999983,2.2049999999999983,3.309501028678418,6.031181476294671,3.309501028678418,6.031181476294671,3.309501028678418,6.031181476294671,3.309501028678418,3.309501028678418,3.309501028678418,3.309501028678418,3.309501028678418,3.309501028678418,3.309501028678418,3.309501028678418,3.309501028678418,6.031181476294671,2.2049999999999983,4.285749642711291,3.309501028678418,6.031181476294671
Max subband ratio,1.35,1.35,1.35,1.35,1.35,1.35,1.35,1.35,1.35,1.35,1.35,1.35,1.35,1.35,1.35,1.35,1.35,1.35,1.35,1.35,1.35,1.35,1.35,1.35
Number subbands,5.0,5.0,5.0,5.0,1.0,1.0,1.0,1.0,1.0,1.0,1.0,2.0,2.0,2.0,2.0,2.0,2.0,2.0,2.0,2.0,7.0,7.0,4.0,4.0
Station/antenna diameter,35,35,35,35,13.5,13.5,13.5,13.5,13.5,13.5,13.5,13.5,13.5,13.5,13.5,13.5,13.5,13.5,13.5,13.5,35,35,13.5,13.5
-- Channelization --,,,,,,,,,,,,,,,,,,,,,,,,
Ionospheric timescale [s],10.0,10.0,10.0,10.0,10.0,10.0,10.0,10.0,10.0,10.0,10.0,10.0,10.0,10.0,10.0,10.0,10.0,10.0,10.0,10.0,10.0,10.0,10.0,10.0
Coalesce time pred0 [s],0.9,0.9,0.9,0.9,0.14,0.5250000000000001,0.14,0.14,0.14,1.6153846153846156,0.14,0.14,0.14,0.14,0.14,0.14,0.14,0.14,0.14,0.14,0.9,0.9,0.14,0.14
Coalesce time pred1 [s],0.9,0.9,0.9,0.9,0.14,0.5250000000000001,0.14,0.14,0.14,1.6153846153846156,0.14,0.14,0.14,0.14,0.14,0.14,0.14,0.14,0.14,0.14,0.9,0.9,0.14,0.14
Coalesce time pred2 [s],0.9,0.9,0.9,0.9,0.14,0.5250000000000001,0.14,0.14,0.14,1.6153846153846156,0.14,0.14,0.14,0.14,0.14,0.14,0.14,0.14,0.14,0.14,0.9,0.9,0.14,0.14
Coalesce time pred3 [s],0.9,0.9,0.9,0.9,0.14,0.5250000000000001,0.14,0.14,0.14,1.6153846153846156,0.14,0.14,0.14,0.14,0.14,0.14,0.14,0.14,0.14,0.14,0.9,0.9,0.14,0.14
Coalesce time pred4 [s],0.9,0.9,0.9,0.9,0.14,0.5250000000000001,0.14,0.14,0.14,1.6153846153846156,0.14,0.14,0.14,0.14,0.14,0.14,0.14,0.14,0.14,0.14,0.9,0.9,0.14,0.14
Coalesce time pred5 [s],0.9,0.9,0.9,0.9,0.14,0.5250000000000001,0.14,0.14,0.14,1.6153846153846156,0.14,0.14,0.14,0.14,0.14,0.14,0.14,0.14,0.14,0.14,0.9,0.9,0.14,0.14
Coalesce time pred6 [s],0.9,0.9,0.9,0.9,0.14,0.5250000000000001,0.14,0.14,0.14,1.6153846153846156,0.14,0.14,0.14,0.14,0.14,0.14,0.14,0.14,0.14,0.14,0.9,0.9,0.14,0.14
Coalesce time pred7 [s],0.9,0.9,0.9,0.9,0.14,0.5250000000000001,0.14,0.14,0.14,1.6153846153846156,0.14,0.14,0.14,0.14,0.14,0.14,0.14,0.14,0.14,0.14,0.9,0.9,0.14,0.14
Coalesce time pred8 [s],,,,,0.14,0.5250000000000001,0.14,0.14,0.14,1.6153846153846156,0.14,0.14,0.14,0.14,0.14,0.14,0.14,0.14,0.14,0.14,,,0.14,0.14
Coalesce time pred9 [s],,,,,0.14,0.5250000000000001,0.14,0.14,0.14,1.6153846153846156,0.14,0.14,0.14,0.14,0.14,0.14,0.14,0.14,0.14,0.14,,,0.14,0.14
Coalesce time pred10 [s],,,,,0.14,0.5250000000000001,0.14,0.14,0.14,1.6153846153846156,0.14,0.14,0.14,0.14,0.14,0.14,0.14,0.14,0.14,0.14,,,0.14,0.14
Coalesce time pred11 [s],,,,,0.14,0.5250000000000001,0.14,0.14,0.14,1.6153846153846156,0.14,0.14,0.14,0.14,0.14,0.14,0.14,0.14,0.14,0.14,,,0.14,0.14
Coalesce time bw0 [s],0.9,0.9,0.9,0.9,0.14,0.5250000000000001,0.14,0.14,0.14,1.6153846153846156,0.14,0.14,0.14,0.14,0.14,0.14,0.14,0.14,0.14,0.14,0.9,0.9,0.14,0.14
Coalesce time bw1 [s],0.9,0.9,0.9,0.9,0.14,0.5250000000000001,0.14,0.14,0.14,1.6153846153846156,0.14,0.14,0.14,0.14,0.14,0.14,0.14,0.14,0.14,0.14,0.9,0.9,0.14,0.14
Coalesce time bw2 [s],0.9,0.9,0.9,0.9,0.14,0.5250000000000001,0.14,0.14,0.14,1.6153846153846156,0.14,0.14,0.14,0.14,0.14,0.14,0.14,0.14,0.14,0.14,0.9,0.9,0.14,0.14
Coalesce time bw3 [s],0.9,0.9,0.9,0.9,0.14,0.5250000000000001,0.14,0.14,0.14,1.6153846153846156,0.14,0.14,0.14,0.14,0.14,0.14,0.14,0.14,0.14,0.14,0.9,0.9,0.14,0.14
Coalesce time bw4 [s],0.9,0.9,0.9,0.9,0.14,0.5250000000000001,0.14,0.14,0.14,1.6153846153846156,0.14,0.14,0.14,0.14,0.14,0.14,0.14,0.14,0.14,0.14,0.9,0.9,0.14,0.14
Coalesce time bw5 [s],0.9,0.9,0.9,0.9,0.14,0.5250000000000001,0.14,0.14,0.14,1.6153846153846156,0.14,0.14,0.14,0.14,0.14,0.14,0.14,0.14,0.14,0.14,0.9,0.9,0.14,0.14
Coalesce time bw6 [s],0.9,0.9,0.9,0.9,0.14,0.5250000000000001,0.14,0.14,0.14,1.6153846153846156,0.14,0.14,0.14,0.14,0.14,0.14,0.14,0.14,0.14,0.14,0.9,0.9,0.14,0.14
Coalesce time bw7 [s],0.9,0.9,0.9,0.9,0.14,0.5250000000000001,0.14,0.14,0.14,1.6153846153846156,0.14,0.14,0.14,0.14,0.14,0.14,0.14,0.14,0.14,0.14,0.9,0.9,0.14,0.14
Coalesce time bw8 [s],,,,,0.14,0.5250000000000001,0.14,0.14,0.14,1.6153846153846156,0.14,0.14,0.14,0.14,0.14,0.14,0.14,0.14,0.14,0.14,,,0.14,0.14
Coalesce time bw9 [s],,,,,0.14,0.5250000000000001,0.14,0.14,0.14,1.6153846153846156,0.14,0.14,0.14,0.14,0.14,0.14,0.14,0.14,0.14,0.14,,,0.14,0.14
Coalesce time bw10 [s],,,,,0.14,0.5250000000000001,0.14,0.14,0.14,1.6153846153846156,0.14,0.14,0.14,0.14,0.14,0.14,0.14,0.14,0.14,0.14,,,0.14,0.14
Coalesce time bw11 [s],,,,,0.14,0.5250000000000001,0.14,0.14,0.14,1.6153846153846156,0.14,0.14,0.14,0.14,0.14,0.14,0.14,0.14,0.14,0.14,,,0.14,0.14
Combined Samples0,14.0,13.0,14.0,14.0,24.0,6.0,23.0,25.0,24.0,2.0,24.0,24.0,24.0,23.0,23.0,24.0,23.0,23.0,23.0,23.0,14.0,13.0,23.0,23.0
Combined Samples1,9.0,9.0,9.0,9.0,16.0,4.0,15.0,16.0,16.0,1.0,16.0,16.0,16.0,15.0,15.0,16.0,15.0,15.0,15.0,15.0,9.0,9.0,15.0,15.0
Combined Samples2,6.0,6.0,6.0,6.0,12.0,3.0,11.0,12.0,12.0,1.0,12.0,12.0,12.0,11.0,11.0,12.0,11.0,11.0,11.0,11.0,6.0,6.0,11.0,11.0
Combined Samples3,4.0,4.0,4.0,4.0,8.0,2.0,7.0,8.0,8.0,1.0,8.0,8.0,8.0,7.0,7.0,8.0,7.0,7.0,7.0,7.0,4.0,4.0,7.0,7.0
Combined Samples4,3.0,2.0,3.0,3.0,4.0,1.0,4.0,5.0,4.0,1.0,4.0,4.0,4.0,4.0,4.0,4.0,4.0,4.0,4.0,4.0,3.0,2.0,4.0,4.0
Combined Samples5,2.0,2.0,2.0,2.0,3.0,1.0,3.0,3.0,3.0,1.0,3.0,3.0,3.0,3.0,3.0,3.0,3.0,3.0,3.0,3.0,2.0,2.0,3.0,3.0
Combined Samples6,1.0,1.0,1.0,1.0,2.0,1.0,2.0,2.0,2.0,1.0,2.0,2.0,2.0,2.0,2.0,2.0,2.0,2.0,2.0,2.0,1.0,1.0,2.0,2.0
Combined Samples7,1.0,1.0,1.0,1.0,1.0,1.0,1.0,1.0,1.0,1.0,1.0,1.0,1.0,1.0,1.0,1.0,1.0,1.0,1.0,1.0,1.0,1.0,1.0,1.0
Combined Samples8,,,,,1.0,1.0,1.0,1.0,1.0,1.0,1.0,1.0,1.0,1.0,1.0,1.0,1.0,1.0,1.0,1.0,,,1.0,1.0
Combined Samples9,,,,,1.0,1.0,1.0,1.0,1.0,1.0,1.0,1.0,1.0,1.0,1.0,1.0,1.0,1.0,1.0,1.0,,,1.0,1.0
Combined Samples10,,,,,1.0,1.0,1.0,1.0,1.0,1.0,1.0,1.0,1.0,1.0,1.0,1.0,1.0,1.0,1.0,1.0,,,1.0,1.0
Combined Samples11,,,,,1.0,1.0,1.0,1.0,1.0,1.0,1.0,1.0,1.0,1.0,1.0,1.0,1.0,1.0,1.0,1.0,,,1.0,1.0
Channels predict (no-smear),23483.615124332395,25357.69099984863,23483.615124332395,23483.615124332395,21760.03326863552,5874.90211016006,26842.397673499825,8377.351095988965,21488.724594920375,66.72140768035355,21488.724594920375,48279.00153236485,48279.00153236485,65190.5312565323,65190.5312565323,48279.00153236485,54447.72758676212,54447.72758676212,55877.680875140846,56572.54569243951,32975.4265816828,35606.9827446091,135602.13352237805,137288.40894903094
Channels backward (no-smear)0,863.6903446640755,1553.8091629762937,1439.0220074055394,1439.0220074055394,290.2247521464745,734.4434476774929,358.008708207243,279.28085374879674,286.6062635725801,25.664246596024633,716.3789380602059,482.99069219279056,482.99069219279056,652.167937578682,652.167937578682,643.9200286165463,1089.1760088165274,1089.1760088165274,1117.780287073192,1885.9751150023908,1212.7838660193845,2181.8409106014506,1085.3618872090558,4576.81127226378
Channels backward (no-smear)1,1251.1586148232877,2251.1266360271425,2084.8023964370545,2084.8023964370545,435.2910290982149,1101.6190674725092,536.9572860809892,418.90275499589205,429.86382302328974,38.494609457539404,1074.522829922399,724.3846956472404,724.3846956472404,978.1192792840136,978.1192792840136,965.7786943764594,1633.6510299688712,1633.6510299688712,1676.554788025041,2828.8470245059593,1756.8624315920244,3161.0062248568347,1627.768254954736,6864.942273636082
Channels backward (no-smear)2,1832.3609745268375,3297.102820280685,3053.4729526440356,3053.4729526440356,580.3573044226926,1468.7946866230889,715.9058620235973,558.5246559695574,573.1213808637368,51.32497229224026,1432.6667211420954,965.7786943764594,965.7786943764594,1304.070614995905,1304.070614995905,1287.6373565920976,2178.126048514747,2178.126048514747,2235.3292863182373,3771.7189324319356,2572.980216056625,4629.754160708587,2170.174607264631,9153.073271346264
Channels backward (no-smear)3,2660.134001657883,4786.8264596173585,4433.094635524015,4433.094635524015,870.4898534441417,2203.1459242849523,1073.8030119774014,837.7684576434344,859.6364949340269,66.72140768035355,2148.954502933313,1448.5666871083445,1448.5666871083445,1955.9732804231985,1955.9732804231985,1931.3546774765398,3267.07608300433,3267.07608300433,3352.8782802456103,5657.462746707873,3735.3297448941657,6721.607257574179,3254.987296445331,13729.335263104213
Channels backward (no-smear)4,3892.987424881861,7005.563782880562,6487.850320557811,6487.850320557811,1450.7549495332357,3671.8483988277135,1789.5973095663412,1396.2560606678828,1432.6667211420954,128.3071491877274,3581.5300657480143,2414.1426668997783,2414.1426668997783,3259.7786040836563,3259.7786040836563,3218.789314993408,5444.976148857445,5444.976148857445,5587.976264909225,9428.950373368421,5466.4885875443915,9837.133129807215,5424.612656270212,22881.859242246133
Channels backward (no-smear)5,5671.818778067089,10206.884769757768,9452.569228770244,9452.569228770244,2031.020044876308,5140.550873089399,2505.391606269829,1954.7436635588253,2005.6969466105954,179.6286004280895,5014.1056282530935,3379.7186445257976,3379.7186445257976,4563.583925007532,4563.583925007532,4506.223950889295,7622.876213523674,7622.876213523674,7823.074248348689,13200.437999296486,7964.303468585826,14332.391876912034,7594.238009030848,32034.383219760202
Channels backward (no-smear)6,8278.423127176913,14897.929378619174,13796.909801136626,13796.909801136626,3191.550234958787,5874.902110160061,3936.9801989593916,3071.718869253034,3151.7573969500827,282.2715028998748,7879.256753068427,5310.870598018509,5310.870598018509,7171.194564597031,7171.194564597031,7081.093221344769,11978.676341888648,11978.676341888648,12293.27021425803,20743.413250674002,11624.467834674877,20919.503696560292,11933.488708788935,50339.43117338024
Channels backward (no-smear)7,14090.446326176349,25357.69099984863,23483.615124332395,23483.615124332395,4352.080424763118,11015.360769551247,5368.56879132114,4188.694074905575,4297.817847033029,384.9144053664507,10744.407877796613,7242.02255073392,7242.02255073392,9778.805203194423,9778.805203194423,9655.962491205197,16334.476469786141,16334.476469786141,16763.46617971685,28286.38850162736,19785.645120817804,35606.98274460911,16272.739405947037,68644.47912648872
Channels backward (no-smear)8,,,,,5222.478067072525,13218.414480651934,6442.260235513635,5026.425479104304,5157.363184520282,461.89658221317296,12893.271221261048,8690.38651503596,8690.38651503596,11734.513181907203,11734.513181907203,11587.114443504672,19601.326565676056,19601.326565676056,20116.113153633392,33943.619939647484,,,19527.17742822523,82373.26509018058
Channels backward (no-smear)9,,,,,6383.008256730193,16155.819428625153,7873.848827754904,6143.40068474348,6303.42363444012,564.5394846753744,15758.422345734596,10621.538467352408,10621.538467352408,14342.123819976441,14342.123819976441,14161.983713092513,23957.126693206257,23957.126693206257,24586.309118931273,41486.595190876724,,,23866.428124018337,100678.31304361316
Channels backward (no-smear)10,,,,,7543.5384464037115,19093.224376601953,9305.437419941278,7260.375890433637,7449.484084359903,667.1823871407294,18623.573470428568,12552.690419580154,12552.690419580154,16949.734457906787,16949.734457906787,16736.85298255884,28312.926820804376,28312.926820804376,29056.505084177163,49029.57044203559,,,28205.67881959181,118983.36099533516
Channels backward (no-smear)11,,,,,8704.068635983613,22030.62932496891,10737.026012025985,8377.351095988965,8595.544534254459,769.825289607694,21488.72459492037,14483.84237175141,14483.84237175141,19557.345095862493,19557.345095862493,19311.722251984575,32668.72694857374,32668.72694857374,33526.70104926861,56572.54569243952,,,32544.92951502094,137288.40894903094
Channels predict fft,23483.615124332395,25357.69099984863,23483.615124332395,23483.615124332395,21760.03326863552,5874.90211016006,26842.397673499825,5000.0,21488.724594920375,2500.0,21488.724594920375,48279.00153236485,48279.00153236485,65190.5312565323,65190.5312565323,48279.00153236485,54447.72758676212,54447.72758676212,55877.680875140846,65536.0,32975.4265816828,65536.0,65536.0,65536.0
Channels predict gcf0,23483.615124332395,25357.69099984863,23483.615124332395,23483.615124332395,21760.03326863552,5874.90211016006,26842.397673499825,5000.0,21488.724594920375,2500.0,21488.724594920375,48279.00153236485,48279.00153236485,65190.5312565323,65190.5312565323,48279.00153236485,54447.72758676212,54447.72758676212,55877.680875140846,65536.0,32975.4265816828,65536.0,65536.0,65536.0
Channels predict gcf1,23483.615124332395,25357.69099984863,23483.615124332395,23483.615124332395,21760.03326863552,5874.90211016006,26842.397673499825,5000.0,21488.724594920375,2500.0,21488.724594920375,48279.00153236485,48279.00153236485,65190.5312565323,65190.5312565323,48279.00153236485,54447.72758676212,54447.72758676212,55877.680875140846,65536.0,32975.4265816828,65536.0,65536.0,65536.0
Channels predict gcf2,23483.615124332395,25357.69099984863,23483.615124332395,23483.615124332395,21760.03326863552,5874.90211016006,26842.397673499825,5000.0,21488.724594920375,2500.0,21488.724594920375,48279.00153236485,48279.00153236485,65190.5312565323,65190.5312565323,48279.00153236485,54447.72758676212,54447.72758676212,55877.680875140846,65536.0,32975.4265816828,65536.0,65536.0,65536.0
Channels predict gcf3,23483.615124332395,25357.69099984863,23483.615124332395,23483.615124332395,21760.03326863552,5874.90211016006,26842.397673499825,5000.0,21488.724594920375,2500.0,21488.724594920375,48279.00153236485,48279.00153236485,65190.5312565323,65190.5312565323,48279.00153236485,54447.72758676212,54447.72758676212,55877.680875140846,65536.0,32975.4265816828,65536.0,65536.0,65536.0
Channels predict gcf4,23483.615124332395,25357.69099984863,23483.615124332395,23483.615124332395,21760.03326863552,5874.90211016006,26842.397673499825,5000.0,21488.724594920375,2500.0,21488.724594920375,48279.00153236485,48279.00153236485,65190.5312565323,65190.5312565323,48279.00153236485,54447.72758676212,54447.72758676212,55877.680875140846,65536.0,32975.4265816828,65536.0,65536.0,65536.0
Channels predict gcf5,23483.615124332395,25357.69099984863,23483.615124332395,23483.615124332395,21760.03326863552,5874.90211016006,26842.397673499825,5000.0,21488.724594920375,2500.0,21488.724594920375,48279.00153236485,48279.00153236485,65190.5312565323,65190.5312565323,48279.00153236485,54447.72758676212,54447.72758676212,55877.680875140846,65536.0,32975.4265816828,65536.0,65536.0,65536.0
Channels predict gcf6,23483.615124332395,25357.69099984863,23483.615124332395,23483.615124332395,21760.03326863552,5874.90211016006,26842.397673499825,5000.0,21488.724594920375,2500.0,21488.724594920375,48279.00153236485,48279.00153236485,65190.5312565323,65190.5312565323,48279.00153236485,54447.72758676212,54447.72758676212,55877.680875140846,65536.0,32975.4265816828,65536.0,65536.0,65536.0
Channels predict gcf7,23483.615124332395,25357.69099984863,23483.615124332395,23483.615124332395,21760.03326863552,5874.90211016006,26842.397673499825,5000.0,21488.724594920375,2500.0,21488.724594920375,48279.00153236485,48279.00153236485,65190.5312565323,65190.5312565323,48279.00153236485,54447.72758676212,54447.72758676212,55877.680875140846,65536.0,32975.4265816828,65536.0,65536.0,65536.0
Channels predict gcf8,,,,,21760.03326863552,5874.90211016006,26842.397673499825,5000.0,21488.724594920375,2500.0,21488.724594920375,48279.00153236485,48279.00153236485,65190.5312565323,65190.5312565323,48279.00153236485,54447.72758676212,54447.72758676212,55877.680875140846,65536.0,,,65536.0,65536.0
Channels predict gcf9,,,,,21760.03326863552,5874.90211016006,26842.397673499825,5000.0,21488.724594920375,2500.0,21488.724594920375,48279.00153236485,48279.00153236485,65190.5312565323,65190.5312565323,48279.00153236485,54447.72758676212,54447.72758676212,55877.680875140846,65536.0,,,65536.0,65536.0
Channels predict gcf10,,,,,21760.03326863552,5874.90211016006,26842.397673499825,5000.0,21488.724594920375,2500.0,21488.724594920375,48279.00153236485,48279.00153236485,65190.5312565323,65190.5312565323,48279.00153236485,54447.72758676212,54447.72758676212,55877.680875140846,65536.0,,,65536.0,65536.0
Channels predict gcf11,,,,,21760.03326863552,5874.90211016006,26842.397673499825,5000.0,21488.724594920375,2500.0,21488.724594920375,48279.00153236485,48279.00153236485,65190.5312565323,65190.5312565323,48279.00153236485,54447.72758676212,54447.72758676212,55877.680875140846,65536.0,,,65536.0,65536.0
Channels predict,23483.615124332395,25357.69099984863,23483.615124332395,23483.615124332395,21760.03326863552,5874.90211016006,26842.397673499825,5000.0,21488.724594920375,2500.0,21488.724594920375,48279.00153236485,48279.00153236485,65190.5312565323,65190.5312565323,48279.00153236485,54447.72758676212,54447.72758676212,55877.680875140846,65536.0,32975.4265816828,65536.0,65536.0,65536.0
Channels backward gcf0,863.6903446640755,1553.8091629762937,1500.0,1500.0,500.0,3200.0,500.0,5000.0,500.0,2500.0,5000.0,500.0,500.0,700.0,700.0,700.0,1089.1760088165274,1089.1760088165274,1117.780287073192,65536.0,1212.7838660193845,65536.0,1085.3618872090558,65536.0
Channels backward gcf1,1251.1586148232877,2251.1266360271425,2084.8023964370545,2084.8023964370545,500.0,3200.0,536.9572860809892,5000.0,500.0,2500.0,5000.0,724.3846956472404,724.3846956472404,978.1192792840136,978.1192792840136,965.7786943764594,1633.6510299688712,1633.6510299688712,1676.554788025041,65536.0,1756.8624315920244,65536.0,1627.768254954736,65536.0
Channels backward gcf2,1832.3609745268375,3297.102820280685,3053.4729526440356,3053.4729526440356,580.3573044226926,3200.0,715.9058620235973,5000.0,573.1213808637368,2500.0,5000.0,965.7786943764594,965.7786943764594,1304.070614995905,1304.070614995905,1287.6373565920976,2178.126048514747,2178.126048514747,2235.3292863182373,65536.0,2572.980216056625,65536.0,2170.174607264631,65536.0
Channels backward gcf3,2660.134001657883,4786.8264596173585,4433.094635524015,4433.094635524015,870.4898534441417,3200.0,1073.8030119774014,5000.0,859.6364949340269,2500.0,5000.0,1448.5666871083445,1448.5666871083445,1955.9732804231985,1955.9732804231985,1931.3546774765398,3267.07608300433,3267.07608300433,3352.8782802456103,65536.0,3735.3297448941657,65536.0,3254.987296445331,65536.0
Channels backward gcf4,3892.987424881861,7005.563782880562,6487.850320557811,6487.850320557811,1450.7549495332357,3671.8483988277135,1789.5973095663412,5000.0,1432.6667211420954,2500.0,5000.0,2414.1426668997783,2414.1426668997783,3259.7786040836563,3259.7786040836563,3218.789314993408,5444.976148857445,5444.976148857445,5587.976264909225,65536.0,5466.4885875443915,65536.0,5424.612656270212,65536.0
Channels backward gcf5,5671.818778067089,10206.884769757768,9452.569228770244,9452.569228770244,2031.020044876308,5140.550873089399,2505.391606269829,5000.0,2005.6969466105954,2500.0,5014.1056282530935,3379.7186445257976,3379.7186445257976,4563.583925007532,4563.583925007532,4506.223950889295,7622.876213523674,7622.876213523674,7823.074248348689,65536.0,7964.303468585826,65536.0,7594.238009030848,65536.0
Channels backward gcf6,8278.423127176913,14897.929378619174,13796.909801136626,13796.909801136626,3191.550234958787,5874.902110160061,3936.9801989593916,5000.0,3151.7573969500827,2500.0,7879.256753068427,5310.870598018509,5310.870598018509,7171.194564597031,7171.194564597031,7081.093221344769,11978.676341888648,11978.676341888648,12293.27021425803,65536.0,11624.467834674877,65536.0,11933.488708788935,65536.0
Channels backward gcf7,14090.446326176349,25357.69099984863,23483.615124332395,23483.615124332395,4352.080424763118,11015.360769551247,5368.56879132114,5000.0,4297.817847033029,2500.0,10744.407877796613,7242.02255073392,7242.02255073392,9778.805203194423,9778.805203194423,9655.962491205197,16334.476469786141,16334.476469786141,16763.46617971685,65536.0,19785.645120817804,65536.0,16272.739405947037,65536.0
Channels backward gcf8,,,,,5222.478067072525,13218.414480651934,6442.260235513635,5000.0,5157.363184520282,2500.0,12893.271221261048,8690.38651503596,8690.38651503596,11734.513181907203,11734.513181907203,11587.114443504672,19601.326565676056,19601.326565676056,20116.113153633392,65536.0,,,19527.17742822523,65536.0
Channels backward gcf9,,,,,6383.008256730193,16155.819428625153,7873.848827754904,5000.0,6303.42363444012,2500.0,15758.422345734596,10621.538467352408,10621.538467352408,14342.123819976441,14342.123819976441,14161.983713092513,23957.126693206257,23957.126693206257,24586.309118931273,65536.0,,,23866.428124018337,65536.0
Channels backward gcf10,,,,,7543.5384464037115,19093.224376601953,9305.437419941278,5000.0,7449.484084359903,2500.0,18623.573470428568,12552.690419580154,12552.690419580154,16949.734457906787,16949.734457906787,16736.85298255884,28312.926820804376,28312.926820804376,29056.505084177163,65536.0,,,28205.67881959181,65536.0
Channels backward gcf11,,,,,8704.068635983613,22030.62932496891,10737.026012025985,5000.0,8595.544534254459,2500.0,21488.72459492037,14483.84237175141,14483.84237175141,19557.345095862493,19557.345095862493,19311.722251984575,32668.72694857374,32668.72694857374,33526.70104926861,65536.0,,,32544.92951502094,65536.0
Channels backward0,863.6903446640755,1553.8091629762937,1500.0,1500.0,500.0,3200.0,500.0,5000.0,500.0,2500.0,5000.0,500.0,500.0,700.0,700.0,700.0,1089.1760088165274,1089.1760088165274,1117.780287073192,65536.0,1212.7838660193845,65536.0,1085.3618872090558,65536.0
Channels backward1,1251.1586148232877,2251.1266360271425,2084.8023964370545,2084.8023964370545,500.0,3200.0,536.9572860809892,5000.0,500.0,2500.0,5000.0,724.3846956472404,724.3846956472404,978.1192792840136,978.1192792840136,965.7786943764594,1633.6510299688712,1633.6510299688712,1676.554788025041,65536.0,1756.8624315920244,65536.0,1627.768254954736,65536.0
Channels backward2,1832.3609745268375,3297.102820280685,3053.4729526440356,3053.4729526440356,580.3573044226926,3200.0,715.9058620235973,5000.0,573.1213808637368,2500.0,5000.0,965.7786943764594,965.7786943764594,1304.070614995905,1304.070614995905,1287.6373565920976,2178.126048514747,2178.126048514747,2235.3292863182373,65536.0,2572.980216056625,65536.0,2170.174607264631,65536.0
Channels backward3,2660.134001657883,4786.8264596173585,4433.094635524015,4433.094635524015,870.4898534441417,3200.0,1073.8030119774014,5000.0,859.6364949340269,2500.0,5000.0,1448.5666871083445,1448.5666871083445,1955.9732804231985,1955.9732804231985,1931.3546774765398,3267.07608300433,3267.07608300433,3352.8782802456103,65536.0,3735.3297448941657,65536.0,3254.987296445331,65536.0
Channels backward4,3892.987424881861,7005.563782880562,6487.850320557811,6487.850320557811,1450.7549495332357,3671.8483988277135,1789.5973095663412,5000.0,1432.6667211420954,2500.0,5000.0,2414.1426668997783,2414.1426668997783,3259.7786040836563,3259.7786040836563,3218.789314993408,5444.976148857445,5444.976148857445,5587.976264909225,65536.0,5466.4885875443915,65536.0,5424.612656270212,65536.0
Channels backward5,5671.818778067089,10206.884769757768,9452.569228770244,9452.569228770244,2031.020044876308,5140.550873089399,2505.391606269829,5000.0,2005.6969466105954,2500.0,5014.1056282530935,3379.7186445257976,3379.7186445257976,4563.583925007532,4563.583925007532,4506.223950889295,7622.876213523674,7622.876213523674,7823.074248348689,65536.0,7964.303468585826,65536.0,7594.238009030848,65536.0
Channels backward6,8278.423127176913,14897.929378619174,13796.909801136626,13796.909801136626,3191.550234958787,5874.902110160061,3936.9801989593916,5000.0,3151.7573969500827,2500.0,7879.256753068427,5310.870598018509,5310.870598018509,7171.194564597031,7171.194564597031,7081.093221344769,11978.676341888648,11978.676341888648,12293.27021425803,65536.0,11624.467834674877,65536.0,11933.488708788935,65536.0
Channels backward7,14090.446326176349,25357.69099984863,23483.615124332395,23483.615124332395,4352.080424763118,11015.360769551247,5368.56879132114,5000.0,4297.817847033029,2500.0,10744.407877796613,7242.02255073392,7242.02255073392,9778.805203194423,9778.805203194423,9655.962491205197,16334.476469786141,16334.476469786141,16763.46617971685,65536.0,19785.645120817804,65536.0,16272.739405947037,65536.0
Channels backward8,,,,,5222.478067072525,13218.414480651934,6442.260235513635,5000.0,5157.363184520282,2500.0,12893.271221261048,8690.38651503596,8690.38651503596,11734.513181907203,11734.513181907203,11587.114443504672,19601.326565676056,19601.326565676056,20116.113153633392,65536.0,,,19527.17742822523,65536.0
Channels backward9,,,,,6383.008256730193,16155.819428625153,7873.848827754904,5000.0,6303.42363444012,2500.0,15758.422345734596,10621.538467352408,10621.538467352408,14342.123819976441,14342.123819976441,14161.983713092513,23957.126693206257,23957.126693206257,24586.309118931273,65536.0,,,23866.428124018337,65536.0
Channels backward10,,,,,7543.5384464037115,19093.224376601953,9305.437419941278,5000.0,7449.484084359903,2500.0,18623.573470428568,12552.690419580154,12552.690419580154,16949.734457906787,16949.734457906787,16736.85298255884,28312.926820804376,28312.926820804376,29056.505084177163,65536.0,,,28205.67881959181,65536.0
Channels backward11,,,,,8704.068635983613,22030.62932496891,10737.026012025985,5000.0,8595.544534254459,2500.0,21488.72459492037,14483.84237175141,14483.84237175141,19557.345095862493,19557.345095862493,19311.722251984575,32668.72694857374,32668.72694857374,33526.70104926861,65536.0,,,32544.92951502094,65536.0
Channels backward fft,500,65536,500,500,500,65536,500,5000,500,2500,500,500,500,500,500,500,500,500,500,65536,500,65536,500,65536
Channels out,500,65536,1500,1500,500,65536,500,5000,500,2500,5000,500,500,700,700,700,1000,1000,500,65536,500,65536,500,65536
Visibilities pred0,1789424579.6042755,1932227015.172104,1789424579.6042755,1789424579.6042755,1845106964.1610653,138811881.3818078,2276057865.8463116,423966944.6692817,1822101782.2696083,18753559.82880271,1822101782.2696083,4093740154.272059,4093740154.272059,5527726071.639862,5527726071.639862,4093740154.272059,4616807341.82898,4616807341.82898,4738057927.167725,5557019537.16921,2512689742.860742,4993768149.752866,5557019537.16921,5557019537.16921
Visibilities pred1,270052689.82034576,291603853.40529937,270052689.82034576,270052689.82034576,151893284.8298828,11427300.989070624,187370115.89107534,34901896.27807664,149999447.3920131,1543834.5093156993,149999447.3920131,337005740.7783402,337005740.7783402,455054632.04564077,455054632.04564077,337005740.7783402,380065788.1620288,380065788.1620288,390047404.43272656,457466134.89600617,379204930.7233708,753639207.0115445,457466134.89600617,457466134.89600617
Visibilities pred2,201912609.29478547,218025952.49337232,201912609.29478547,201912609.29478547,85197052.35976665,6409581.317482488,105096032.33682209,19576498.6450108,84134797.5830938,865937.8831150779,84134797.5830938,189026761.61616296,189026761.61616296,255240469.36220777,255240469.36220777,189026761.61616296,213179173.0652332,213179173.0652332,218777868.78770813,256593083.03988558,283523400.82500327,563479885.557835,256593083.03988558,256593083.03988558
Visibilities pred3,312332813.9962095,337258081.6240163,312332813.9962095,312332813.9962095,152670630.09244698,11485782.562483812,188329021.16524303,35080513.94216005,150767100.55026838,931041.2408014024,150767100.55026838,338730437.2739383,338730437.2739383,457383468.12832034,457383468.12832034,338730437.2739383,382010853.34526825,382010853.34526825,392043552.5991897,459807312.3426802,438574202.58565027,871630845.1524025,459807312.3426802,459807312.3426802
Visibilities pred4,252451041.12741077,272597530.64450496,252451041.12741077,252451041.12741077,214236383.3495264,16117523.813424828,264274329.3177392,49227034.88195545,211565239.0405759,2177486.1353246393,211565239.0405759,475326418.499941,475326418.499941,641827311.2277045,641827311.2277045,475326418.499941,536060037.0313495,536060037.0313495,550138509.1126667,645228591.6047665,354488894.83547854,704518079.679452,645228591.6047665,645228591.6047665
Visibilities pred5,360749403.4963631,389538486.8900395,360749403.4963631,360749403.4963631,112715078.37541644,8479829.296240013,139041283.6322997,25899564.808543216,111309723.05981538,1145629.4984408487,111309723.05981538,250081025.8158481,250081025.8158481,337681277.8363841,337681277.8363841,250081025.8158481,282034489.8622504,282034489.8622504,289441523.43536127,339470775.8585377,506560229.60682756,1006747589.0047727,339470775.8585377,339470775.8585377
Visibilities pred6,207928515.0892119,224521948.93223414,207928515.0892119,207928515.0892119,172104264.35718864,3236955.5252472498,212301656.35084438,39545956.16479509,169958432.17361507,1749257.7292840728,169958432.17361507,381847855.65579504,381847855.65579504,515604378.2861061,515604378.2861061,381847855.65579504,430637489.68375987,430637489.68375987,441947263.69574577,518336756.64320225,291970867.65649986,580268544.376171,518336756.64320225,518336756.64320225
Visibilities pred7,18517898.798805382,19995692.878650185,18517898.798805382,18517898.798805382,164486279.9438615,12374702.61832961,202904383.62756273,37795502.86371776,162435430.39299107,1671828.9789486285,162435430.39299107,364945828.1347859,364945828.1347859,492781782.1587097,492781782.1587097,364945828.1347859,411575848.78567845,411575848.78567845,422385009.5068586,495393215.13532144,26002623.916891437,51678117.2427348,495393215.13532144,495393215.13532144
Visibilities pred8,,,,,52082139.49342821,3918265.937909834,64246661.88283607,11967385.079437898,51432768.418680064,529359.8354858265,51432768.418680064,115554680.5177165,115554680.5177165,156032038.21601093,156032038.21601093,115554680.5177165,130319384.54622327,130319384.54622327,133741944.87575059,156858909.71320844,,,156858909.71320844,156858909.71320844
Visibilities pred9,,,,,45552438.567719236,3427020.6670589284,56191856.691451795,10466996.535657328,44984481.1781452,462992.3351983027,44984481.1781452,101067228.35685152,101067228.35685152,136469812.96395686,136469812.96395686,101067228.35685152,113980835.20501061,113980835.20501061,116974298.42813298,137193016.9921677,,,137193016.9921677,137193016.9921677
Visibilities pred10,,,,,3264850.552875744,245622.64219797074,4027402.7067391425,750194.2925752862,3224143.70916629,33183.75105873271,3224143.70916629,7243726.280162722,7243726.280162722,9781112.895720268,9781112.895720268,7243726.280162722,8169274.895856583,8169274.895856583,8383823.454974778,9832946.631642792,,,9832946.631642792,9832946.631642792
Visibilities pred11,,,,,1399221.6616601222,105266.84636602241,1726029.7267004754,321511.8387886227,1381775.8715470303,14221.6075573867,1381775.8715470303,3104454.1115098707,3104454.1115098707,4191905.515178976,4191905.515178976,3104454.1115098707,3501117.802856382,3501117.802856382,3593067.185082078,4214119.973370235,,,4214119.973370235,4214119.973370235
Visibilities bw0,65812215.18604332,118398478.8340023,114298282.23616484,114298282.23616484,42396694.46692818,75609433.5007878,42396694.46692818,423966944.6692818,42396694.46692818,18753559.828802705,423966944.6692818,42396694.46692818,42396694.46692818,59355372.25369945,59355372.25369945,59355372.25369945,92354924.93300517,92354924.93300517,94780378.62439479,5557019537.16921,92412741.73983382,4993768149.752866,92031512.63610181,5557019537.16921
Visibilities bw1,14387850.743424758,25887104.688385945,23974438.85538619,23974438.85538619,3490189.627807664,6224335.738596627,3748165.5009112423,34901896.27807664,3490189.627807664,1543834.5093156993,34901896.27807664,5056479.9025812205,5056479.9025812205,6827643.526631544,6827643.526631544,6741501.563740693,11403503.760509323,11403503.760509323,11702988.263232552,457466134.89600617,20203253.32295818,753639207.0115445,11362439.759835202,457466134.89600617
Visibilities bw2,15754677.61576882,28348558.347231682,26253823.698574916,26253823.698574916,2272272.7967305924,3491234.3782669688,2802986.0275720484,19576498.645010803,2243941.9871811327,865937.8831150777,19576498.645010803,3781313.0603682115,3781313.0603682115,5105827.325493148,5105827.325493148,5041486.193318098,8528016.327482335,8528016.327482335,8751984.148952387,256593083.03988558,22122537.196138926,563479885.557835,8496884.05171058,256593083.03988558
Visibilities bw3,35379865.23565221,63664941.29324587,58960296.994054854,58960296.994054854,6107446.288051214,6256190.0625348175,7533912.306561337,35080513.94216005,6031298.0091445455,931041.2408014024,35080513.94216005,10163292.772650575,10163292.772650575,13723309.586875709,13723309.586875709,13550582.938094357,22922141.61598621,22922141.61598621,23524138.65130435,459807312.3426802,49680002.17384353,871630845.1524025,22837325.44690086,459807312.3426802
Visibilities bw4,41849975.96426427,75310460.56193437,69744992.81443948,69744992.81443948,14283272.901168423,10073547.251969296,17619313.83653518,49227034.88195545,14105186.931175735,2177486.1353246393,49227034.88195545,23768217.05469847,23768217.05469847,32093847.01013564,32093847.01013564,31690290.777369197,53608006.16224418,53608006.16224418,55015900.50244512,645228591.6047665,58765259.43430198,704518079.679452,53407519.29026215,645228591.6047665
Visibilities bw5,87129057.00822505,156795602.9236323,145207996.84089884,145207996.84089884,10520507.05594486,7419867.271839196,12977710.455473127,25899564.80854322,10389335.611007674,1145629.4984408487,25972630.73516446,17506648.413707547,17506648.413707547,23638967.524991725,23638967.524991725,23341847.851573396,39485835.30393179,39485835.30393179,40522843.69943048,339470775.8585377,122345631.63911633,1006747589.0047727,39337491.89727933,339470775.8585377
Visibilities bw6,73298775.29505885,131909176.55563876,122160534.1674023,122160534.1674023,25242581.137884334,3236955.52524725,31138329.273942873,39545956.16479509,24927851.972371332,1749257.7292840728,62318548.433601946,42004691.17322781,42004691.17322781,56718349.180154204,56718349.180154204,56005720.42602558,94741641.9057193,94741641.9057193,97229825.00300585,518336756.64320225,102925308.67880876,580268544.376171,94384244.27416888,518336756.64320225
Visibilities bw7,11110957.904763842,19995692.878650185,18517898.798805382,18517898.798805382,32897813.631452885,23202397.4528994,40581551.42528879,37795502.863717765,32487637.34905483,1671828.9789486285,81218059.74284272,54743176.811074495,54743176.811074495,73918972.01221459,73918972.01221459,72990391.59765945,123473950.43822649,123473950.43822649,126716726.80026479,495393215.13532144,15601881.229809055,51678117.2427348,123007273.76360083,495393215.13532144
Visibilities bw8,,,,,12499881.219515083,8816021.482833097,15419401.804068392,11967385.0794379,12344030.24473407,529359.8354858264,30859748.327693105,20800240.382917933,20800240.382917933,28086287.593524724,28086287.593524724,27733492.100987438,46915324.615852274,46915324.615852274,48147454.482215345,156858909.71320844,,,46737850.35961583,156858909.71320844
Visibilities bw9,,,,,13362185.062053408,9424212.699547794,16483109.680480016,10466996.535657326,13195582.66889305,462992.3351983027,32988670.420045804,22235121.268225737,22235121.268225737,30023792.067532368,30023792.067532368,29646686.892594963,50151832.42041871,50151832.42041871,51468962.474490754,137193016.9921677,,,49961964.0985229,137193016.9921677
Visibilities bw10,,,,,1131823.8976628613,798264.9125930549,1396177.208471289,750194.2925752862,1117712.0885434463,33183.75105873271,2794259.704974406,1883391.3418467015,1883391.3418467015,2543118.810197667,2543118.810197667,2511178.31663746,4248039.221413838,4248039.221413838,4359604.855266899,9832946.631642792,,,4231947.853733882,9832946.631642792
Visibilities bw11,,,,,559692.2224194941,394746.13006532413,690416.1952495493,321511.8387886227,552713.8657195293,14221.6075573867,1381775.87154703,931345.3587332724,931345.3587332724,1257583.5967188806,1257583.5967188806,1241789.4662821444,2100676.494423875,2100676.494423875,2155846.260573359,4214119.973370235,,,2092716.0263241003,4214119.973370235
-- Geometry --,,,,,,,,,,,,,,,,,,,,,,,,
Delta W earth0 [lambda],0.12556762548976114,0.12556762548976114,0.12556762548976114,0.12556762548976114,1.4098307776762335,1.4098307776762335,2.179085545775391,2.203297607395118,2.3177546259610975,2.3206973331141834,17.82888173816229,1.961176991197852,1.961176991197852,2.058025237676758,2.058025237676758,1.961176991197852,13.982465585392093,13.982465585392093,17.04886816211769,17.04886816211769,0.13733959037942622,0.13733959037942622,0.8580149336490602,0.8580149336490602
Delta W earth1 [lambda],0.2636344856700899,0.2636344856700899,0.2636344856700899,0.2636344856700899,3.172119249771525,3.172119249771525,4.902942477994629,4.957419616639014,5.214947908412469,5.221568999506912,40.11498391086515,4.412648230195167,4.412648230195167,4.630556784772706,4.630556784772706,4.412648230195167,31.46054756713221,31.46054756713221,38.3599533647648,38.3599533647648,0.28835021870166083,0.28835021870166083,1.9305336007103855,1.9305336007103855
Delta W earth2 [lambda],0.5656557423145592,0.5656557423145592,0.5656557423145592,0.5656557423145592,5.639323110704934,5.639323110704934,8.716342183101563,8.813190429580471,9.27101850384439,9.282789332456733,71.31552695264917,7.844707964791408,7.844707964791408,8.232100950707032,8.232100950707032,7.844707964791408,55.92986234156837,55.92986234156837,68.19547264847075,68.19547264847075,0.618685968156549,0.618685968156549,3.432059734596241,3.432059734596241
Delta W earth3 [lambda],1.1924479087013926,1.1924479087013926,1.1924479087013926,1.1924479087013926,12.6884769990861,12.6884769990861,19.611769911978516,19.829678466556057,20.859791633649877,15.687913971851879,160.4599356434606,17.650592920780667,17.650592920780667,18.522227139090823,18.522227139090823,17.650592920780667,125.84219026852884,125.84219026852884,153.4398134590592,153.4398134590592,1.304239900142148,1.304239900142148,7.722134402841542,7.722134402841542
Delta W earth4 [lambda],2.554289211389181,2.554289211389181,2.554289211389181,2.554289211389181,35.245769441905836,35.245769441905836,54.47713864438477,55.08244018487794,57.94386564902744,58.017433327854576,445.72204345405726,49.0294247799463,49.0294247799463,51.45063094191895,51.45063094191895,49.0294247799463,349.5616396348023,349.5616396348023,426.22170405294224,426.22170405294224,2.7937538249569163,2.7937538249569163,21.450373341226506,21.450373341226506
Delta W earth5 [lambda],5.422471337476216,5.422471337476216,5.422471337476216,5.422471337476216,69.08170810613544,69.08170810613544,106.77519174299415,107.96158276236076,113.56997667209377,113.71416932259497,873.6152051699522,96.09767256869475,96.09767256869475,100.84323664616115,100.84323664616115,96.09767256869475,685.1408136842125,685.1408136842125,835.3945399437669,835.3945399437669,5.93082802536461,5.93082802536461,42.04273174880395,42.04273174880395
Delta W earth6 [lambda],11.552639929482813,11.552639929482813,11.552639929482813,11.552639929482813,170.58952409882426,90.22916977127895,263.6693510388223,266.59901049480925,280.4483097412928,280.80437730681615,2157.294690317637,237.3024159349401,237.3024159349401,249.02105375888772,249.02105375888772,237.3024159349401,1691.8783358324433,1691.8783358324433,2062.9130476162404,2062.9130476162404,12.635699922871826,12.635699922871826,103.81980697153628,103.81980697153628
Delta W earth7 [lambda],33.47075398311001,33.47075398311001,33.47075398311001,33.47075398311001,317.21192497715253,317.21192497715253,490.29424779946294,495.74196166390146,521.4947908412469,522.1568999506912,4011.4983910865153,441.2648230195167,441.2648230195167,463.0556784772706,463.0556784772706,441.2648230195167,3146.0547567132207,3146.0547567132207,3835.99533647648,3835.99533647648,36.608637169026565,36.608637169026565,193.05336007103855,193.05336007103855
Delta W earth8 [lambda],,,,,456.78517196709964,456.78517196709964,706.0237168312267,713.8684247960181,750.9524988113956,751.9059359289954,5776.557683164582,635.421345148104,635.421345148104,666.8001770072697,666.8001770072697,635.421345148104,4530.318849667038,4530.318849667038,5523.833284526131,5523.833284526131,,,277.99683850229553,277.99683850229553
Delta W earth9 [lambda],,,,,682.358096395297,682.358096395297,1054.6774041552892,1066.396041979237,1121.7932389651712,1123.2175092272646,8629.178761270548,949.2096637397603,949.2096637397603,996.0842150355509,996.0842150355509,949.2096637397603,6767.513343329773,6767.513343329773,8251.652190464962,8251.652190464962,,,415.2792278861451,415.2792278861451
Delta W earth10 [lambda],,,,,953.0456057091338,953.0456057091338,1473.0618289441643,1489.4291825990995,1566.8021271497018,1568.7913971851879,12052.324054997707,1325.7556460497478,1325.7556460497478,1391.2250606694886,1391.2250606694886,1325.7556460497478,9452.146735725055,9452.146735725055,11525.034877591559,11525.034877591559,,,580.0180951467647,580.0180951467647
Delta W earth11 [lambda],,,,,1268.8476999086101,1268.8476999086101,1961.1769911978517,1982.9678466556059,2085.9791633649875,2088.627599802765,16045.993564346061,1765.0592920780668,1765.0592920780668,1852.2227139090824,1852.2227139090824,1765.0592920780668,12584.219026852883,12584.219026852883,15343.98134590592,15343.98134590592,,,772.2134402841542,772.2134402841542
Delta W snapshot0 [lambda],2.0193906708802882,4.505030871892392,1.9537886382973932,1.9537886382973932,77.348805121291,277.00227917207366,157.49392001391368,237.39603610902492,173.39006725552025,258.7557185520394,4522.929092721261,132.49525908016275,132.49525908016275,144.52258352742174,144.52258352742174,131.74798740235855,3163.322668360416,3163.322668360416,4364.814847166111,6690.8544320543015,2.258488245959257,3.4412125258781274,34.80703089190733,53.129620472168114
Delta W snapshot1 [lambda],2.92605587005103,6.527697793966527,2.8309998636554066,2.8309998636554066,116.0232076819365,415.5034187581105,236.24088002087052,356.0940541635374,260.0851008832804,388.1335778280591,6784.393639081892,198.74288862024414,198.74288862024414,216.78387529113263,216.78387529113263,197.62198110353782,4744.984002540624,4744.984002540624,6547.2222707491665,10036.281648081453,3.2725033767981064,4.986246721170348,52.21054633786099,79.69443070825217
Delta W snapshot2 [lambda],4.286053668807143,9.56169817707773,4.146816701692426,4.146816701692426,154.697610242582,554.0045583441473,314.98784002782736,474.79207221804984,346.7801345110405,517.5114371040788,9045.858185442523,264.9905181603255,264.9905181603255,289.0451670548435,289.0451670548435,263.4959748047171,6326.645336720832,6326.645336720832,8729.629694332221,13381.708864108603,4.793526073056381,7.303798014108679,69.61406178381466,106.25924094433623
Delta W snapshot3 [lambda],6.223020230671909,13.882850237872473,6.0208588649572725,6.0208588649572725,232.046415363873,831.006837516221,472.48176004174104,712.1881083270748,520.1702017665608,672.7648682353025,13568.787278163783,397.4857772404883,397.4857772404883,433.56775058226526,433.56775058226526,395.24396220707564,9489.968005081248,9489.968005081248,13094.444541498333,20072.563296162905,6.959831125303015,10.604552885869332,104.42109267572198,159.38886141650434
Delta W snapshot4 [lambda],9.107864046215179,20.318608626290175,8.811985491096406,8.811985491096406,386.744025606455,1385.0113958603683,787.4696000695684,1186.9801805451248,866.9503362776013,1293.7785927601972,22614.645463606306,662.4762954008138,662.4762954008138,722.6129176371087,722.6129176371087,658.7399370117928,15816.61334180208,15816.61334180208,21824.074235830554,33454.27216027151,10.18624290524481,15.520570779980941,174.03515445953664,265.64810236084054
Delta W snapshot5 [lambda],13.270281551499037,29.604488586721434,12.839182480240012,12.839182480240012,541.441635849037,1939.0159542045158,1102.4574400973956,1661.7722527631745,1213.7304707886417,1811.290029864276,31660.503649048827,927.4668135611394,927.4668135611394,1011.6580846919522,1011.6580846919522,922.2359118165099,22143.25867852291,22143.25867852291,30553.703930162774,46835.98102438011,14.841494187732259,22.613682312913408,243.6492162433513,371.90734330517677
Delta W snapshot6 [lambda],19.369665618647662,43.211520607947435,18.740421632648466,18.740421632648466,850.836856334201,2216.0182333765893,1732.4331201530504,2611.3563971992744,1907.2907398107227,2846.312904072434,49752.22001993388,1457.4478498817905,1457.4478498817905,1589.7484188016392,1589.7484188016392,1449.227861425944,34796.549351964575,34796.549351964575,48012.96331882722,73599.39875259732,21.66305052246634,33.007548717606525,382.87733981098063,584.4258251938493
Delta W snapshot7 [lambda],32.96964360620879,73.55152443905946,31.898590013018662,31.898590013018662,1160.232076819365,4155.034187581105,2362.408800208705,3560.940541635374,2600.851008832804,3881.3357782805915,67843.93639081891,1987.4288862024414,1987.4288862024414,2167.838752911326,2167.838752911326,1976.2198110353781,47449.840025406236,47449.840025406236,65472.22270749166,100362.81648081452,36.87327748504909,56.183061646989835,522.1054633786099,796.9443070825217
Delta W snapshot8 [lambda],,,,,1392.278492183238,4986.041025097326,2834.890560250446,4273.128649962448,3121.0212105993646,4657.60293393671,81412.7236689827,2384.91466344293,2384.91466344293,2601.4065034935916,2601.4065034935916,2371.463773242454,56939.80803048749,56939.80803048749,78566.66724899,120435.37977697742,,,626.5265560543319,956.333168499026
Delta W snapshot9 [lambda],,,,,1701.673712668402,6094.05014178562,3464.8662403061007,5222.712794398549,3814.5814796214454,5692.625808144868,99504.44003986775,2914.895699763581,2914.895699763581,3179.4968376032784,3179.4968376032784,2898.455722851888,69593.09870392915,69593.09870392915,96025.92663765444,147198.79750519464,,,765.7546796219613,1168.8516503876986
Delta W snapshot10 [lambda],,,,,2011.068933153566,7202.059258473915,4094.8419203617555,6172.296938834648,4508.141748643527,6727.648682353025,117596.1564107528,3444.876736084232,3444.876736084232,3757.5871717129653,3757.5871717129653,3425.4476724613223,82246.38937737081,82246.38937737081,113485.18602631889,173962.21523341184,,,904.9828031895905,1381.370132276371
Delta W snapshot11 [lambda],,,,,2320.46415363873,8310.06837516221,4724.81760041741,7121.881083270748,5201.702017665608,7762.671556561183,135687.87278163782,3974.857772404883,3974.857772404883,4335.677505822652,4335.677505822652,3952.4396220707563,94899.68005081247,94899.68005081247,130944.44541498332,200725.63296162905,,,1044.2109267572198,1593.8886141650435
Delta W max0 [lambda],2.0193906708802882,4.505030871892392,1.9537886382973932,1.9537886382973932,77.348805121291,277.00227917207366,157.49392001391368,237.39603610902492,173.39006725552025,258.7557185520394,4522.929092721261,132.49525908016275,132.49525908016275,144.52258352742174,144.52258352742174,131.74798740235855,3163.322668360416,3163.322668360416,4364.814847166111,6690.8544320543015,2.258488245959257,3.4412125258781274,34.80703089190733,53.129620472168114
Delta W max1 [lambda],2.92605587005103,6.527697793966527,2.8309998636554066,2.8309998636554066,116.0232076819365,415.5034187581105,236.24088002087052,356.0940541635374,260.0851008832804,388.1335778280591,6784.393639081892,198.74288862024414,198.74288862024414,216.78387529113263,216.78387529113263,197.62198110353782,4744.984002540624,4744.984002540624,6547.2222707491665,10036.281648081453,3.2725033767981064,4.986246721170348,52.21054633786099,79.69443070825217
Delta W max2 [lambda],4.286053668807143,9.56169817707773,4.146816701692426,4.146816701692426,154.697610242582,554.0045583441473,314.98784002782736,474.79207221804984,346.7801345110405,517.5114371040788,9045.858185442523,264.9905181603255,264.9905181603255,289.0451670548435,289.0451670548435,263.4959748047171,6326.645336720832,6326.645336720832,8729.629694332221,13381.708864108603,4.793526073056381,7.303798014108679,69.61406178381466,106.25924094433623
Delta W max3 [lambda],6.223020230671909,13.882850237872473,6.0208588649572725,6.0208588649572725,232.046415363873,831.006837516221,472.48176004174104,712.1881083270748,520.1702017665608,672.7648682353025,13568.787278163783,397.4857772404883,397.4857772404883,433.56775058226526,433.56775058226526,395.24396220707564,9489.968005081248,9489.968005081248,13094.444541498333,20072.563296162905,6.959831125303015,10.604552885869332,104.42109267572198,159.38886141650434
Delta W max4 [lambda],9.107864046215179,20.318608626290175,8.811985491096406,8.811985491096406,386.744025606455,1385.0113958603683,787.4696000695684,1186.9801805451248,866.9503362776013,1293.7785927601972,22614.645463606306,662.4762954008138,662.4762954008138,722.6129176371087,722.6129176371087,658.7399370117928,15816.61334180208,15816.61334180208,21824.074235830554,33454.27216027151,10.18624290524481,15.520570779980941,174.03515445953664,265.64810236084054
Delta W max5 [lambda],13.270281551499037,29.604488586721434,12.839182480240012,12.839182480240012,541.441635849037,1939.0159542045158,1102.4574400973956,1661.7722527631745,1213.7304707886417,1811.290029864276,31660.503649048827,927.4668135611394,927.4668135611394,1011.6580846919522,1011.6580846919522,922.2359118165099,22143.25867852291,22143.25867852291,30553.703930162774,46835.98102438011,14.841494187732259,22.613682312913408,243.6492162433513,371.90734330517677
Delta W max6 [lambda],19.369665618647662,43.211520607947435,18.740421632648466,18.740421632648466,850.836856334201,2216.0182333765893,1732.4331201530504,2611.3563971992744,1907.2907398107227,2846.312904072434,49752.22001993388,1457.4478498817905,1457.4478498817905,1589.7484188016392,1589.7484188016392,1449.227861425944,34796.549351964575,34796.549351964575,48012.96331882722,73599.39875259732,21.66305052246634,33.007548717606525,382.87733981098063,584.4258251938493
Delta W max7 [lambda],33.47075398311001,73.55152443905946,33.47075398311001,33.47075398311001,1160.232076819365,4155.034187581105,2362.408800208705,3560.940541635374,2600.851008832804,3881.3357782805915,67843.93639081891,1987.4288862024414,1987.4288862024414,2167.838752911326,2167.838752911326,1976.2198110353781,47449.840025406236,47449.840025406236,65472.22270749166,100362.81648081452,36.87327748504909,56.183061646989835,522.1054633786099,796.9443070825217
Delta W max8 [lambda],,,,,1392.278492183238,4986.041025097326,2834.890560250446,4273.128649962448,3121.0212105993646,4657.60293393671,81412.7236689827,2384.91466344293,2384.91466344293,2601.4065034935916,2601.4065034935916,2371.463773242454,56939.80803048749,56939.80803048749,78566.66724899,120435.37977697742,,,626.5265560543319,956.333168499026
Delta W max9 [lambda],,,,,1701.673712668402,6094.05014178562,3464.8662403061007,5222.712794398549,3814.5814796214454,5692.625808144868,99504.44003986775,2914.895699763581,2914.895699763581,3179.4968376032784,3179.4968376032784,2898.455722851888,69593.09870392915,69593.09870392915,96025.92663765444,147198.79750519464,,,765.7546796219613,1168.8516503876986
Delta W max10 [lambda],,,,,2011.068933153566,7202.059258473915,4094.8419203617555,6172.296938834648,4508.141748643527,6727.648682353025,117596.1564107528,3444.876736084232,3444.876736084232,3757.5871717129653,3757.5871717129653,3425.4476724613223,82246.38937737081,82246.38937737081,113485.18602631889,173962.21523341184,,,904.9828031895905,1381.370132276371
Delta W max11 [lambda],,,,,2320.46415363873,8310.06837516221,4724.81760041741,7121.881083270748,5201.702017665608,7762.671556561183,135687.87278163782,3974.857772404883,3974.857772404883,4335.677505822652,4335.677505822652,3952.4396220707563,94899.68005081247,94899.68005081247,130944.44541498332,200725.63296162905,,,1044.2109267572198,1593.8886141650435
-- Kernel Sizes --,,,,,,,,,,,,,,,,,,,,,,,,
W kernel support pred0 [pixels],5.392450840513446,4.071880408767995,5.260012510587015,5.260012510587015,9.152679015554208,9.87073038993468,8.353919081117834,4.126724302868914,7.936134759243852,3.8718198639831973,4.282516153042142,8.464685466383784,8.464685466383784,8.810265036659171,8.810265036659171,8.42866429180648,4.87502149385864,4.87502149385864,4.627279833087469,2.6352554827997285,5.128728970542619,2.907259033566545,11.347836922875391,6.433310535059045
W kernel support pred1 [pixels],7.130319106716325,5.3830599609372936,6.955062619584535,6.955062619584535,12.429005416418994,13.405366474285701,11.34308271713278,5.599648001523167,10.775178395987616,5.2535205510590215,5.811206110306787,11.493659210015505,11.493659210015505,11.963466279515057,11.963466279515057,11.444691393801865,6.615887197554026,6.615887197554026,6.279413018069951,3.5748146381095256,6.781339866096421,3.842650812635595,15.414308262290598,8.732815072783046
W kernel support pred2 [pixels],9.508062850681558,7.176336583561802,9.27413924765735,9.27413924765735,15.446463906175998,16.66118633834177,14.095619874394425,6.954635112264165,13.389250722546441,6.5245006758570865,7.2175528433435545,14.282918920348106,14.282918920348106,14.867327441797817,14.867327441797817,14.222008416954969,8.217674906287943,8.217674906287943,7.799460791864861,4.438769494874265,9.042271994862139,5.12149599921572,19.161058595562093,10.849403895741597
W kernel support pred3 [pixels],12.598422354168164,9.506015693866534,12.28811918445195,12.28811918445195,20.991711524044458,22.645511120944803,19.153010291475344,9.441220093930236,18.191718463472004,7.95087650338022,9.798521623175422,19.407925227211976,19.407925227211976,20.20336460102303,20.20336460102303,19.325024758854994,11.157876754581512,11.157876754581512,10.589406030012343,6.023400507055229,11.98055804801518,6.782131091528474,26.05008225360587,14.736344845531333
W kernel support pred4 [pixels],16.800383235331687,12.67197591288658,16.386015704372525,16.386015704372525,30.920476040867733,33.363396469236804,28.20539702350636,13.883438600631601,26.786344775602238,13.022606481647292,14.40973238431258,28.581749437083783,28.581749437083783,29.756253261913766,29.756253261913766,28.459354260096397,16.41248785277089,16.41248785277089,15.574863585835221,8.851883893974907,15.975332983597642,9.037681554361358,38.394973313659044,21.688033376827715
W kernel support pred5 [pixels],22.337567060778696,16.84127290175738,21.785735018019327,21.785735018019327,39.93041330810976,43.09230943214884,36.4172568201744,17.904776084292074,34.58151557293069,16.793231430808955,18.5844220581712,36.904171164752505,36.904171164752505,38.4238450973331,38.4238450973331,36.74581737934518,21.17122810854956,21.17122810854956,20.089240827662234,11.410004591834053,21.238846574363176,12.006153338314952,49.607290519134914,27.988702664519597
W kernel support pred6 [pixels],29.75551067607972,22.422445537750225,29.018994710843167,29.018994710843167,56.35042395937057,47.70611257772486,51.376866814385124,25.212533616030246,48.77899130620049,23.644184885122527,26.171653051090242,52.066044108708,52.066044108708,54.21728798531264,54.21728798531264,51.84190539782122,29.82326769423221,29.82326769423221,28.29569208749705,16.053645017922722,28.289134743184235,15.976841343522354,70.06190649834488,39.45487082537573
W kernel support pred7 [pixels],45.09913102949984,33.56641753457723,45.09913102949984,45.09913102949984,71.42809830808416,77.12134191864662,65.10754714579267,31.901892616167043,61.807083085567186,29.914183846999055,33.11763975123785,65.98322688233797,65.98322688233797,68.71694048943581,68.71694048943581,65.69842733646163,37.747439495923125,37.747439495923125,35.810445126647636,20.299174323555885,42.379542670670745,23.896104300265325,88.86532835681545,49.96721801015469
W kernel support pred8 [pixels],,,,,82.137163680017,88.69653562121077,74.85677333786668,36.642091623715125,71.05584736825868,34.35657918784542,38.04011267326382,75.86532284440591,75.86532284440591,79.01406297907695,79.01406297907695,75.53730575458745,43.364903573771564,43.364903573771564,41.1369795088014,23.30491662981052,,,102.23158116080428,57.42511121290372
W kernel support pred9 [pixels],,,,,95.81828356918626,103.48771772001373,87.30820362601635,42.68560370133942,82.866322259672,40.01969416166926,44.316487265883126,88.48694732596725,88.48694732596725,92.16736314295377,92.16736314295377,88.10357135758602,50.52940240765623,50.52940240765623,47.929655161501785,27.134048311124182,,,119.31946687080882,66.94320797793277
W kernel support pred10 [pixels],,,,,108.95888502426656,117.69802844753056,99.2642824444789,48.47829526622717,94.20519082375563,45.447070517709264,50.332844761199425,100.6069389458749,100.6069389458749,104.7994705505116,104.7994705505116,100.17024616157438,57.399049440960304,57.399049440960304,54.442017450358904,30.801253656859412,,,135.74417935071617,76.07583789271027
W kernel support pred11 [pixels],,,,,121.6641394843045,131.44060575139181,110.82127955140018,54.068553968822386,105.16404968696618,50.68416202422373,56.13936304590174,112.32280443919234,112.32280443919234,117.01174586027832,117.01174586027832,111.8344347286361,64.0308117471032,64.0308117471032,60.728198402565276,34.33766586385719,,,151.63514265467873,84.8976854320727
"W kernel support pred, ff0 [pixels]",11.361273083037577,10.79723159255689,11.299014630114074,11.299014630114074,13.556235951095214,14.051025529504244,13.03027106448153,10.818033715601414,12.766449581495964,10.72338514924904,10.878416456500775,13.101560977410625,13.101560977410625,13.32744424172088,13.32744424172088,13.078317236708003,11.125009418673933,11.125009418673933,11.018698591653099,10.341400846095564,11.238499048061675,10.414036445502497,15.125257116101334,11.890646931117821
"W kernel support pred, ff1 [pixels]",12.281752748024358,11.356818856662557,12.180841351989693,12.180841351989693,15.952434787247139,16.724349024996553,15.121690564474475,11.461067041988821,14.700492150447149,11.295993899626518,11.565903183775443,15.234966427136431,15.234966427136431,15.592450911293383,15.592450911293383,15.19805780681737,11.990411311158566,11.990411311158566,11.808091626147993,10.619759870017878,12.082490239164631,10.71288781178301,18.3739189941863,13.276372211392191
"W kernel support pred, ff2 [pixels]",13.798668746386758,12.30852577527331,13.638535800625318,13.638535800625318,18.400903434472934,19.431807177947874,17.282548991494952,12.180597257307936,16.711434256556508,11.94023069581403,12.33260187658941,17.435646615059557,17.435646615059557,17.91751727393152,17.91751727393152,17.385785096219784,12.943345041581583,12.943345041581583,12.681939466967865,10.940871749025593,13.481939134600339,11.235200099240895,21.613564409938586,14.754984408427307
"W kernel support pred, ff3 [pixels]",16.08478305150567,13.797258219372312,15.842912392969167,15.842912392969167,23.251923634587758,24.755184788824238,21.60642967325607,13.752695621660214,20.759061169865756,12.775618856713113,14.000393780170482,21.832717687568145,21.832717687568145,22.542758065548913,22.542758065548913,21.759057468795802,14.983264453063306,14.983264453063306,14.564872813329396,11.673960496266604,15.6055685939943,12.082934334948495,27.90352639756544,17.80898254832145
"W kernel support pred, ff4 [pixels]",19.5512883681361,16.14245872030583,19.19639316809132,19.19639316809132,32.497320483293315,34.82981802943396,29.92564821776834,17.1099347566701,28.592101469416924,16.41914369191774,17.539680367313046,30.280627484981867,30.280627484981867,31.39163277351393,31.39163277351393,30.165126303426398,19.218994706210626,19.218994706210626,18.508818863379044,13.354993390953528,18.84704921033589,13.47886077819797,39.675861373845315,23.882436888943996
"W kernel support pred, ff5 [pixels]",24.473800321870435,19.586435943056802,23.971196262918408,23.971196262918408,41.163550708806326,44.23739517869541,37.76528292369248,20.50807174330725,35.99835023054318,19.545143179028127,21.104045660399812,38.23503431876778,38.23503431876778,39.70380173313191,39.70380173313191,38.08221494183586,23.414117528197362,23.414117528197362,22.440534686852075,15.171954547311106,23.475276437335907,15.625226973811653,50.605170414196344,29.72149856320987
"W kernel support pred, ff6 [pixels]",31.390928874346713,24.551294546181772,30.69368101137339,30.69368101137339,57.23085077474216,48.74292951063321,52.34102065935538,27.123271398182315,49.793473396122735,25.671920046655192,28.01705593788614,53.01766638706316,53.01766638706316,55.13179043421614,55.13179043421614,52.79756770227815,31.455163263951352,31.455163263951352,30.010767912708314,18.913474518487476,30.004585391536963,18.84832775914312,70.77196296686154,40.70241800983185
"W kernel support pred, ff7 [pixels]",46.19449772013973,35.0243399096339,46.19449772013973,46.19449772013973,72.12470608542772,77.7669684334731,65.87103077485285,33.43248050165368,62.61082589733348,31.54137592483973,34.59448023446471,66.7366932789308,66.7366932789308,69.4407510776537,69.4407510776537,66.45512286110325,39.049573473962255,39.049573473962255,37.18047848224443,22.62866496764912,43.543376499476956,25.904127098382585,89.42620747837083,50.95805015573425
"W kernel support pred, ff8 [pixels]",,,,,82.7436623397702,89.25847540264573,75.52176186078253,37.98213894135945,71.75606904799952,35.78232152181707,39.33255867846137,76.52154735945906,76.52154735945906,79.64434787517277,79.64434787517277,76.19635529775705,44.5029758776029,44.5029758776029,42.33498651361007,25.359793751574934,,,102.71950246490736,58.28930774862883
"W kernel support pred, ff9 [pixels]",,,,,96.33869142844422,103.96974424753213,87.87902150343923,43.84131343091584,83.46752281482789,41.25016267596462,45.43072796673174,89.05020969693727,89.05020969693727,92.70826731594714,92.70826731594714,88.66926911823087,51.50942154280957,51.50942154280957,48.96173857105642,28.91810121274253,,,119.73777672202723,67.68598890743019
"W kernel support pred, ff10 [pixels]",,,,,109.41681144015915,118.12208049486647,99.76671674069105,49.498940513100926,94.73446035176539,46.53424780354399,51.31661779341074,101.10270107202378,101.10270107202378,105.27549110627577,105.27549110627577,100.66815889878193,58.26363253973961,58.26363253973961,55.35280719227511,32.38390382326064,,,136.11202087839047,76.7302620292537
"W kernel support pred, ff11 [pixels]",,,,,122.0744151591819,131.82045683539718,111.27154174095725,54.98553017185029,105.63842741428279,51.66124543695945,57.02304870137652,112.76707142195829,112.76707142195829,117.43827599752291,117.43827599752291,112.28063408742206,64.80698151428571,64.80698151428571,61.54603221346874,35.7641621875573,,,151.96452378073235,85.48460090404102
W kernel support bw0 [pixels],2.500210065052879,4.071880408767995,5.260012510587015,5.260012510587015,2.303745971928426,9.87073038993468,2.1033165776747054,4.126724302868914,1.998444553700376,3.8718198639831978,4.282516153042142,1.3830828278708382,1.3830828278708382,1.4393330989131947,1.4393330989131947,2.1220762160065294,2.260650409667044,2.260650409667044,2.145929158502021,2.6352554827997285,2.378119575540295,2.907259033566545,1.3243784171161532,6.433310535059045
W kernel support bw1 [pixels],3.304383963301994,5.3830599609372936,6.955062619584535,6.955062619584535,3.1248892537017228,13.405366474285701,2.85289208069638,5.599648001523167,2.7105812374351546,5.253520551059022,5.811206110306787,1.875656424279072,1.875656424279072,1.9519682091539157,1.9519682091539157,2.878349412240168,3.0664037757587965,3.0664037757587965,2.9107187506136403,3.5748146381095256,3.1429493499497183,3.842650812635595,1.796017216069556,8.732815072783048
W kernel support bw2 [pixels],4.4036757420315995,7.176336583561802,9.27413924765735,9.27413924765735,3.879875944460167,16.66118633834177,3.5420304478243367,6.954635112264165,3.36527571418084,6.524500675857088,7.2175528433435545,2.32839496178523,2.32839496178523,2.4231562885676685,2.4231562885676685,3.573649904239241,3.8072298461191734,3.8072298461191734,3.613854734699576,4.438769494874265,4.188412415494922,5.12149599921572,2.2295038214448257,10.849403895741597
W kernel support bw3 [pixels],5.830910907090811,9.506015693866534,12.28811918445195,12.28811918445195,5.2644592695515735,22.645511120944803,4.8057484087005795,9.441220093930236,4.565778150291675,7.950876503380222,9.798521623175422,3.1583410885698484,3.1583410885698484,3.2869470980170252,3.2869470980170252,4.848677815433754,5.165819802303231,5.165819802303231,4.903264101777668,6.023400507055229,5.545688918445234,6.782131091528474,3.0241349574512495,14.736344845531335
W kernel support bw4 [pixels],7.76905195600006,12.67197591288658,16.386015704372525,16.386015704372525,7.7353434436095405,33.363396469236804,7.060638511216903,13.883438600631601,6.707717125845244,13.022606481647296,14.40973238431258,4.638462893287856,4.638462893287856,4.8274950958865634,4.8274950958865634,7.1237775054295165,7.590248206599723,7.590248206599723,7.204062413507661,8.851883893974907,7.388711389932,9.037681554361358,4.4412101747743655,21.688033376827715
W kernel support bw5 [pixels],10.319165312137494,16.84127290175738,21.785735018019327,21.785735018019327,9.969529964123724,43.09230943214884,9.099225107572595,17.904776084292074,8.644036118256532,16.79323143080896,18.5844220581712,5.97583705452005,5.97583705452005,6.219534590790941,6.219534590790941,9.180663526317879,9.782361409105597,9.782361409105597,9.284218676888326,11.410004591834053,9.813487493741935,12.006153338314952,5.721553044533069,27.9887026645196
W kernel support bw6 [pixels],13.729253223655908,22.422445537750225,29.018994710843167,29.018994710843167,14.024038328002504,47.70611257772486,12.798128722885153,25.212533616030246,12.157055115697046,23.64418488512253,26.171653051090242,8.400783912172244,8.400783912172244,8.74374536609114,8.74374536609114,12.912831647775194,13.760371250940901,13.760371250940901,13.058688479737045,16.053645017922722,13.055675813120097,15.976841343522354,8.042949678701891,39.454870825375735
W kernel support bw7 [pixels],20.763236928517056,33.56641753457723,45.09913102949984,45.09913102949984,17.729818027026194,77.12134191864662,16.178241299179906,31.901892616167043,15.366972803588009,29.914183846999062,33.11763975123785,10.615064055462375,10.615064055462375,11.048812329566239,11.048812329566239,16.32340398156613,17.396084233011454,17.396084233011454,16.50799705116499,20.299174323555885,19.51826796626213,23.896104300265325,10.162532802292406,49.96721801015469
W kernel support bw8 [pixels],,,,,20.35283531747477,88.69653562121077,18.57040327883632,36.642091623715125,17.63851021893093,34.356579187845426,38.04011267326382,12.18126300188611,12.18126300188611,12.679303895170865,12.679303895170865,18.737155685922104,19.969428959233888,19.969428959233888,18.949205486326,23.30491662981052,,,11.661675346906287,57.42511121290373
W kernel support bw9 [pixels],,,,,23.693733225302555,103.48771772001373,21.616880546418592,42.68560370133942,20.53117311613462,40.019694161669264,44.316487265883126,14.174864328129052,14.174864328129052,14.754829795821024,14.754829795821024,21.811164829184097,23.24697214266036,23.24697214266036,22.058229048406126,27.134048311124182,,,13.569836308031721,66.94320797793279
W kernel support bw10 [pixels],,,,,26.892690856130894,117.69802844753056,24.533545305495924,48.47829526622717,23.30038299870363,45.44707051770927,50.332844761199425,16.082531838225876,16.082531838225876,16.740977082584433,16.740977082584433,24.754224880586914,26.385179839456786,26.385179839456786,25.034858788032462,30.801253656859412,,,15.39566198408457,76.07583789271027
W kernel support bw11 [pixels],,,,,29.976975569164175,131.44060575139181,27.345321724578813,54.068553968822386,25.969836151986748,50.684162024223745,56.13936304590174,17.920729937938237,17.920729937938237,18.654873233059078,18.654873233059078,27.591479519271086,29.410815968823496,29.410815968823496,27.90451743433649,34.33766586385719,,,17.154924326634728,84.8976854320727
"W kernel support bw, ff0 [pixels]",10.307815014317619,10.79723159255689,11.299014630114074,11.299014630114074,10.2619318601897,14.051025529504244,10.218803287367912,10.818033715601414,10.19773409313141,10.72338514924904,10.878416456500775,10.095192821771716,10.095192821771716,10.103052992518007,10.103052992518007,10.222681031243251,10.252343160211122,10.252343160211122,10.22765916294189,10.341400846095564,10.27888382634846,10.414036445502497,10.087317690631295,11.890646931117821
"W kernel support bw, ff1 [pixels]",10.531806747986188,11.356818856662557,12.180841351989693,12.180841351989693,10.476876101582022,16.724349024996553,10.398990009808651,11.461067041988821,10.360851830073408,11.295993899626518,11.565903183775443,10.174383864487291,10.174383864487291,10.188728080067087,10.188728080067087,10.406002851188507,10.459580876688502,10.459580876688502,10.41500281541843,10.619759870017878,10.482276976704506,10.71288781178301,10.160003830728522,13.276372211392191
"W kernel support bw, ff2 [pixels]",10.926681108230328,12.308525775273312,13.638535800625318,13.638535800625318,10.726296534424204,19.431807177947874,10.608768999903555,12.180597257307936,10.551070117881663,11.94023069581403,12.33260187658941,10.267493515852193,10.267493515852193,10.28939679470206,10.28939679470206,10.61936785491816,10.70023360030895,10.70023360030895,10.632965063589298,10.940871749025593,10.841715665072202,11.235200099240895,10.245520352321646,14.754984408427308
"W kernel support bw, ff3 [pixels]",11.575816256594202,13.797258219372312,15.842912392969167,15.842912392969167,11.301085408082157,24.755184788824238,11.094828424438484,13.752695621660214,10.993012786205648,12.775618856713114,14.000393780170482,10.486902232392012,10.486902232392012,10.52634890287998,10.52634890287998,11.113490745840364,11.255473967357759,11.255473967357759,11.13741437012117,11.673960496266604,11.434800635785754,12.082934334948495,10.447267214007626,17.80898254832145
"W kernel support bw, ff4 [pixels]",12.663260571236316,16.14245872030583,19.19639316809132,19.19639316809132,12.64260804543877,34.82981802943396,12.241430316187698,17.1099347566701,12.041323392399923,16.41914369191774,17.539680367313046,11.023399566939789,11.023399566939789,11.104265347190188,11.104265347190188,12.2779560980997,12.554356528225185,12.554356528225185,12.3247115689461,13.354993390953528,12.433545592618016,13.47886077819797,10.941862173164097,23.882436888943996
"W kernel support bw, ff5 [pixels]",14.36959194755445,19.586435943056806,23.971196262918408,23.971196262918408,14.120606492129182,44.23739517869541,13.520203310537882,20.50807174330725,13.218145120012997,19.545143179028127,21.104045660399816,11.649490482513597,11.649490482513597,11.776358118112961,11.776358118112961,13.575145773930512,13.98908841698981,13.98908841698981,13.645391765731096,15.171954547311106,14.01087209240843,15.625226973811653,11.521118402369,29.721498563209874
"W kernel support bw, ff6 [pixels]",16.98506385266968,24.551294546181776,30.69368101137339,30.69368101137339,17.224216993096764,48.74292951063321,16.241677832278842,27.123271398182315,15.741473536047879,25.671920046655195,28.017055937886145,13.060366393750675,13.060366393750675,13.283564394658546,13.283564394658546,16.33221421497357,17.01022683457575,17.01022683457575,16.447776287717957,18.913474518487476,16.445384487365722,18.84832775914312,12.833122750684295,40.70241800983186
"W kernel support bw, ff7 [pixels]",23.045867476615726,35.0243399096339,46.19449772013973,46.19449772013973,20.355501646273986,77.7669684334731,19.019345192053542,33.43248050165368,18.33422627618121,31.541375924839734,34.59448023446471,14.583538147567939,14.583538147567939,14.902223119185102,14.902223119185102,19.142975671128273,20.06548645415879,20.06548645415879,19.3006208874552,22.62866496764912,21.930863740464364,25.904127098382585,14.257526887846613,50.95805015573425
"W kernel support bw, ff8 [pixels]",,,,,22.676814270532983,89.25847540264573,21.091701636866922,37.98213894135945,20.276021373615947,35.78232152181707,39.332558678461375,15.760176658943877,15.760176658943877,16.14821189067369,16.14821189067369,21.23866764179154,22.333340389603368,22.333340389603368,21.425974623409957,25.359793751574934,,,15.362118079764974,58.289307748628836
"W kernel support bw, ff9 [pixels]",,,,,25.71756197915748,103.96974424753213,23.817840467979675,43.84131343091584,22.837010958632238,41.25016267596462,45.430727966731745,17.34724124236662,17.34724124236662,17.82428125629889,17.82428125629889,23.994309975613746,25.30655475961963,25.30655475961963,24.219113706986633,28.91810121274253,,,16.856466338671815,67.68598890743019
"W kernel support bw, ff10 [pixels]",,,,,28.69175528759832,118.12208049486647,26.493298119653225,49.498940513100926,25.355627538798505,46.53424780354399,51.31661779341075,18.937999639020724,18.937999639020724,19.500264451530324,19.500264451530324,26.69778360536073,28.216621256991008,28.216621256991008,26.95819271644014,32.38390382326064,,,18.358279002351686,76.7302620292537
"W kernel support bw, ff11 [pixels]",,,,,31.60093454748238,131.82045683539718,29.11643213411839,54.98553017185029,27.828625365997468,51.66124543695945,57.023048701376524,20.522001888424917,20.522001888424917,21.166111956179012,21.166111956179012,29.34773827848333,31.06438629607872,31.06438629607872,29.64223495695271,35.7641621875573,,,19.856772866016367,85.48460090404102
-- I/O --,,,,,,,,,,,,,,,,,,,,,,,,
Visibility Buffer [PetaBytes],11.79660516904192,12.738016150411003,11.79660516904192,11.79660516904192,5.18522443962308,0.32406752516500914,6.39630715249548,1.1914559999999998,3.7550875781415987,0.027428195196651312,5.120573970193088,0.23584145480395563,0.23584145480395563,15.534329921756584,15.534329921756584,11.504461209949055,12.974414343922646,12.974414343922646,13.315159628954358,15.616652083199998,8.28232973512208,16.46046216192,15.616652083199998,15.616652083199998
Working (cache) memory [TeraBytes],0.05160382040454717,0.023270763594894852,0.050363973843728566,0.050363973843728566,0.9018273834047505,0.011530758310303662,0.8414176330296249,0.01829210792615297,0.5758634837879653,1.966810201740922e-05,0.08797933286289236,1.5755574962971286,1.5755574962971286,2.404335377489919,2.404335377489919,1.5551521150135639,0.33050397762927913,0.33050397762927913,0.2894532885741764,0.061548321712617295,0.03042107462133454,0.01086321957025175,5.247748957125727,0.9255137012622696
I/O Rate [TeraBytes/s],12.015060820320473,0.7371537124080442,3.0037652050801182,3.0037652050801182,11.882806007469556,0.018753907706308397,14.658203891135473,0.06894999999999998,11.734648681692493,0.002164472474483216,1.303849853521388,46.870027151644294,46.870027151644294,63.28801079234164,63.28801079234164,26.364390272799916,13.21468127621751,13.21468127621751,13.561736659120177,0.9037414399999999,8.435706211698413,0.9525730417777777,99.41155839999999,0.9037414399999999
-- Compute --,,,,,,,,,,,,,,,,,,,,,,,,
Total Compute Requirement [PetaFLOPS],21.402693776293294,2.0583811774452183,18.86401200000619,18.86401200000619,50.55380438495892,0.18398868775711305,51.385974969292796,0.5037370161939806,36.979100021773405,0.003679506606913239,10.82976338143274,93.23091650496767,93.23091650496767,136.93392220911272,136.93392220911272,94.09457157535834,36.59963203839881,36.59963203839881,33.94852274463147,3.1749012735318933,14.271187853928039,2.5331590240150472,241.58616080643554,15.620203660796824
-> Gridding [PetaFLOPS],3.112409446244982,0.3677981330874992,3.1277467895943367,3.1277467895943367,4.605862541431131,0.025751423110949644,4.829763432053102,0.07702118748129287,3.55098015628803,0.0009889530712902507,1.6270253462205226,8.685214798946422,8.685214798946422,12.567071890565453,12.567071890565453,8.801730881202394,4.394296002809193,4.394296002809193,4.186868996133012,0.6155076300073103,2.0561717487416873,0.5533730292100038,21.231519611163982,1.9703855766693348
-> FFT [PetaFLOPS],9.950442194691526,0.5056544300121252,7.060991387437797,7.060991387437797,29.577105842489463,0.050427317407109006,29.902792843018357,0.16235505225690328,21.332627227228883,0.0004025198395056262,4.401161371763019,54.72369025814179,54.72369025814179,80.8050460042884,80.8050460042884,55.06778808734832,19.35019236656542,19.35019236656542,17.72438288308198,0.8110350931861421,6.804087851361137,0.5228393062771397,143.3152689278759,5.626565295183314
-> Phase Rotation [PetaFLOPS],0.03006474340944487,0.0,0.0,0.0,0.028489256532472106,0.0,0.03504918966621396,0.0,0.02813919566815872,0.0,0.0,0.11044711877312112,0.11044711877312112,0.1491690772922235,0.1491690772922235,0.06288772186521983,0.03223310210965483,0.03223310210965483,0.033079635385789986,0.0,0.021108286033701098,0.0,0.23963258923645134,0.0
-> Projection [PetaFLOPS],0.13236988639131117,0.25003767579910213,0.11401203984080836,0.11401203984080836,0.3731482811796389,0.031223591740667484,0.3060592802468812,0.04899230385368531,0.2725089515922814,0.0001554813785166082,0.10603102634889226,0.3143277682739669,0.3143277682739669,0.35642838245377884,0.35642838245377884,0.3287550535782619,0.1081689552741438,0.1081689552741438,0.08782529324884,0.24143350327691362,0.06482049806689347,0.1792719681321337,0.6044543881047567,1.6687354149192442
-> Convolution [PetaFLOPS],8.177407505556026,0.9348909385464915,8.561261783133249,8.561261783133249,15.969198463326217,0.07658635549838692,16.312310224308238,0.2153684726020992,11.794844490996063,0.002132552317600754,4.695545637100303,29.397236560832358,29.397236560832358,43.05620685451286,43.05620685451286,29.83340983136415,12.714741611640395,12.714741611640395,11.916365936781844,1.5069250470615272,5.32499946972462,1.2776747203957701,76.19528529005454,6.354517374024928
