,01c [bldta],01s [bldta],02A [bldta],02B [bldta],13c [bldta],13s [Bmax=40000] [bldta],14c [bldta],14s [bldta],15c [bldta],15s [Bmax=13000] [bldta],22 [bldta],27 [bldta],33 [bldta],37a [bldta],37b [bldta],37c [bldta],38a [bldta],38b [bldta],max_Band5_MID_continuum [bldta],max_Band5_MID_spectral [bldta],max_LOW_continuum [bldta],max_LOW_spectral [bldta],max_MID_continuum [bldta],max_MID_spectral [bldta]
-- Parameters --,,,,,,,,,,,,,,,,,,,,,,,,
Telescope,SKA1_Low_rebaselined,SKA1_Low_rebaselined,SKA1_Low_rebaselined,SKA1_Low_rebaselined,SKA1_Mid_rebaselined,SKA1_Mid_rebaselined,SKA1_Mid_rebaselined,SKA1_Mid_rebaselined,SKA1_Mid_rebaselined,SKA1_Mid_rebaselined,SKA1_Mid_rebaselined,SKA1_Mid_rebaselined,SKA1_Mid_rebaselined,SKA1_Mid_rebaselined,SKA1_Mid_rebaselined,SKA1_Mid_rebaselined,SKA1_Mid_rebaselined,SKA1_Mid_rebaselined,SKA1_Mid_rebaselined,SKA1_Mid_rebaselined,SKA1_Low_rebaselined,SKA1_Low_rebaselined,SKA1_Mid_rebaselined,SKA1_Mid_rebaselined
Band,HPSO 01c,HPSO 01s,HPSO 02A,HPSO 02B,HPSO 13c,HPSO 13s,HPSO 14c,HPSO 14s,HPSO 15c,HPSO 15s,HPSO 22,HPSO 27,HPSO 33,HPSO 37a,HPSO 37b,HPSO 37c,HPSO 38a,HPSO 38b,HPSO max_Band5_MID_continuum,HPSO max_Band5_MID_spectral,HPSO max_LOW_continuum,HPSO max_LOW_spectral,HPSO max_MID_continuum,HPSO max_MID_spectral
Mode,Continuum,Spectral,Continuum,Continuum,Continuum,Spectral,Continuum,Spectral,Continuum,Spectral,Continuum,Continuum,Continuum,Continuum,Continuum,Continuum,Continuum,Continuum,Continuum,Spectral,Continuum,Spectral,Continuum,Spectral
BL-dependent averaging,True,True,True,True,True,True,True,True,True,True,True,True,True,True,True,True,True,True,True,True,True,True,True,True
On-the-fly kernels,False,False,False,False,False,False,False,False,False,False,False,False,False,False,False,False,False,False,False,False,False,False,False,False
Max # of channels,65536,65536,65536,65536,41000,65536,65536,5000,65536,2500,65536,65536,65536,65536,65536,65536,65536,65536,65536,65536,65536,65536,65536,65536
Max Baseline [m],80000,80000,80000,80000,150000,40000,150000,150000,150000,13000,150000,150000,150000,150000,150000,150000,150000,150000,150000,150000,80000,80000,150000,150000
Observation Time [s],21600,21600,21600,21600,21600,21600,21600,21600,15840.000000000002,15840.000000000002,21600,442.8,442.8,21600,21600,21600,21600,21600,21600,21600,21600,21600,21600,21600
Snapshot Time [s],51.80578220088858,113.09024371678895,51.9221719512893,51.9221719512893,289.6245163189464,649.3002606639055,382.4474995981702,499.5015876860345,395.5427769160677,198.43871608796223,1372.9629080050581,221.39998987233713,221.39998987233713,372.6041986914155,372.6041986914155,357.53012934615236,1210.2524264427384,1210.2524264427384,1368.956444473175,2336.807585953143,55.23154950920641,103.69001696442317,199.37220834898994,347.397269623955
Facets,1.0,1.0,1.0,1.0,3.0,1.0,3.0,1.0,3.0,1.0,2.0,3.0,3.0,3.0,3.0,3.0,2.0,2.0,2.0,2.0,1.0,1.0,5.0,4.0
Stations/antennas,512,512,512,512,197,197,197,197,197,197,197,197,197,197,197,197,197,197,197,197,512,512,197,197
Max Baseline [per bin]0 [m],4900,4900,4900,4900,5000.0,5000.0,5000.0,5000.0,5000.0,5000.0,5000.0,5000.0,5000.0,5000.0,5000.0,5000.0,5000.0,5000.0,5000.0,5000.0,4900,4900,5000.0,5000.0
Max Baseline [per bin]1 [m],7100,7100,7100,7100,7500.0,7500.0,7500.0,7500.0,7500.0,7500.0,7500.0,7500.0,7500.0,7500.0,7500.0,7500.0,7500.0,7500.0,7500.0,7500.0,7100,7100,7500.0,7500.0
Max Baseline [per bin]2 [m],10400,10400,10400,10400,10000.0,10000.0,10000.0,10000.0,10000.0,10000.0,10000.0,10000.0,10000.0,10000.0,10000.0,10000.0,10000.0,10000.0,10000.0,10000.0,10400,10400,10000.0,10000.0
Max Baseline [per bin]3 [m],15100,15100,15100,15100,15000.0,15000.0,15000.0,15000.0,15000.0,13000.0,15000.0,15000.0,15000.0,15000.0,15000.0,15000.0,15000.0,15000.0,15000.0,15000.0,15100,15100,15000.0,15000.0
Max Baseline [per bin]4 [m],22100,22100,22100,22100,25000.0,25000.0,25000.0,25000.0,25000.0,,25000.0,25000.0,25000.0,25000.0,25000.0,25000.0,25000.0,25000.0,25000.0,25000.0,22100,22100,25000.0,25000.0
Max Baseline [per bin]5 [m],32200,32200,32200,32200,35000.0,35000.0,35000.0,35000.0,35000.0,,35000.0,35000.0,35000.0,35000.0,35000.0,35000.0,35000.0,35000.0,35000.0,35000.0,32200,32200,35000.0,35000.0
Max Baseline [per bin]6 [m],47000,47000,47000,47000,55000.0,40000.0,55000.0,55000.0,55000.0,,55000.0,55000.0,55000.0,55000.0,55000.0,55000.0,55000.0,55000.0,55000.0,55000.0,47000,47000,55000.0,55000.0
Max Baseline [per bin]7 [m],80000,80000,80000,80000,75000.0,,75000.0,75000.0,75000.0,,75000.0,75000.0,75000.0,75000.0,75000.0,75000.0,75000.0,75000.0,75000.0,75000.0,80000,80000,75000.0,75000.0
Max Baseline [per bin]8 [m],,,,,90000.0,,90000.0,90000.0,90000.0,,90000.0,90000.0,90000.0,90000.0,90000.0,90000.0,90000.0,90000.0,90000.0,90000.0,,,90000.0,90000.0
Max Baseline [per bin]9 [m],,,,,110000.0,,110000.0,110000.0,110000.0,,110000.0,110000.0,110000.0,110000.0,110000.0,110000.0,110000.0,110000.0,110000.0,110000.0,,,110000.0,110000.0
Max Baseline [per bin]10 [m],,,,,130000.0,,130000.0,130000.0,130000.0,,130000.0,130000.0,130000.0,130000.0,130000.0,130000.0,130000.0,130000.0,130000.0,130000.0,,,130000.0,130000.0
Max Baseline [per bin]11 [m],,,,,150000.0,,150000.0,150000.0,150000.0,,150000.0,150000.0,150000.0,150000.0,150000.0,150000.0,150000.0,150000.0,150000.0,150000.0,,,150000.0,150000.0
Baseline fraction [per bin]0,0.524239919747576,0.524239919747576,0.524239919747576,0.524239919747576,0.6148904201149844,0.6148904201149844,0.6148904201149844,0.6148904201149844,0.6148904201149844,0.6148904201149844,0.6148904201149844,0.6148904201149844,0.6148904201149844,0.6148904201149844,0.6148904201149844,0.6148904201149844,0.6148904201149844,0.6148904201149844,0.6148904201149844,0.6148904201149844,0.524239919747576,0.524239919747576,0.6148904201149844,0.6148904201149844
Baseline fraction [per bin]1,0.079116159492088389,0.079116159492088389,0.079116159492088389,0.079116159492088389,0.050619138909465761,0.050619138909465761,0.050619138909465761,0.050619138909465761,0.050619138909465761,0.050619138909465761,0.050619138909465761,0.050619138909465761,0.050619138909465761,0.050619138909465761,0.050619138909465761,0.050619138909465761,0.050619138909465761,0.050619138909465761,0.050619138909465761,0.050619138909465761,0.079116159492088389,0.079116159492088389,0.050619138909465761,0.050619138909465761
Baseline fraction [per bin]2,0.059153457094084663,0.059153457094084663,0.059153457094084663,0.059153457094084663,0.028392311305309354,0.028392311305309354,0.028392311305309354,0.028392311305309354,0.028392311305309354,0.028392311305309354,0.028392311305309354,0.028392311305309354,0.028392311305309354,0.028392311305309354,0.028392311305309354,0.028392311305309354,0.028392311305309354,0.028392311305309354,0.028392311305309354,0.028392311305309354,0.059153457094084663,0.059153457094084663,0.028392311305309354,0.028392311305309354
Baseline fraction [per bin]3,0.091502783190849729,0.091502783190849729,0.091502783190849729,0.091502783190849729,0.050878192809514208,0.050878192809514208,0.050878192809514208,0.050878192809514208,0.050878192809514208,0.030526915685708523,0.050878192809514208,0.050878192809514208,0.050878192809514208,0.050878192809514208,0.050878192809514208,0.050878192809514208,0.050878192809514208,0.050878192809514208,0.050878192809514208,0.050878192809514208,0.091502783190849729,0.091502783190849729,0.050878192809514208,0.050878192809514208
Baseline fraction [per bin]4,0.073959481192604051,0.073959481192604051,0.073959481192604051,0.073959481192604051,0.071395264513350903,0.071395264513350903,0.071395264513350903,0.071395264513350903,0.071395264513350903,,0.071395264513350903,0.071395264513350903,0.071395264513350903,0.071395264513350903,0.071395264513350903,0.071395264513350903,0.071395264513350903,0.071395264513350903,0.071395264513350903,0.071395264513350903,0.073959481192604051,0.073959481192604051,0.071395264513350903,0.071395264513350903
Baseline fraction [per bin]5,0.10568718038943128,0.10568718038943128,0.10568718038943128,0.10568718038943128,0.03756282060702424,0.03756282060702424,0.03756282060702424,0.03756282060702424,0.03756282060702424,,0.03756282060702424,0.03756282060702424,0.03756282060702424,0.03756282060702424,0.03756282060702424,0.03756282060702424,0.03756282060702424,0.03756282060702424,0.03756282060702424,0.03756282060702424,0.10568718038943128,0.10568718038943128,0.03756282060702424,0.03756282060702424
Baseline fraction [per bin]6,0.060915910793908408,0.060915910793908408,0.060915910793908408,0.060915910793908408,0.057354541210725286,0.014338635302681322,0.057354541210725286,0.057354541210725286,0.057354541210725286,,0.057354541210725286,0.057354541210725286,0.057354541210725286,0.057354541210725286,0.057354541210725286,0.057354541210725286,0.057354541210725286,0.057354541210725286,0.057354541210725286,0.057354541210725286,0.060915910793908408,0.060915910793908408,0.057354541210725286,0.057354541210725286
Baseline fraction [per bin]7,0.0054251080994574897,0.0054251080994574897,0.0054251080994574897,0.0054251080994574897,0.054815812710250551,,0.054815812710250551,0.054815812710250551,0.054815812710250551,,0.054815812710250551,0.054815812710250551,0.054815812710250551,0.054815812710250551,0.054815812710250551,0.054815812710250551,0.054815812710250551,0.054815812710250551,0.054815812710250551,0.054815812710250551,0.0054251080994574897,0.0054251080994574897,0.054815812710250551,0.054815812710250551
Baseline fraction [per bin]8,,,,,0.017356613603245682,,0.017356613603245682,0.017356613603245682,0.017356613603245682,,0.017356613603245682,0.017356613603245682,0.017356613603245682,0.017356613603245682,0.017356613603245682,0.017356613603245682,0.017356613603245682,0.017356613603245682,0.017356613603245682,0.017356613603245682,,,0.017356613603245682,0.017356613603245682
Baseline fraction [per bin]9,,,,,0.015180560602838761,,0.015180560602838761,0.015180560602838761,0.015180560602838761,,0.015180560602838761,0.015180560602838761,0.015180560602838761,0.015180560602838761,0.015180560602838761,0.015180560602838761,0.015180560602838761,0.015180560602838761,0.015180560602838761,0.015180560602838761,,,0.015180560602838761,0.015180560602838761
Baseline fraction [per bin]10,,,,,0.0010880265302034607,,0.0010880265302034607,0.0010880265302034607,0.0010880265302034607,,0.0010880265302034607,0.0010880265302034607,0.0010880265302034607,0.0010880265302034607,0.0010880265302034607,0.0010880265302034607,0.0010880265302034607,0.0010880265302034607,0.0010880265302034607,0.0010880265302034607,,,0.0010880265302034607,0.0010880265302034607
Baseline fraction [per bin]11,,,,,0.00046629708308719751,,0.00046629708308719751,0.00046629708308719751,0.00046629708308719751,,0.00046629708308719751,0.00046629708308719751,0.00046629708308719751,0.00046629708308719751,0.00046629708308719751,0.00046629708308719751,0.00046629708308719751,0.00046629708308719751,0.00046629708308719751,0.00046629708308719751,,,0.00046629708308719751,0.00046629708308719751
-- Image --,,,,,,,,,,,,,,,,,,,,,,,,
Facet FoV size [deg],30.927349711913482,17.181860951063044,30.927349711913482,30.927349711913482,2.8394731950555787,3.943712770910526,1.8729976397772585,2.3880487372046404,1.7253597803694514,2.192475334391248,0.336445157172043,2.059977747089322,2.059977747089322,2.0254337279786587,2.0254337279786587,2.059977747089322,0.43846775907953106,0.43846775907953106,0.36056280270827207,0.2003126681712622,28.28673264661664,15.714851470342577,2.92855283731287,2.0337172481339376
PSF size [arcs],12.616855293763889,12.616855293763889,12.616855293763889,12.616855293763889,0.6536814113146615,2.4513052924299807,0.414812746432146,0.44199349217371975,0.398036867634397,5.007045878775813,0.05174479279247161,0.4656308809464686,0.4656308809464686,0.43004950575276385,0.43004950575276385,0.4656308809464686,0.06455411908949733,0.06455411908949733,0.052802819899117066,0.052802819899117066,11.531210745827075,11.531210745827075,1.026706652111203,1.026706652111203
Pixel size [arcs],2.523371058752778,2.523371058752778,2.523371058752778,2.523371058752778,0.1307362822629323,0.4902610584859961,0.0829625492864292,0.08839869843474395,0.07960737352687941,1.0014091757551624,0.01034895855849432,0.09312617618929371,0.09312617618929371,0.08600990115055276,0.08600990115055276,0.09312617618929371,0.012910823817899467,0.012910823817899467,0.010560563979823412,0.010560563979823412,2.3062421491654153,2.3062421491654153,0.20534133042224062,0.20534133042224062
Facet side length [pixels],44122.90399253433,24512.724440296854,44122.90399253433,44122.90399253433,78188.72714799814,28958.787832591905,81275.12427226122,97252.28545398785,78024.11930137077,7881.804356202797,117036.17895205617,79633.03329933278,79633.03329933278,84775.83770221911,84775.83770221911,79633.03329933278,122260.51218342193,122260.51218342193,122912.57287297683,68284.76270720933,44155.050051735045,24530.583362075024,51342.757898019525,35654.69298473578
Image side length [pixels],44122.90399253433,24512.724440296854,44122.90399253433,44122.90399253433,234566.1814439944,28958.787832591905,243825.37281678367,97252.28545398785,234072.35790411232,7881.804356202797,234072.35790411237,238899.09989799836,238899.09989799836,254327.5131066574,254327.5131066574,238899.09989799836,244521.02436684386,244521.02436684386,245825.14574595363,136569.52541441866,44155.050051735045,24530.583362075024,256713.7894900976,142618.77193894313
Epsilon (approx),0.6666666666666672,0.342997170285018,0.6666666666666672,0.6666666666666672,0.4441757193189375,0.24373333911071637,0.4441757193189375,0.24373333911071637,0.4441757193189375,0.24373333911071637,0.4441757193189375,0.4441757193189375,0.4441757193189375,0.4441757193189375,0.4441757193189375,0.4441757193189375,0.4441757193189375,0.4441757193189375,0.4441757193189375,0.24373333911071637,0.6666666666666672,0.342997170285018,0.4441757193189375,0.24373333911071637
Qbw,2.2049999999999983,4.285749642711291,2.2049999999999983,2.2049999999999983,3.309501028678418,6.031181476294671,3.309501028678418,6.031181476294671,3.309501028678418,6.031181476294671,3.309501028678418,3.309501028678418,3.309501028678418,3.309501028678418,3.309501028678418,3.309501028678418,3.309501028678418,3.309501028678418,3.309501028678418,6.031181476294671,2.2049999999999983,4.285749642711291,3.309501028678418,6.031181476294671
Max subband ratio,1.35,1.35,1.35,1.35,1.35,1.35,1.35,1.35,1.35,1.35,1.35,1.35,1.35,1.35,1.35,1.35,1.35,1.35,1.35,1.35,1.35,1.35,1.35,1.35
Number subbands,5.0,5.0,5.0,5.0,1.0,1.0,1.0,1.0,1.0,1.0,1.0,2.0,2.0,2.0,2.0,2.0,2.0,2.0,2.0,2.0,7.0,7.0,4.0,4.0
Station/antenna diameter,35,35,35,35,13.5,13.5,13.5,13.5,13.5,13.5,13.5,13.5,13.5,13.5,13.5,13.5,13.5,13.5,13.5,13.5,35,35,13.5,13.5
-- Channelization --,,,,,,,,,,,,,,,,,,,,,,,,
Ionospheric timescale [s],10.0,10.0,10.0,10.0,10.0,10.0,10.0,10.0,10.0,10.0,10.0,10.0,10.0,10.0,10.0,10.0,10.0,10.0,10.0,10.0,10.0,10.0,10.0,10.0
Coalesce time pred0 [s],1.2,1.2,1.2,1.2,1.2,1.2,1.2,1.2,1.2,1.2,1.2,1.2,1.2,1.2,1.2,1.2,1.2,1.2,1.2,1.2,1.2,1.2,1.2,1.2
Coalesce time pred1 [s],1.2,1.2,1.2,1.2,1.2,1.2,1.2,1.2,1.2,1.2,1.2,1.2,1.2,1.2,1.2,1.2,1.2,1.2,1.2,1.2,1.2,1.2,1.2,1.2
Coalesce time pred2 [s],1.2,1.2,1.2,1.2,1.2,1.2,1.2,1.2,1.2,1.2,1.2,1.2,1.2,1.2,1.2,1.2,1.2,1.2,1.2,1.2,1.2,1.2,1.2,1.2
Coalesce time pred3 [s],1.2,1.2,1.2,1.2,1.12,1.0500000000000003,0.9800000000000001,1.12,1.12,1.2,1.12,1.12,1.12,0.9800000000000001,0.9800000000000001,1.12,0.9800000000000001,0.9800000000000001,0.9800000000000001,0.9800000000000001,1.2,1.2,0.9800000000000001,0.9800000000000001
Coalesce time pred4 [s],1.2,1.2,1.2,1.2,0.56,0.5250000000000001,0.56,0.7000000000000001,0.56,1.2,0.56,0.56,0.56,0.56,0.56,0.56,0.56,0.56,0.56,0.56,1.2,1.2,0.56,0.56
Coalesce time pred5 [s],1.2,1.2,1.2,1.2,0.42000000000000004,0.5250000000000001,0.42000000000000004,0.42000000000000004,0.42000000000000004,1.2,0.42000000000000004,0.42000000000000004,0.42000000000000004,0.42000000000000004,0.42000000000000004,0.42000000000000004,0.42000000000000004,0.42000000000000004,0.42000000000000004,0.42000000000000004,1.2,1.2,0.42000000000000004,0.42000000000000004
Coalesce time pred6 [s],0.9,0.9,0.9,0.9,0.28,0.5250000000000001,0.28,0.28,0.28,1.2,0.28,0.28,0.28,0.28,0.28,0.28,0.28,0.28,0.28,0.28,0.9,0.9,0.28,0.28
Coalesce time pred7 [s],0.9,0.9,0.9,0.9,0.14,0.5250000000000001,0.14,0.14,0.14,1.2,0.14,0.14,0.14,0.14,0.14,0.14,0.14,0.14,0.14,0.14,0.9,0.9,0.14,0.14
Coalesce time pred8 [s],,,,,0.14,0.5250000000000001,0.14,0.14,0.14,1.2,0.14,0.14,0.14,0.14,0.14,0.14,0.14,0.14,0.14,0.14,,,0.14,0.14
Coalesce time pred9 [s],,,,,0.14,0.5250000000000001,0.14,0.14,0.14,1.2,0.14,0.14,0.14,0.14,0.14,0.14,0.14,0.14,0.14,0.14,,,0.14,0.14
Coalesce time pred10 [s],,,,,0.14,0.5250000000000001,0.14,0.14,0.14,1.2,0.14,0.14,0.14,0.14,0.14,0.14,0.14,0.14,0.14,0.14,,,0.14,0.14
Coalesce time pred11 [s],,,,,0.14,0.5250000000000001,0.14,0.14,0.14,1.2,0.14,0.14,0.14,0.14,0.14,0.14,0.14,0.14,0.14,0.14,,,0.14,0.14
Coalesce time bw0 [s],10.0,10.0,10.0,10.0,8.4,3.150000000000001,8.05,3.5000000000000004,8.4,3.2307692307692313,5.6000000000000005,8.4,8.4,8.05,8.05,8.4,5.366666666666667,5.366666666666667,5.366666666666667,5.366666666666667,10.0,10.0,10.0,10.0
Coalesce time bw1 [s],8.1,8.1,8.1,8.1,5.6000000000000005,2.1000000000000005,5.250000000000001,2.24,5.6000000000000005,1.6153846153846156,3.733333333333334,5.6000000000000005,5.6000000000000005,5.250000000000001,5.250000000000001,5.6000000000000005,3.5000000000000004,3.5000000000000004,3.5000000000000004,3.5000000000000004,8.1,8.1,8.75,7.000000000000001
Coalesce time bw2 [s],5.4,5.4,5.4,5.4,4.2,1.5750000000000004,3.8500000000000005,1.6800000000000002,4.2,1.6153846153846156,2.8000000000000003,4.2,4.2,3.8500000000000005,3.8500000000000005,4.2,2.566666666666667,2.566666666666667,2.566666666666667,2.566666666666667,5.4,5.4,6.416666666666667,5.133333333333334
Coalesce time bw3 [s],3.6,3.6,3.6,3.6,2.8000000000000003,1.0500000000000003,2.45,1.12,2.8000000000000003,1.6153846153846156,1.866666666666667,2.8000000000000003,2.8000000000000003,2.45,2.45,2.8000000000000003,1.6333333333333335,1.6333333333333335,1.6333333333333335,1.6333333333333335,3.6,3.6,4.083333333333334,3.266666666666667
Coalesce time bw4 [s],2.7,1.8,2.7,2.7,1.4000000000000001,0.5250000000000001,1.4000000000000001,0.7000000000000001,1.4000000000000001,1.6153846153846156,0.9333333333333335,1.4000000000000001,1.4000000000000001,1.4000000000000001,1.4000000000000001,1.4000000000000001,0.9333333333333335,0.9333333333333335,0.9333333333333335,0.9333333333333335,2.7,1.8,2.3333333333333335,1.866666666666667
Coalesce time bw5 [s],1.8,1.8,1.8,1.8,1.05,0.5250000000000001,1.05,0.42000000000000004,1.05,1.6153846153846156,0.7000000000000001,1.05,1.05,1.05,1.05,1.05,0.7000000000000001,0.7000000000000001,0.7000000000000001,0.7000000000000001,1.8,1.8,1.75,1.4000000000000001
Coalesce time bw6 [s],0.9,0.9,0.9,0.9,0.7000000000000001,0.5250000000000001,0.7000000000000001,0.28,0.7000000000000001,1.6153846153846156,0.46666666666666673,0.7000000000000001,0.7000000000000001,0.7000000000000001,0.7000000000000001,0.7000000000000001,0.46666666666666673,0.46666666666666673,0.46666666666666673,0.46666666666666673,0.9,0.9,1.1666666666666667,0.9333333333333335
Coalesce time bw7 [s],0.9,0.9,0.9,0.9,0.35000000000000003,0.5250000000000001,0.35000000000000003,0.14,0.35000000000000003,1.6153846153846156,0.23333333333333336,0.35000000000000003,0.35000000000000003,0.35000000000000003,0.35000000000000003,0.35000000000000003,0.23333333333333336,0.23333333333333336,0.23333333333333336,0.23333333333333336,0.9,0.9,0.5833333333333334,0.46666666666666673
Coalesce time bw8 [s],,,,,0.35000000000000003,0.5250000000000001,0.35000000000000003,0.14,0.35000000000000003,1.6153846153846156,0.23333333333333336,0.35000000000000003,0.35000000000000003,0.35000000000000003,0.35000000000000003,0.35000000000000003,0.23333333333333336,0.23333333333333336,0.23333333333333336,0.23333333333333336,,,0.5833333333333334,0.46666666666666673
Coalesce time bw9 [s],,,,,0.35000000000000003,0.5250000000000001,0.35000000000000003,0.14,0.35000000000000003,1.6153846153846156,0.23333333333333336,0.35000000000000003,0.35000000000000003,0.35000000000000003,0.35000000000000003,0.35000000000000003,0.23333333333333336,0.23333333333333336,0.23333333333333336,0.23333333333333336,,,0.5833333333333334,0.46666666666666673
Coalesce time bw10 [s],,,,,0.35000000000000003,0.5250000000000001,0.35000000000000003,0.14,0.35000000000000003,1.6153846153846156,0.23333333333333336,0.35000000000000003,0.35000000000000003,0.35000000000000003,0.35000000000000003,0.35000000000000003,0.23333333333333336,0.23333333333333336,0.23333333333333336,0.23333333333333336,,,0.5833333333333334,0.46666666666666673
Coalesce time bw11 [s],,,,,0.35000000000000003,0.5250000000000001,0.35000000000000003,0.14,0.35000000000000003,1.6153846153846156,0.23333333333333336,0.35000000000000003,0.35000000000000003,0.35000000000000003,0.35000000000000003,0.35000000000000003,0.23333333333333336,0.23333333333333336,0.23333333333333336,0.23333333333333336,,,0.5833333333333334,0.46666666666666673
Combined Samples0,14.0,13.0,14.0,14.0,24.0,6.0,23.0,25.0,24.0,2.0,24.0,24.0,24.0,23.0,23.0,24.0,23.0,23.0,23.0,23.0,14.0,13.0,23.0,23.0
Combined Samples1,9.0,9.0,9.0,9.0,16.0,4.0,15.0,16.0,16.0,1.0,16.0,16.0,16.0,15.0,15.0,16.0,15.0,15.0,15.0,15.0,9.0,9.0,15.0,15.0
Combined Samples2,6.0,6.0,6.0,6.0,12.0,3.0,11.0,12.0,12.0,1.0,12.0,12.0,12.0,11.0,11.0,12.0,11.0,11.0,11.0,11.0,6.0,6.0,11.0,11.0
Combined Samples3,4.0,4.0,4.0,4.0,8.0,2.0,7.0,8.0,8.0,1.0,8.0,8.0,8.0,7.0,7.0,8.0,7.0,7.0,7.0,7.0,4.0,4.0,7.0,7.0
Combined Samples4,3.0,2.0,3.0,3.0,4.0,1.0,4.0,5.0,4.0,1.0,4.0,4.0,4.0,4.0,4.0,4.0,4.0,4.0,4.0,4.0,3.0,2.0,4.0,4.0
Combined Samples5,2.0,2.0,2.0,2.0,3.0,1.0,3.0,3.0,3.0,1.0,3.0,3.0,3.0,3.0,3.0,3.0,3.0,3.0,3.0,3.0,2.0,2.0,3.0,3.0
Combined Samples6,1.0,1.0,1.0,1.0,2.0,1.0,2.0,2.0,2.0,1.0,2.0,2.0,2.0,2.0,2.0,2.0,2.0,2.0,2.0,2.0,1.0,1.0,2.0,2.0
Combined Samples7,1.0,1.0,1.0,1.0,1.0,1.0,1.0,1.0,1.0,1.0,1.0,1.0,1.0,1.0,1.0,1.0,1.0,1.0,1.0,1.0,1.0,1.0,1.0,1.0
Combined Samples8,,,,,1.0,1.0,1.0,1.0,1.0,1.0,1.0,1.0,1.0,1.0,1.0,1.0,1.0,1.0,1.0,1.0,,,1.0,1.0
Combined Samples9,,,,,1.0,1.0,1.0,1.0,1.0,1.0,1.0,1.0,1.0,1.0,1.0,1.0,1.0,1.0,1.0,1.0,,,1.0,1.0
Combined Samples10,,,,,1.0,1.0,1.0,1.0,1.0,1.0,1.0,1.0,1.0,1.0,1.0,1.0,1.0,1.0,1.0,1.0,,,1.0,1.0
Combined Samples11,,,,,1.0,1.0,1.0,1.0,1.0,1.0,1.0,1.0,1.0,1.0,1.0,1.0,1.0,1.0,1.0,1.0,,,1.0,1.0
Channels predict (no-smear),23483.615124332395,25357.69099984863,23483.615124332395,23483.615124332395,21760.03326863552,5874.90211016006,26842.397673499825,8377.351095988965,21488.724594920375,66.72140768035355,21488.724594920375,48279.00153236485,48279.00153236485,65190.5312565323,65190.5312565323,48279.00153236485,54447.72758676212,54447.72758676212,55877.680875140846,56572.54569243951,32975.4265816828,35606.9827446091,135602.13352237805,137288.40894903094
Channels backward (no-smear)0,1439.0220074055394,1553.8091629762937,1439.0220074055394,1439.0220074055394,290.2247521464745,734.4434476774929,358.008708207243,279.28085374879674,286.6062635725801,25.664246596024633,429.86382302328974,643.9200286165463,643.9200286165463,869.4688330477134,869.4688330477134,643.9200286165463,1089.1760088165274,1089.1760088165274,1117.780287073192,1131.677583620408,2020.6580841292684,2181.8409106014506,1085.3618872090558,1373.4278293411337
Channels backward (no-smear)1,2084.8023964370545,2251.1266360271425,2084.8023964370545,2084.8023964370545,435.2910290982149,1101.6190674725092,536.9572860809892,418.90275499589205,429.86382302328974,38.494609457539404,644.7501595153672,965.7786943764594,965.7786943764594,1304.070614995905,1304.070614995905,965.7786943764594,1633.6510299688712,1633.6510299688712,1676.554788025041,1697.4007326825986,2927.4556074956,3161.0062248568347,1627.768254954736,2059.86715195982
Channels backward (no-smear)2,3053.4729526440356,3297.102820280685,3053.4729526440356,3053.4729526440356,580.3573044226926,1468.7946866230889,715.9058620235973,558.5246559695574,573.1213808637368,51.32497229224026,859.6364949340269,1287.6373565920976,1287.6373565920976,1738.6723924468527,1738.6723924468527,1287.6373565920976,2178.126048514747,2178.126048514747,2235.3292863182373,2263.123879117549,4287.651854180768,4629.754160708587,2170.174607264631,2746.3064623796045
Channels backward (no-smear)3,4433.094635524015,4786.8264596173585,4433.094635524015,4433.094635524015,870.4898534441417,2203.1459242849523,1073.8030119774014,837.7684576434344,859.6364949340269,66.72140768035355,1289.4091646977774,1931.3546774765398,1931.3546774765398,2607.875942853118,2607.875942853118,1931.3546774765398,3267.07608300433,3267.07608300433,3352.8782802456103,3394.5701693647666,6224.9010282119,6721.607257574179,3254.987296445331,4119.185071013969
Channels backward (no-smear)4,6487.850320557811,7005.563782880562,6487.850320557811,6487.850320557811,1450.7549495332357,3671.8483988277135,1789.5973095663412,1396.2560606678828,1432.6667211420954,128.3071491877274,2148.954502933313,3218.789314993408,3218.789314993408,4346.283038268417,4346.283038268417,3218.789314993408,5444.976148857445,5444.976148857445,5587.976264909225,5657.462746707873,9110.165737425465,9837.133129807215,5424.612656270212,6864.942273636082
Channels backward (no-smear)5,9452.569228770244,10206.884769757768,9452.569228770244,9452.569228770244,2031.020044876308,5140.550873089399,2505.391606269829,1954.7436635588253,2005.6969466105954,179.6286004280895,3008.4998406776094,4506.223950889295,4506.223950889295,6084.6901316340445,6084.6901316340445,4506.223950889295,7622.876213523674,7622.876213523674,7823.074248348689,7920.355322831102,13273.19051986579,14332.391876912034,7594.238009030848,9610.699470687023
Channels backward (no-smear)6,13796.909801136626,14897.929378619174,13796.909801136626,13796.909801136626,3191.550234958787,5874.902110160061,3936.9801989593916,3071.718869253034,3151.7573969500827,282.2715028998748,4727.590515759269,7081.093221344769,7081.093221344769,9561.504316662818,9561.504316662818,7081.093221344769,11978.676341888648,11978.676341888648,12293.27021425803,12446.140474166908,19373.464450029325,20919.503696560292,11933.488708788935,15102.21386022389
Channels backward (no-smear)7,23483.615124332395,25357.69099984863,23483.615124332395,23483.615124332395,4352.080424763118,11015.360769551247,5368.56879132114,4188.694074905575,4297.817847033029,384.9144053664507,6446.6811906974535,9655.962491205197,9655.962491205197,13038.318500950394,13038.318500950394,9655.962491205197,16334.476469786141,16334.476469786141,16763.46617971685,16971.92562505434,32975.42658168279,35606.98274460911,16272.739405947037,20593.728247660394
Channels backward (no-smear)8,,,,,5222.478067072525,13218.414480651934,6442.260235513635,5026.425479104304,5157.363184520282,461.89658221317296,7735.999196790231,11587.114443504672,11587.114443504672,15645.929138975218,15645.929138975218,11587.114443504672,19601.326565676056,19601.326565676056,20116.113153633392,20366.264487998786,,,19527.17742822523,24712.36403777495
Channels backward (no-smear)9,,,,,6383.008256730193,16155.819428625153,7873.848827754904,6143.40068474348,6303.42363444012,564.5394846753744,9455.089871673488,14161.983713092513,14161.983713092513,19122.743322881077,19122.743322881077,14161.983713092513,23957.126693206257,23957.126693206257,24586.309118931273,24892.049638573604,,,23866.428124018337,30203.878424293223
Channels backward (no-smear)10,,,,,7543.5384464037115,19093.224376601953,9305.437419941278,7260.375890433637,7449.484084359903,667.1823871407294,11174.18054640984,16736.85298255884,16736.85298255884,22599.557506801673,22599.557506801673,16736.85298255884,28312.926820804376,28312.926820804376,29056.505084177163,29417.834789399283,,,28205.67881959181,35695.392810509155
Channels backward (no-smear)11,,,,,8704.068635983613,22030.62932496891,10737.026012025985,8377.351095988965,8595.544534254459,769.825289607694,12893.271221261048,19311.722251984575,19311.722251984575,26076.37169047466,26076.37169047466,19311.722251984575,32668.72694857374,32668.72694857374,33526.70104926861,33943.619939647484,,,32544.92951502094,41186.9071966738
Channels predict fft,23483.615124332395,25357.69099984863,23483.615124332395,23483.615124332395,21760.03326863552,5874.90211016006,26842.397673499825,5000.0,21488.724594920375,2500.0,21488.724594920375,48279.00153236485,48279.00153236485,65190.5312565323,65190.5312565323,48279.00153236485,54447.72758676212,54447.72758676212,55877.680875140846,65536.0,32975.4265816828,65536.0,65536.0,65536.0
Channels predict gcf0,500.0,500.0,500.0,500.0,500.0,500.0,500.0,500.0,500.0,500.0,500.0,500.0,500.0,500.0,500.0,500.0,500.0,500.0,500.0,500.0,500.0,613.7881380558788,507.8054023711598,677.5160766564443
Channels predict gcf1,500.0,500.0,500.0,500.0,500.0,500.0,500.0,500.0,500.0,500.0,500.0,500.0,500.0,500.0,500.0,500.0,500.0,500.0,500.0,500.0,500.0,645.7080791450343,651.3951877151753,821.4431989789358
Channels predict gcf2,500.0,523.8050354008501,500.0,500.0,500.0,500.0,500.0,500.0,500.0,500.0,500.0,500.0,500.0,500.0,500.0,500.0,500.0,500.0,500.0,500.0,500.0,699.9792762116499,789.1540075111114,965.1631383372477
Channels predict gcf3,500.0,598.1302653698493,500.0,500.0,500.0,500.0,500.0,500.0,500.0,500.0,500.0,500.0,500.0,500.0,500.0,500.0,500.0,500.0,500.0,500.0,512.5863515562978,784.8427205634422,1049.2188394751063,1244.4994836023131
Channels predict gcf4,500.0,713.0543153079375,500.0,500.0,500.0,500.0,500.0,500.0,500.0,500.0,500.0,500.0,500.0,608.4688682865295,608.4688682865295,500.0,500.0,500.0,500.0,500.0,632.8600221036531,918.4729665175539,1525.1712563542078,1767.783294784693
Channels predict gcf5,580.3484023992205,878.975868617663,581.208657300232,581.208657300232,500.0,500.0,500.0,500.0,500.0,500.0,500.0,500.0,500.0,780.5009097530158,780.5009097530158,572.1515260243705,500.0,500.0,500.0,500.0,801.4050372640872,1114.6352283179283,1962.4404269083632,2253.8194034456774
Channels predict gcf6,751.0643601839881,1114.9934960299531,752.2468190862488,752.2468190862488,500.0,500.0,500.0,500.0,500.0,500.0,500.0,560.6628286322687,560.6628286322687,1096.9466481256372,1096.9466481256372,803.5583055277076,522.5409442830111,522.5409442830111,508.23825841472217,588.3092160850643,1036.0757798898665,1397.334413177499,2765.9779857243566,3150.8492480383384
Channels predict gcf7,1101.3887204112382,1607.507910205013,1103.2072347121948,1103.2072347121948,500.0,688.0968716223349,552.4574714622473,500.0,500.0,500.0,500.0,707.199782341819,707.199782341819,1389.3763658226912,1389.3763658226912,1017.415950923833,657.3412053981563,657.3412053981563,638.7623446712212,729.8278629292264,1518.030808852493,1993.51290799647,3508.6064906129086,3980.672088580194
Channels predict gcf8,,,,,575.085315861354,790.4359555756632,635.1770166833173,500.0,500.0,500.0,500.0,811.6518977055849,811.6518977055849,1597.789170020474,1597.789170020474,1169.821640213704,753.5030594643008,753.5030594643008,731.9053870040506,831.486824729213,,,4038.117747620152,4572.023840029747
Channels predict gcf9,,,,,671.2573179961418,921.45362579338,741.1058496164565,500.0,574.2736070317505,500.0,500.0,945.370294671244,945.370294671244,1864.7098989758758,1864.7098989758758,1364.9943148692785,876.6387948799319,876.6387948799319,851.192173776841,962.1229128028052,,,4716.64823412434,5329.074894299166
Channels predict gcf10,,,,,763.8526965402715,1047.5164570407517,843.0696710954145,500.0,653.1624135095437,500.0,500.0,1074.0079193533975,1074.0079193533975,2121.678187064782,2121.678187064782,1552.868047520094,995.0972333153451,995.0972333153451,965.9543352862432,1088.0734706935657,,,5370.29215236005,6057.462664618723
Channels predict gcf11,,,,,853.562165218569,1169.566356121051,941.8307865148914,500.0,729.5631151170863,500.0,500.0,1198.518642450493,1198.518642450493,2370.6128618570633,2370.6128618570633,1734.84709093616,1109.7398351004888,1109.7398351004888,1077.0195424458218,1210.102024798363,,,6003.889325191947,6762.624891048342
Channels predict,23483.615124332395,25357.69099984863,23483.615124332395,23483.615124332395,21760.03326863552,5874.90211016006,26842.397673499825,5000.0,21488.724594920375,2500.0,21488.724594920375,48279.00153236485,48279.00153236485,65190.5312565323,65190.5312565323,48279.00153236485,54447.72758676212,54447.72758676212,55877.680875140846,65536.0,32975.4265816828,65536.0,65536.0,65536.0
Channels backward gcf0,500.0,500.0,500.0,500.0,500.0,500.0,500.0,500.0,500.0,500.0,500.0,500.0,500.0,500.0,500.0,500.0,500.0,500.0,500.0,500.0,500.0,613.7881380558788,500.0,500.0
Channels backward gcf1,500.0,500.0,500.0,500.0,500.0,500.0,500.0,500.0,500.0,500.0,500.0,500.0,500.0,500.0,500.0,500.0,500.0,500.0,500.0,500.0,500.0,645.7080791450343,500.0,500.0
Channels backward gcf2,500.0,523.8050354008501,500.0,500.0,500.0,500.0,500.0,500.0,500.0,500.0,500.0,500.0,500.0,500.0,500.0,500.0,500.0,500.0,500.0,500.0,500.0,699.9792762116499,500.0,500.0
Channels backward gcf3,500.0,598.1302653698493,500.0,500.0,500.0,500.0,500.0,500.0,500.0,500.0,500.0,500.0,500.0,500.0,500.0,500.0,500.0,500.0,500.0,500.0,512.5863515562978,784.8427205634422,500.0,500.0
Channels backward gcf4,500.0,713.0543153079375,500.0,500.0,500.0,500.0,500.0,500.0,500.0,500.0,500.0,500.0,500.0,500.0,500.0,500.0,500.0,500.0,500.0,500.0,632.8600221036531,918.4729665175539,500.0,529.4104293721331
Channels backward gcf5,580.3484023992205,878.975868617663,581.208657300232,581.208657300232,500.0,500.0,500.0,500.0,500.0,500.0,500.0,500.0,500.0,500.0,500.0,500.0,500.0,500.0,500.0,500.0,801.4050372640872,1114.6352283179283,500.0,575.2088710359654
Channels backward gcf6,751.0643601839881,1114.9934960299531,752.2468190862488,752.2468190862488,500.0,500.0,500.0,500.0,500.0,500.0,500.0,500.0,500.0,500.0,500.0,500.0,500.0,500.0,500.0,500.0,1036.0757798898665,1397.334413177499,500.0,674.6729543688801
Channels backward gcf7,1101.3887204112382,1607.507910205013,1103.2072347121948,1103.2072347121948,500.0,688.0968716223349,500.0,500.0,500.0,500.0,500.0,500.0,500.0,500.0,500.0,500.0,500.0,500.0,500.0,500.0,1518.030808852493,1993.51290799647,500.0,778.0935758298342
Channels backward gcf8,,,,,500.0,790.4359555756632,500.0,500.0,500.0,500.0,500.0,500.0,500.0,500.0,500.0,500.0,500.0,500.0,500.0,500.0,,,518.5574591559533,856.090468221145
Channels backward gcf9,,,,,500.0,921.45362579338,500.0,500.0,500.0,500.0,500.0,500.0,500.0,500.0,500.0,500.0,500.0,500.0,500.0,500.0,,,585.2468210541844,959.4553423088715
Channels backward gcf10,,,,,500.0,1047.5164570407517,500.0,500.0,500.0,500.0,500.0,500.0,500.0,532.2292331190699,532.2292331190699,500.0,500.0,500.0,500.0,527.9901502353575,,,650.7198460197662,1061.5114193455556
Channels backward gcf11,,,,,500.0,1169.566356121051,500.0,500.0,500.0,500.0,500.0,500.0,500.0,590.5629226787928,590.5629226787928,500.0,515.5616117746762,515.5616117746762,501.4826685520037,581.0296455270349,,,714.9286402175574,1162.0021499836378
Channels backward0,1439.0220074055394,1553.8091629762937,1500.0,1500.0,500.0,3200.0,500.0,5000.0,500.0,2500.0,5000.0,643.9200286165463,643.9200286165463,869.4688330477134,869.4688330477134,700.0,1089.1760088165274,1089.1760088165274,1117.780287073192,65536.0,2020.6580841292684,65536.0,1085.3618872090558,65536.0
Channels backward1,2084.8023964370545,2251.1266360271425,2084.8023964370545,2084.8023964370545,500.0,3200.0,536.9572860809892,5000.0,500.0,2500.0,5000.0,965.7786943764594,965.7786943764594,1304.070614995905,1304.070614995905,965.7786943764594,1633.6510299688712,1633.6510299688712,1676.554788025041,65536.0,2927.4556074956,65536.0,1627.768254954736,65536.0
Channels backward2,3053.4729526440356,3297.102820280685,3053.4729526440356,3053.4729526440356,580.3573044226926,3200.0,715.9058620235973,5000.0,573.1213808637368,2500.0,5000.0,1287.6373565920976,1287.6373565920976,1738.6723924468527,1738.6723924468527,1287.6373565920976,2178.126048514747,2178.126048514747,2235.3292863182373,65536.0,4287.651854180768,65536.0,2170.174607264631,65536.0
Channels backward3,4433.094635524015,4786.8264596173585,4433.094635524015,4433.094635524015,870.4898534441417,3200.0,1073.8030119774014,5000.0,859.6364949340269,2500.0,5000.0,1931.3546774765398,1931.3546774765398,2607.875942853118,2607.875942853118,1931.3546774765398,3267.07608300433,3267.07608300433,3352.8782802456103,65536.0,6224.9010282119,65536.0,3254.987296445331,65536.0
Channels backward4,6487.850320557811,7005.563782880562,6487.850320557811,6487.850320557811,1450.7549495332357,3671.8483988277135,1789.5973095663412,5000.0,1432.6667211420954,2500.0,5000.0,3218.789314993408,3218.789314993408,4346.283038268417,4346.283038268417,3218.789314993408,5444.976148857445,5444.976148857445,5587.976264909225,65536.0,9110.165737425465,65536.0,5424.612656270212,65536.0
Channels backward5,9452.569228770244,10206.884769757768,9452.569228770244,9452.569228770244,2031.020044876308,5140.550873089399,2505.391606269829,5000.0,2005.6969466105954,2500.0,5000.0,4506.223950889295,4506.223950889295,6084.6901316340445,6084.6901316340445,4506.223950889295,7622.876213523674,7622.876213523674,7823.074248348689,65536.0,13273.19051986579,65536.0,7594.238009030848,65536.0
Channels backward6,13796.909801136626,14897.929378619174,13796.909801136626,13796.909801136626,3191.550234958787,5874.902110160061,3936.9801989593916,5000.0,3151.7573969500827,2500.0,5000.0,7081.093221344769,7081.093221344769,9561.504316662818,9561.504316662818,7081.093221344769,11978.676341888648,11978.676341888648,12293.27021425803,65536.0,19373.464450029325,65536.0,11933.488708788935,65536.0
Channels backward7,23483.615124332395,25357.69099984863,23483.615124332395,23483.615124332395,4352.080424763118,11015.360769551247,5368.56879132114,5000.0,4297.817847033029,2500.0,6446.6811906974535,9655.962491205197,9655.962491205197,13038.318500950394,13038.318500950394,9655.962491205197,16334.476469786141,16334.476469786141,16763.46617971685,65536.0,32975.42658168279,65536.0,16272.739405947037,65536.0
Channels backward8,,,,,5222.478067072525,13218.414480651934,6442.260235513635,5000.0,5157.363184520282,2500.0,7735.999196790231,11587.114443504672,11587.114443504672,15645.929138975218,15645.929138975218,11587.114443504672,19601.326565676056,19601.326565676056,20116.113153633392,65536.0,,,19527.17742822523,65536.0
Channels backward9,,,,,6383.008256730193,16155.819428625153,7873.848827754904,5000.0,6303.42363444012,2500.0,9455.089871673488,14161.983713092513,14161.983713092513,19122.743322881077,19122.743322881077,14161.983713092513,23957.126693206257,23957.126693206257,24586.309118931273,65536.0,,,23866.428124018337,65536.0
Channels backward10,,,,,7543.5384464037115,19093.224376601953,9305.437419941278,5000.0,7449.484084359903,2500.0,11174.18054640984,16736.85298255884,16736.85298255884,22599.557506801673,22599.557506801673,16736.85298255884,28312.926820804376,28312.926820804376,29056.505084177163,65536.0,,,28205.67881959181,65536.0
Channels backward11,,,,,8704.068635983613,22030.62932496891,10737.026012025985,5000.0,8595.544534254459,2500.0,12893.271221261048,19311.722251984575,19311.722251984575,26076.37169047466,26076.37169047466,19311.722251984575,32668.72694857374,32668.72694857374,33526.70104926861,65536.0,,,32544.92951502094,65536.0
Channels backward fft,500,65536,500,500,500,65536,500,5000,500,2500,500,500,500,500,500,500,500,500,500,65536,500,65536,500,65536
Channels out,500,65536,1500,1500,500,65536,500,5000,500,2500,5000,500,500,700,700,700,1000,1000,500,65536,500,65536,500,65536
Visibilities pred0,1342068434.7032068,1449170261.379078,1342068434.7032068,1342068434.7032068,215262479.15212432,60730198.10454093,265540084.34873638,49462810.211416215,212578541.26478764,25245176.692619033,212578541.26478764,477603017.998407,477603017.998407,644901375.0246507,644901375.0246507,477603017.998407,538627523.213381,538627523.213381,552773424.8362346,648318946.0030745,1884517307.1455562,3745326112.3146496,648318946.0030745,648318946.0030745
Visibilities pred1,202539517.36525932,218702890.0539745,202539517.36525932,202539517.36525932,17720883.230152998,4999444.1827184,21859846.853958793,4071887.899108942,17499935.529068198,2078238.7625403649,17499935.529068198,39317336.4241397,39317336.4241397,53089707.07199143,53089707.07199143,39317336.4241397,44341008.61890336,44341008.61890336,45505530.51715144,53371049.07120073,284403698.0425281,565229405.2586584,53371049.07120073,53371049.07120073
Visibilities pred2,151434456.9710891,163519464.37002924,151434456.9710891,151434456.9710891,9939656.108639443,2804191.8263985896,12261203.772629244,2283924.8419179274,9815726.384694278,1165685.611885682,9815726.384694278,22053122.18855235,22053122.18855235,29778054.758924242,29778054.758924242,22053122.18855235,24870903.524277207,24870903.524277207,25524084.691899285,29935859.687986653,212642550.61875242,422609914.16837627,29935859.687986653,29935859.687986653
Visibilities pred3,234249610.49715713,252943561.21801224,234249610.49715713,234249610.49715713,19083828.761555877,5742891.281241906,26904145.880749,4385064.242770006,18845887.568783544,1253324.7472326572,18845887.568783544,42341304.65924229,42341304.65924229,65340495.44690289,65340495.44690289,42341304.65924229,54572979.04932402,54572979.04932402,56006221.79988423,65686758.906097166,328930651.93923765,653723133.8643019,65686758.906097166,65686758.906097166
Visibilities pred4,189338280.84555808,204448147.98337874,189338280.84555808,189338280.84555808,53559095.8373816,16117523.813424826,66068582.32943479,9845406.97639109,52891309.76014397,2931231.3360139374,52891309.76014397,118831604.62498526,118831604.62498526,160456827.80692613,160456827.80692613,118831604.62498526,134015009.25783736,134015009.25783736,137534627.27816668,161307147.90119162,265866671.12660885,528388559.75958896,161307147.90119162,161307147.90119162
Visibilities pred5,270562052.6222723,292153865.16752964,270562052.6222723,270562052.6222723,37571692.79180548,8479829.296240013,46347094.5440999,8633188.269514406,37103241.01993846,1542193.5555934503,37103241.01993846,83360341.93861605,83360341.93861605,112560425.94546138,112560425.94546138,83360341.93861605,94011496.62075014,94011496.62075014,96480507.81178708,113156925.28617923,379920172.2051206,755060691.7535795,113156925.28617923,113156925.28617923
Visibilities pred6,207928515.08921194,224521948.93223414,207928515.08921194,207928515.08921194,86052132.1785943,3236955.5252472498,106150828.17542218,19772978.082397547,84979216.08680753,2354770.020190098,84979216.08680753,190923927.82789752,190923927.82789752,257802189.14305305,257802189.14305305,190923927.82789752,215318744.84187993,215318744.84187993,220973631.84787288,259168378.32160112,291970867.6564998,580268544.376171,259168378.32160112,259168378.32160112
Visibilities pred7,18517898.798805382,19995692.878650185,18517898.798805382,18517898.798805382,164486279.9438615,12374702.618329613,202904383.6275627,37795502.863717765,162435430.39299104,2250539.010123154,162435430.39299104,364945828.13478595,364945828.13478595,492781782.1587097,492781782.1587097,364945828.13478595,411575848.78567845,411575848.78567845,422385009.5068586,495393215.13532144,26002623.916891437,51678117.2427348,495393215.13532144,495393215.13532144
Visibilities pred8,,,,,52082139.49342821,3918265.937909834,64246661.88283607,11967385.079437898,51432768.418680064,712599.7785386126,51432768.418680064,115554680.5177165,115554680.5177165,156032038.21601093,156032038.21601093,115554680.5177165,130319384.54622325,130319384.54622325,133741944.8757506,156858909.71320844,,,156858909.71320844,156858909.71320844
Visibilities pred9,,,,,45552438.567719236,3427020.667058929,56191856.691451795,10466996.535657328,44984481.17814519,623258.912766946,44984481.17814519,101067228.35685153,101067228.35685153,136469812.96395686,136469812.96395686,101067228.35685153,113980835.2050106,113980835.2050106,116974298.428133,137193016.9921677,,,137193016.9921677,137193016.9921677
Visibilities pred10,,,,,3264850.552875744,245622.64219797074,4027402.7067391425,750194.2925752864,3224143.70916629,44670.43411752481,3224143.70916629,7243726.280162723,7243726.280162723,9781112.895720268,9781112.895720268,7243726.280162723,8169274.895856583,8169274.895856583,8383823.454974779,9832946.631642792,,,9832946.631642792,9832946.631642792
Visibilities pred11,,,,,1399221.661660122,105266.84636602242,1726029.7267004752,321511.8387886227,1381775.8715470303,19144.471711866714,1381775.8715470303,3104454.1115098707,3104454.1115098707,4191905.515178976,4191905.515178976,3104454.1115098707,3501117.8028563815,3501117.8028563815,3593067.185082078,4214119.973370235,,,4214119.973370235,4214119.973370235
Visibilities bw0,9868664.61278945,10655863.095060209,10286845.401254835,10286845.401254835,706611.5744488029,12601572.250131302,737333.8168161422,16958677.78677127,706611.5744488029,9376779.914401352,10599173.616732044,910002.6904797121,910002.6904797121,1282177.5465474953,1282177.5465474953,989256.2042283241,2409258.911295787,2409258.911295787,2472531.6162885595,144965727.05658808,13857464.880155714,449439133.47775793,1288441.1769054253,77798273.52036895
Visibilities bw1,2663826.539487355,2876344.9653762165,2663826.539487355,2663826.539487355,87254.7406951916,1556083.9346491566,99951.0800242998,2181368.51737979,87254.7406951916,1543834.5093156993,1308821.110427874,168537.53909351732,168537.53909351732,242744.1991673317,242744.1991673317,168537.53909351732,456140.15042037296,456140.15042037296,468119.530529302,18298645.395840246,3740514.6663996098,83737689.6679494,181799.03615736324,9149322.697920123
Visibilities bw2,4375637.283095819,4724759.724538613,4375637.283095819,4375637.283095819,75742.42655768641,1163744.7927556564,101926.76463898357,1631374.8870842336,74798.0662393711,865937.8831150777,978824.93225054,168049.53977726994,168049.53977726994,247542.6744352982,247542.6744352982,168049.53977726994,465164.5269535819,465164.5269535819,477380.9535792211,13995986.347630123,6144219.90993657,93913314.25963916,185386.56112823085,6997993.173815061
Visibilities bw3,14740074.248513713,15916235.323311467,14740074.248513713,14740074.248513713,305372.3144025607,3128095.0312674087,430509.2746606478,4385064.242770006,301564.90045722725,931041.2408014024,2631038.545662003,677529.1469047178,677529.1469047178,1045550.0385449439,1045550.0385449439,677529.1469047178,1964754.9956559604,1964754.9956559604,2016354.7415403724,39412055.3436583,20697844.483224478,217907711.28810063,782994.015322315,19706027.67182915
Visibilities bw4,23248330.93814649,37655230.28096718,23248330.93814649,23248330.93814649,1428327.2901168424,10073547.251969296,1761931.383653518,9845406.97639109,1410518.6931175734,2177486.1353246393,7384055.232293317,3169029.0777369197,3169029.0777369197,4279092.534633813,4279092.534633813,3169029.0777369197,8041200.924336626,8041200.924336626,8252385.075366767,96784288.74071497,32645042.271385323,352259039.839726,3204451.157415729,48392144.37035748
Visibilities bw5,72603998.42044942,78397801.46181615,72603998.42044942,72603998.42044942,1402734.2741259811,7419867.271839196,1730361.3940630835,8633188.269514406,1385244.7481343565,1145629.4984408487,5179912.9617086435,3112246.380209786,3112246.380209786,4202422.037444248,4202422.037444248,3112246.380209786,7897167.060786356,7897167.060786356,8104568.739886095,67894155.17170753,101949711.26003943,503373794.50238633,3146999.3517823466,33947077.58585376
Visibilities bw6,122160534.1674023,131909176.55563876,122160534.1674023,122160534.1674023,5048516.227576867,3236955.52524725,6227665.854788574,19772978.082397547,4985570.394474266,1749257.7292840728,11863786.849438524,11201144.085205115,11201144.085205115,15124753.223049875,15124753.223049875,11201144.085205115,28422492.571715783,28422492.571715783,29168947.500901744,155501026.99296063,171536438.23153704,580268544.376171,11326109.312900266,77750513.49648032
Visibilities bw7,18517898.798805382,19995692.878650185,18517898.798805382,18517898.798805382,13159125.452581152,23202397.4528994,16232620.570115516,37795502.863717765,12995054.93962193,1671828.9789486285,29238666.888537716,29196156.639063783,29196156.639063783,39423184.33925879,39423184.33925879,29196156.639063783,74084370.26293588,74084370.26293588,76030036.08015886,297235929.0811928,26002623.91689143,51678117.2427348,29521745.703264195,148617964.5405964
Visibilities bw8,,,,,4999952.487806032,8816021.482833097,6167760.7216273565,11967385.0794379,4937612.097893627,529359.8354858264,11109561.763465315,11093396.840394974,11093396.840394974,14979268.714537174,14979268.714537174,11093396.840394974,28149194.769511357,28149194.769511357,28888472.6893292,94115345.82792504,,,11217084.0863078,47057672.91396252
Visibilities bw9,,,,,5344874.024821364,9424212.699547794,6593243.872192007,10466996.535657326,5278233.06755722,462992.3351983027,11875967.15173621,11858674.757037986,11858674.757037986,16012615.049028842,16012615.049028842,11858674.757037986,30091099.452251226,30091099.452251226,30881377.48469445,82315810.19530062,,,11990871.3836455,41157905.09765031
Visibilities bw10,,,,,452729.5590651445,798264.9125930549,558470.8833885154,750194.2925752862,447084.8354173785,33183.75105873271,1005936.7764146945,1004471.3266549839,1004471.3266549839,1356324.7245063665,1356324.7245063665,1004471.3266549839,2548823.5328483023,2548823.5328483023,2615762.913160139,5899767.978985675,,,1015667.484896132,2949883.9894928373
Visibilities bw11,,,,,223876.8889677976,394746.13006532413,276166.47809981974,321511.8387886227,221085.5462878117,14221.6075573867,497440.7206017684,496715.7865128577,496715.7865128577,670708.9768912075,670708.9768912075,496715.7865128577,1260405.8966543248,1260405.8966543248,1293507.7563440155,2528471.984022141,,,502251.84631778405,1264235.9920110705
-- Geometry --,,,,,,,,,,,,,,,,,,,,,,,,
Delta W earth0 [lambda],0.12556762548976114,0.12556762548976114,0.12556762548976114,0.12556762548976114,1.4098307776762335,1.4098307776762335,2.179085545775391,2.203297607395118,2.3177546259610975,2.3206973331141834,17.82888173816229,1.961176991197852,1.961176991197852,2.058025237676758,2.058025237676758,1.961176991197852,13.982465585392093,13.982465585392093,17.04886816211769,17.04886816211769,0.13733959037942622,0.13733959037942622,0.8580149336490602,0.8580149336490602
Delta W earth1 [lambda],0.2636344856700899,0.2636344856700899,0.2636344856700899,0.2636344856700899,3.172119249771525,3.172119249771525,4.902942477994629,4.957419616639014,5.214947908412469,5.221568999506912,40.11498391086515,4.412648230195167,4.412648230195167,4.630556784772706,4.630556784772706,4.412648230195167,31.46054756713221,31.46054756713221,38.3599533647648,38.3599533647648,0.28835021870166083,0.28835021870166083,1.9305336007103855,1.9305336007103855
Delta W earth2 [lambda],0.5656557423145592,0.5656557423145592,0.5656557423145592,0.5656557423145592,5.639323110704934,5.639323110704934,8.716342183101563,8.813190429580471,9.27101850384439,9.282789332456733,71.31552695264917,7.844707964791408,7.844707964791408,8.232100950707032,8.232100950707032,7.844707964791408,55.92986234156837,55.92986234156837,68.19547264847075,68.19547264847075,0.618685968156549,0.618685968156549,3.432059734596241,3.432059734596241
Delta W earth3 [lambda],1.1924479087013926,1.1924479087013926,1.1924479087013926,1.1924479087013926,12.6884769990861,12.6884769990861,19.611769911978516,19.829678466556057,20.859791633649877,15.687913971851879,160.4599356434606,17.650592920780667,17.650592920780667,18.522227139090823,18.522227139090823,17.650592920780667,125.84219026852884,125.84219026852884,153.4398134590592,153.4398134590592,1.304239900142148,1.304239900142148,7.722134402841542,7.722134402841542
Delta W earth4 [lambda],2.554289211389181,2.554289211389181,2.554289211389181,2.554289211389181,35.245769441905836,35.245769441905836,54.47713864438477,55.08244018487794,57.94386564902744,58.017433327854576,445.72204345405726,49.0294247799463,49.0294247799463,51.45063094191895,51.45063094191895,49.0294247799463,349.5616396348023,349.5616396348023,426.22170405294224,426.22170405294224,2.7937538249569163,2.7937538249569163,21.450373341226506,21.450373341226506
Delta W earth5 [lambda],5.422471337476216,5.422471337476216,5.422471337476216,5.422471337476216,69.08170810613544,69.08170810613544,106.77519174299415,107.96158276236076,113.56997667209377,113.71416932259497,873.6152051699522,96.09767256869475,96.09767256869475,100.84323664616115,100.84323664616115,96.09767256869475,685.1408136842125,685.1408136842125,835.3945399437669,835.3945399437669,5.93082802536461,5.93082802536461,42.04273174880395,42.04273174880395
Delta W earth6 [lambda],11.552639929482813,11.552639929482813,11.552639929482813,11.552639929482813,170.58952409882426,90.22916977127895,263.6693510388223,266.59901049480925,280.4483097412928,280.80437730681615,2157.294690317637,237.3024159349401,237.3024159349401,249.02105375888772,249.02105375888772,237.3024159349401,1691.8783358324433,1691.8783358324433,2062.9130476162404,2062.9130476162404,12.635699922871826,12.635699922871826,103.81980697153628,103.81980697153628
Delta W earth7 [lambda],33.47075398311001,33.47075398311001,33.47075398311001,33.47075398311001,317.21192497715253,317.21192497715253,490.29424779946294,495.74196166390146,521.4947908412469,522.1568999506912,4011.4983910865153,441.2648230195167,441.2648230195167,463.0556784772706,463.0556784772706,441.2648230195167,3146.0547567132207,3146.0547567132207,3835.99533647648,3835.99533647648,36.608637169026565,36.608637169026565,193.05336007103855,193.05336007103855
Delta W earth8 [lambda],,,,,456.78517196709964,456.78517196709964,706.0237168312267,713.8684247960181,750.9524988113956,751.9059359289954,5776.557683164582,635.421345148104,635.421345148104,666.8001770072697,666.8001770072697,635.421345148104,4530.318849667038,4530.318849667038,5523.833284526131,5523.833284526131,,,277.99683850229553,277.99683850229553
Delta W earth9 [lambda],,,,,682.358096395297,682.358096395297,1054.6774041552892,1066.396041979237,1121.7932389651712,1123.2175092272646,8629.178761270548,949.2096637397603,949.2096637397603,996.0842150355509,996.0842150355509,949.2096637397603,6767.513343329773,6767.513343329773,8251.652190464962,8251.652190464962,,,415.2792278861451,415.2792278861451
Delta W earth10 [lambda],,,,,953.0456057091338,953.0456057091338,1473.0618289441643,1489.4291825990995,1566.8021271497018,1568.7913971851879,12052.324054997707,1325.7556460497478,1325.7556460497478,1391.2250606694886,1391.2250606694886,1325.7556460497478,9452.146735725055,9452.146735725055,11525.034877591559,11525.034877591559,,,580.0180951467647,580.0180951467647
Delta W earth11 [lambda],,,,,1268.8476999086101,1268.8476999086101,1961.1769911978517,1982.9678466556059,2085.9791633649875,2088.627599802765,16045.993564346061,1765.0592920780668,1765.0592920780668,1852.2227139090824,1852.2227139090824,1765.0592920780668,12584.219026852883,12584.219026852883,15343.98134590592,15343.98134590592,,,772.2134402841542,772.2134402841542
Delta W snapshot0 [lambda],2.469830292023931,5.391554722231441,2.475379150066574,2.475379150066574,151.92861552627764,340.604072187328,310.0868700008358,409.49377796767067,341.1129334467815,171.34924022799768,9107.940402896967,161.55918643703015,161.55918643703015,285.3222972982287,285.3222972982287,260.8955712111695,6296.467884699928,6296.467884699928,8684.052781816637,14823.671344179318,2.880011162020274,5.406844618723447,63.64975518492841,110.90688790872956
Delta W snapshot1 [lambda],3.5787336884428385,7.812252760784332,3.5867738705046275,3.5867738705046275,227.89292328941647,510.90610828099193,465.13030500125376,614.240666951506,511.6694001701722,257.0238603419965,13661.910604345452,242.33877965554524,242.33877965554524,427.983445947343,427.983445947343,391.34335681675424,9444.701827049892,9444.701827049892,13026.079172724956,22235.507016268977,4.173077398029377,7.8344075087625455,95.47463277739261,166.36033186309433
Delta W snapshot2 [lambda],5.2420887830712,11.44329981861367,5.253865951161708,5.253865951161708,303.8572310525553,681.208144374656,620.1737400016716,818.9875559353413,682.225866893563,342.69848045599537,18215.880805793935,323.1183728740603,323.1183728740603,570.6445945964574,570.6445945964574,521.791142422339,12592.935769399855,12592.935769399855,17368.105563633275,29647.342688358636,6.112676752043031,11.475751843821193,127.29951036985682,221.81377581745912
Delta W snapshot3 [lambda],7.611109675420685,16.61479108279485,7.628209217552095,7.628209217552095,455.78584657883295,1021.8122165619839,930.2606100025075,1228.481333903012,1023.3388003403444,445.50802459279396,27323.821208690904,484.6775593110905,484.6775593110905,855.966891894686,855.966891894686,782.6867136335085,18889.403654099784,18889.403654099784,26052.158345449912,44471.014032537954,8.875136438062478,16.66190892708654,190.94926555478523,332.72066372618866
Delta W snapshot4 [lambda],11.1394386640263,24.31701211455405,11.164465146218628,11.164465146218628,759.6430776313882,1703.02036093664,1550.4343500041791,2047.468889838353,1705.5646672339074,856.7462011399884,45539.70201448484,807.7959321851508,807.7959321851508,1426.6114864911433,1426.6114864911433,1304.4778560558475,31482.339423499638,31482.339423499638,43420.26390908319,74118.3567208966,12.98943809809144,24.385972668120036,318.248775924642,554.5344395436477
Delta W snapshot5 [lambda],16.23031334758583,35.43021674609233,16.266777271866058,16.266777271866058,1063.5003086839436,2384.228505311296,2170.608090005851,2866.4564457736947,2387.7905341274704,1199.4446815959839,63755.582820278774,1130.914305059211,1130.914305059211,1997.2560810876007,1997.2560810876007,1826.2689984781864,44075.27519289949,44075.27519289949,60788.369472716455,103765.69940925523,18.92578763613323,35.53069320875408,445.54828629449884,776.3482153611069
Delta W snapshot6 [lambda],23.690208923494847,51.71491264181178,23.74343266390387,23.74343266390387,1671.2147707890542,2724.832577498624,3410.955570009194,4504.431557644377,3752.242267914596,1884.8416425079745,100187.34443186664,1777.1510508073318,1777.1510508073318,3138.5452702805155,3138.5452702805155,2869.851283322864,69261.1467316992,69261.1467316992,95524.580599983,163060.3847859725,27.624596860194465,51.86157083265347,700.1473070342125,1219.9757669960252
Delta W snapshot7 [lambda],40.32375986977846,88.02538322010516,40.41435347047467,40.41435347047467,2278.9292328941647,5109.06108280992,4651.303050012538,6142.40666951506,5116.694001701722,2570.2386034199653,136619.10604345452,2423.3877965554525,2423.3877965554525,4279.83445947343,4279.83445947343,3913.4335681675425,94447.01827049891,94447.01827049891,130260.79172724955,222355.07016268978,47.02059040033101,88.27501418323995,954.7463277739262,1663.6033186309432
Delta W snapshot8 [lambda],,,,,2734.715079472998,6130.873299371903,5581.563660015045,7370.888003418071,6140.032802042067,3084.286324103958,163942.92725214543,2908.065355866543,2908.065355866543,5135.801351368116,5135.801351368116,4696.120281801051,113336.4219245987,113336.4219245987,156312.95007269946,266826.0841952277,,,1145.6955933287113,1996.3239823571319
Delta W snapshot9 [lambda],,,,,3342.4295415781085,7493.289588121215,6821.911140018388,9008.863115288754,7504.484535829192,3769.683285015949,200374.6888637333,3554.3021016146636,3554.3021016146636,6277.090540561031,6277.090540561031,5739.702566645728,138522.2934633984,138522.2934633984,191049.161199966,326120.769571945,,,1400.294614068425,2439.9515339920504
Delta W snapshot10 [lambda],,,,,3950.1440036832187,8855.705876870526,8062.258620021731,10646.838227159436,8868.936269616319,4455.080245927939,236806.45047532118,4200.5388473627845,4200.5388473627845,7418.379729753946,7418.379729753946,6783.284851490407,163708.16500219813,163708.16500219813,225785.37232723256,385415.4549486623,,,1654.8936348081386,2883.579085626968
Delta W snapshot11 [lambda],,,,,4557.858465788329,10218.12216561984,9302.606100025076,12284.81333903012,10233.388003403445,5140.477206839931,273238.21208690904,4846.775593110905,4846.775593110905,8559.66891894686,8559.66891894686,7826.867136335085,188894.03654099783,188894.03654099783,260521.5834544991,444710.14032537956,,,1909.4926555478523,3327.2066372618865
Delta W max0 [lambda],2.469830292023931,5.391554722231441,2.475379150066574,2.475379150066574,151.92861552627764,340.604072187328,310.0868700008358,409.49377796767067,341.1129334467815,171.34924022799768,9107.940402896967,161.55918643703015,161.55918643703015,285.3222972982287,285.3222972982287,260.8955712111695,6296.467884699928,6296.467884699928,8684.052781816637,14823.671344179318,2.880011162020274,5.406844618723447,63.64975518492841,110.90688790872956
Delta W max1 [lambda],3.5787336884428385,7.812252760784332,3.5867738705046275,3.5867738705046275,227.89292328941647,510.90610828099193,465.13030500125376,614.240666951506,511.6694001701722,257.0238603419965,13661.910604345452,242.33877965554524,242.33877965554524,427.983445947343,427.983445947343,391.34335681675424,9444.701827049892,9444.701827049892,13026.079172724956,22235.507016268977,4.173077398029377,7.8344075087625455,95.47463277739261,166.36033186309433
Delta W max2 [lambda],5.2420887830712,11.44329981861367,5.253865951161708,5.253865951161708,303.8572310525553,681.208144374656,620.1737400016716,818.9875559353413,682.225866893563,342.69848045599537,18215.880805793935,323.1183728740603,323.1183728740603,570.6445945964574,570.6445945964574,521.791142422339,12592.935769399855,12592.935769399855,17368.105563633275,29647.342688358636,6.112676752043031,11.475751843821193,127.29951036985682,221.81377581745912
Delta W max3 [lambda],7.611109675420685,16.61479108279485,7.628209217552095,7.628209217552095,455.78584657883295,1021.8122165619839,930.2606100025075,1228.481333903012,1023.3388003403444,445.50802459279396,27323.821208690904,484.6775593110905,484.6775593110905,855.966891894686,855.966891894686,782.6867136335085,18889.403654099784,18889.403654099784,26052.158345449912,44471.014032537954,8.875136438062478,16.66190892708654,190.94926555478523,332.72066372618866
Delta W max4 [lambda],11.1394386640263,24.31701211455405,11.164465146218628,11.164465146218628,759.6430776313882,1703.02036093664,1550.4343500041791,2047.468889838353,1705.5646672339074,856.7462011399884,45539.70201448484,807.7959321851508,807.7959321851508,1426.6114864911433,1426.6114864911433,1304.4778560558475,31482.339423499638,31482.339423499638,43420.26390908319,74118.3567208966,12.98943809809144,24.385972668120036,318.248775924642,554.5344395436477
Delta W max5 [lambda],16.23031334758583,35.43021674609233,16.266777271866058,16.266777271866058,1063.5003086839436,2384.228505311296,2170.608090005851,2866.4564457736947,2387.7905341274704,1199.4446815959839,63755.582820278774,1130.914305059211,1130.914305059211,1997.2560810876007,1997.2560810876007,1826.2689984781864,44075.27519289949,44075.27519289949,60788.369472716455,103765.69940925523,18.92578763613323,35.53069320875408,445.54828629449884,776.3482153611069
Delta W max6 [lambda],23.690208923494847,51.71491264181178,23.74343266390387,23.74343266390387,1671.2147707890542,2724.832577498624,3410.955570009194,4504.431557644377,3752.242267914596,1884.8416425079745,100187.34443186664,1777.1510508073318,1777.1510508073318,3138.5452702805155,3138.5452702805155,2869.851283322864,69261.1467316992,69261.1467316992,95524.580599983,163060.3847859725,27.624596860194465,51.86157083265347,700.1473070342125,1219.9757669960252
Delta W max7 [lambda],40.32375986977846,88.02538322010516,40.41435347047467,40.41435347047467,2278.9292328941647,5109.06108280992,4651.303050012538,6142.40666951506,5116.694001701722,2570.2386034199653,136619.10604345452,2423.3877965554525,2423.3877965554525,4279.83445947343,4279.83445947343,3913.4335681675425,94447.01827049891,94447.01827049891,130260.79172724955,222355.07016268978,47.02059040033101,88.27501418323995,954.7463277739262,1663.6033186309432
Delta W max8 [lambda],,,,,2734.715079472998,6130.873299371903,5581.563660015045,7370.888003418071,6140.032802042067,3084.286324103958,163942.92725214543,2908.065355866543,2908.065355866543,5135.801351368116,5135.801351368116,4696.120281801051,113336.4219245987,113336.4219245987,156312.95007269946,266826.0841952277,,,1145.6955933287113,1996.3239823571319
Delta W max9 [lambda],,,,,3342.4295415781085,7493.289588121215,6821.911140018388,9008.863115288754,7504.484535829192,3769.683285015949,200374.6888637333,3554.3021016146636,3554.3021016146636,6277.090540561031,6277.090540561031,5739.702566645728,138522.2934633984,138522.2934633984,191049.161199966,326120.769571945,,,1400.294614068425,2439.9515339920504
Delta W max10 [lambda],,,,,3950.1440036832187,8855.705876870526,8062.258620021731,10646.838227159436,8868.936269616319,4455.080245927939,236806.45047532118,4200.5388473627845,4200.5388473627845,7418.379729753946,7418.379729753946,6783.284851490407,163708.16500219813,163708.16500219813,225785.37232723256,385415.4549486623,,,1654.8936348081386,2883.579085626968
Delta W max11 [lambda],,,,,4557.858465788329,10218.12216561984,9302.606100025076,12284.81333903012,10233.388003403445,5140.477206839931,273238.21208690904,4846.775593110905,4846.775593110905,8559.66891894686,8559.66891894686,7826.867136335085,188894.03654099783,188894.03654099783,260521.5834544991,444710.14032537956,,,1909.4926555478523,3327.2066372618865
-- Kernel Sizes --,,,,,,,,,,,,,,,,,,,,,,,,
W kernel support pred0 [pixels],6.275450746309772,4.661322100221864,6.286068263410436,6.286068263410436,15.237015651985473,11.53696760338699,13.929598183361426,6.221059282196605,13.223635300943204,2.8396949341681106,7.254850970642354,9.830396032605151,9.830396032605151,14.722381112922081,14.722381112922081,14.1158295228043,8.188105896344704,8.188105896344704,7.768746477110584,4.7941889912940105,6.159069080445949,4.084077734592884,17.90547805933462,11.205675193122147
W kernel support pred1 [pixels],8.298939754777352,6.162883278384619,8.31299314386127,8.31299314386127,20.70659152605297,15.671579767013021,18.927061348567626,8.444422487330582,17.966352342657437,3.852306087916008,9.849211088194014,13.350518356356877,13.350518356356877,20.00606999108372,20.00606999108372,19.180515298114052,11.117682350053782,11.117682350053782,10.547658797118544,6.506100723422793,8.14489874879536,5.3991956301956465,24.3399300300615,15.220934350571223
W kernel support pred2 [pixels],11.068111577033784,8.216895453318717,11.086874536586775,11.086874536586775,25.749530881950808,19.481245774786803,23.53370793246049,10.49082677646951,22.33764465845609,4.7834939583558915,12.237639425908341,16.59294386962931,16.59294386962931,24.877207816566823,24.877207816566823,23.849274904266025,13.815256276534733,13.815256276534733,13.10627386191429,8.081215257574598,10.86245205040046,7.197865228779641,30.27499595754796,18.920401848089213
W kernel support pred3 [pixels],14.668210221510165,10.885851678428748,14.693107620578383,14.693107620578383,35.029437442467824,26.486247134881065,32.008506774260454,14.24865484374282,30.378277508250104,5.828240411357359,16.624777287274974,22.55259217916879,22.55259217916879,33.8400422071164,33.8400422071164,32.438672565231364,18.771450609498675,18.771450609498675,17.806653564419044,10.972383657297364,14.395317228210127,9.534560683122738,41.20219511409821,25.72227027909235
W kernel support pred4 [pixels],19.564887919499636,14.51377549895597,19.59814809776418,19.59814809776418,51.68040057550689,39.03981139241847,47.20846614988227,20.968785719198163,44.79616350648831,9.540794465205138,24.47387328209633,33.2261192359821,33.2261192359821,49.919449125590106,49.919449125590106,47.84510898407931,27.6421063416861,27.6421063416861,26.21799718171709,16.139155566608093,19.20034227059137,12.710072550477935,60.82485636963949,37.91036166848557
W kernel support pred5 [pixels],26.020101007149538,19.29285292917293,26.064415624528284,26.064415624528284,66.82483370045519,50.44248022151274,61.02696858154357,27.058953220561587,57.90039152574866,12.29893033432218,31.59066734602517,42.91460811919548,42.91460811919548,64.54148365115067,64.54148365115067,61.85223442413826,35.68852607237149,35.68852607237149,33.84636393736545,20.818141309922336,25.53440855637001,16.89197451464133,78.68759013503822,48.97966037289163
W kernel support pred6 [pixels],34.671953948141095,25.692550068674183,34.73113218943302,34.73113218943302,94.49748364988893,55.85228228738114,86.26369604293117,38.14070033869525,81.82570263690992,17.306461390092636,44.5479306106224,60.57699539232267,60.57699539232267,91.25418534485718,91.25418534485718,87.43537163880934,50.34551171184717,50.34551171184717,47.73882299256474,29.32473870009688,34.02337786550392,22.490062452638117,111.3598942311903,69.17208646699768
W kernel support pred7 [pixels],51.979089580735916,38.47761318187282,52.06814258694418,52.06814258694418,119.98091770384119,90.37209736718873,109.49084113725316,48.299251688542604,103.83893495808066,21.88550784083751,56.43326110802765,76.80126265651437,76.80126265651437,115.8482365310374,115.8482365310374,110.9832653312597,63.79718143523431,63.79718143523431,60.48580080326259,37.1152618463556,51.00315464809278,33.66793462747654,141.47994854994755,87.73320115312033
W kernel support pred8 [pixels],,,,,138.1188147532908,103.96855967296712,126.01603943118138,55.505438258058,119.4968878207186,25.127807730914583,64.86831008016387,88.3277238283474,88.3277238283474,133.35032574600675,133.35032574600675,127.73766173012636,73.34764943207794,73.34764943207794,69.53436152380668,42.63774979418926,,,162.9347987663188,100.92654426829456
W kernel support pred9 [pixels],,,,,161.332626214726,121.35176022146271,147.1583495085933,64.70150568502494,139.52567241925294,29.25878616175711,75.63695382424179,103.05643802262244,103.05643802262244,155.74732023689944,155.74732023689944,149.17431050298364,85.54450724694205,85.54450724694205,81.08847119227002,49.680857046959886,,,190.41238000833275,117.79263644736629
W kernel support pred10 [pixels],,,,,183.6707342501304,138.06131578474688,167.49576478441472,73.524367898809,158.78805833283928,33.215556723312325,85.97289748807525,117.20654142886015,117.20654142886015,177.2964097231015,177.2964097231015,169.7959403177329,97.2554276057958,97.2554276057958,92.18051212999403,56.4338518890914,,,216.87158476637973,134.0034362878795
W kernel support pred11 [pixels],,,,,205.30483680355778,154.22872613115808,187.18586564372526,82.04630736149853,177.43396434237013,37.031630780163155,95.96009105006982,130.89072537713076,130.89072537713076,198.16374600017997,198.16374600017997,189.7621481087857,108.57482699654486,108.57482699654486,102.90020525093851,62.95277695664681,,,242.512650404504,149.68680620835184
"W kernel support pred, ff0 [pixels]",94.44788008440969,88.26430262687782,94.49305725599304,94.49305725599304,145.80351622181962,122.14132705527012,137.1792883608673,94.21730748608076,132.63231113356383,83.16301767267085,98.83573850990713,112.18176284094925,112.18176284094925,142.37943798380434,142.37943798380434,138.3922872109566,103.39673593912099,103.39673593912099,101.30458527055703,88.71861065972381,93.95629007157072,86.4146990985945,164.06947689967217,120.15114655366463
"W kernel support pred, ff1 [pixels]",103.96073137208651,93.97229559498659,104.03256567360341,104.03256567360341,183.95876627145483,148.7222188955185,171.25114213550904,104.70782851941014,164.49482744461235,85.7308391448472,112.28733401335812,133.44334297573258,133.44334297573258,178.92887283845778,178.92887283845778,173.04652176358812,119.6268493840268,119.6268493840268,116.27638965167289,95.44149089307356,103.17809864598304,90.91580754192266,210.51285093212368,145.69597770797085
"W kernel support pred, ff2 [pixels]",119.3323007757197,103.54280147363826,119.4437205020048,119.4437205020048,220.98518909871413,175.1833666876211,204.56164395903411,115.94686961297806,195.79096917068705,88.68165607822256,126.43033021386505,154.98661335961506,154.98661335961506,214.4948251122013,214.4948251122013,206.88747294457488,136.43725144961425,136.43725144961425,131.8846561612982,102.85711721855915,118.11665137068502,98.5687216438724,255.0702341212924,171.20403847445706
"W kernel support pred, ff3 [pixels]",142.02115698217142,118.25444208546247,142.18577403943584,142.18577403943584,291.43084119957007,226.48921030936486,268.27383096147145,139.26071431236954,255.85492694018666,92.59577054447496,155.2047875244047,197.3617047352245,197.3617047352245,282.2932893660117,282.2932893660117,271.56052470643596,170.15143523059183,170.15143523059183,163.37968758216914,118.76516745185553,140.22271612849113,110.53552476416618,339.1868754272399,220.78191060837244
"W kernel support pred, ff4 [pixels]",175.7789228416345,141.00205484666546,176.01589180287516,176.01589180287516,421.11196068655016,322.4016747902511,386.04781268435283,185.84982746941014,367.1900883106763,110.56994427848146,211.5043978251964,277.5867431397918,277.5867431397918,407.2896876476893,407.2896876476893,391.0318210027149,235.16272398559536,235.16272398559536,224.48281911565886,151.88887356815619,173.18718535648907,129.37905715863914,493.1312621937343,313.65668077926273
"W kernel support pred, ff5 [pixels]",223.00430940012106,173.84391604364126,223.33526537088105,223.33526537088105,540.5513273889756,411.39324726768797,494.72681070685184,230.7812053896993,470.06078509639497,126.81039386258784,265.08507475054523,352.5144958176097,352.5144958176097,522.4926785717403,522.4926785717403,501.2431843013403,296.50453144256284,296.50453144256284,282.3417902365109,184.76276812819532,219.38182536552978,157.04038777400768,634.5637539606441,399.92056253161564
"W kernel support pred, ff6 [pixels]",288.68190278791127,220.56032339930294,289.13681668412914,289.13681668412914,760.2010014688916,453.9235133250929,694.7310388338657,315.43879505995045,659.4759428284981,159.9026915789509,365.25218656167544,491.1747466317205,491.1747466317205,734.4037622105616,734.4037622105616,704.0429174925838,410.63233575764025,410.63233575764025,390.1995567985532,247.8632267785067,283.70015059609534,196.90451031885488,894.4638990834908,559.1294688680425
"W kernel support pred, ff7 [pixels]",423.45820128213217,318.0467101466785,424.1578176069355,424.1578176069355,963.1754353364595,727.3894575004899,879.572415863734,394.5888159528649,834.5547090794134,192.49527012601388,458.4993232212637,619.5964594158314,619.5964594158314,930.232277482606,930.232277482606,891.4629839481181,516.6092749662292,516.6092749662292,490.4549462733204,307.5105369952492,415.793932350708,280.97314571524834,1134.6633218133613,706.41017363337
"W kernel support pred, ff8 [pixels]",,,,,1107.8427899691574,835.5869372065151,1011.2975330786425,451.1924592433052,959.3166300682971,216.3562575179093,525.0766132384896,711.1359609727213,711.1359609727213,1069.7980183661919,1069.7980183661919,1025.0279285726472,592.2095670803574,592.2095670803574,561.9980032718094,350.3577789642478,,,1305.9310523673644,811.3659529633724
"W kernel support pred, ff9 [pixels]",,,,,1293.1379825856914,974.1047075988455,1179.9818257608763,523.7577967211524,1119.068563091136,247.36390264184362,610.361140771487,828.3237789332621,828.3237789332621,1248.5441829196193,1248.5441829196193,1196.0729051770202,689.0161203395866,689.0161203395866,653.6220393003701,405.4183069903352,,,1525.3982973204124,945.7307930263083
"W kernel support pred, ff10 [pixels]",,,,,1471.5420726839072,1107.38399963057,1342.3521140616656,593.6103866972365,1272.8210549889732,277.5058293804529,692.4201777531372,941.0589219797914,941.0589219797914,1420.6255951674673,1420.6255951674673,1360.7212522396053,782.14548820684,782.14548820684,741.7707167710722,458.50397697136054,,,1736.8161082455408,1075.0083441375823
"W kernel support pred, ff11 [pixels]",,,,,1644.3858625504756,1236.4206394664177,1499.6223161164976,661.2277817107197,1421.724287245585,306.8645750282247,771.8378720674519,1050.1773409020468,1050.1773409020468,1587.3272172569605,1587.3272172569605,1520.2036254104535,872.2749312396278,872.2749312396278,827.0797684648426,509.9366000782966,,,1941.74990119683,1200.1637209076218
W kernel support bw0 [pixels],6.275450746309772,4.661322100221864,6.286068263410436,6.286068263410436,3.8275079391357223,11.53696760338699,3.5004926091027597,6.221059282196605,3.323824430907405,2.839694934168111,3.3619853218066758,2.4737274240993954,2.4737274240993954,3.6988115883151793,3.6988115883151793,3.547086565649659,3.7935587406069047,3.7935587406069047,3.59965162458729,2.223221027162182,6.159069080445949,4.084077734592884,2.084345691839051,1.8288671708838549
W kernel support bw1 [pixels],8.298939754777352,6.162883278384619,8.31299314386127,8.31299314386127,5.193353345526571,15.671579767013021,4.749353558421579,8.444422487330582,4.509503937295355,3.8523060879160083,4.561311090507605,3.3555818508085165,3.3555818508085165,5.018612641667018,5.018612641667018,4.812613018945513,5.147257305274781,5.147257305274781,4.8839803953158185,3.0156086793267645,8.14489874879536,5.3991956301956465,2.827148262015821,2.480477580598318
W kernel support bw2 [pixels],11.068111577033784,8.216895453318717,11.086874536586775,11.086874536586775,6.449733368674764,19.481245774786803,5.898019293286425,10.49082677646951,5.600001711808913,4.783493958355892,5.664371877586882,4.1664335035179185,4.1664335035179185,6.232595063133535,6.232595063133535,5.976622644966112,6.392452285947836,6.392452285947836,6.065301670785807,3.74413691605372,10.86245205040046,7.197865228779641,3.5100553472176443,3.079491999310491
W kernel support bw3 [pixels],14.668210221510165,10.885851678428748,14.693107620578383,14.693107620578383,8.755129943969658,26.486247134881065,8.00552749913744,14.24865484374282,7.600661396047475,5.82824041135736,7.68810759015525,5.653570339859579,5.653570339859579,8.460096126434905,8.460096126434905,8.112317799582698,8.677298463729313,8.677298463729313,8.232799472099565,5.080153464150961,14.395317228210127,9.534560683122738,4.762336576235207,4.177813687243213
W kernel support bw4 [pixels],19.564887919499636,14.51377549895597,19.59814809776418,19.59814809776418,12.872997920872384,39.03981139241847,11.76924795635217,20.968785719198163,11.173206040580457,9.54079446520514,11.301937744825713,8.307760608787298,8.307760608787298,12.438547334633537,12.438547334633537,11.926476162513756,12.758383954611867,12.758383954611867,12.103868260401029,7.464240061423977,19.20034227059137,12.710072550477935,6.996790974803293,6.137208375775569
W kernel support bw5 [pixels],26.020101007149538,19.29285292917293,26.064415624528284,26.064415624528284,16.60006535937468,50.44248022151274,15.175107691230313,27.058953220561587,14.405714398734116,12.298930334322183,14.571879733277765,10.707981277478376,10.707981277478376,16.039153238850698,16.039153238850698,15.37807624836196,16.452085387262997,16.452085387262997,15.607080908471243,9.619818863321639,25.53440855637001,16.89197451464133,9.016873822200784,7.908277039313087
W kernel support bw6 [pixels],34.671953948141095,25.692550068674183,34.73113218943302,34.73113218943302,23.371669090928748,55.85228228738114,21.361682279564477,38.14070033869525,20.27664826751151,17.30646139009264,20.51096777330653,15.06441986071773,15.06441986071773,22.58040135575049,22.58040135575049,21.64794634564876,23.162908146083865,23.162908146083865,21.970945470458037,13.53140483626073,34.02337786550392,22.490062452638117,12.682142412429544,11.12099203887458
W kernel support bw7 [pixels],51.979089580735916,38.47761318187282,52.06814258694418,52.06814258694418,29.568835749369732,90.37209736718873,27.0219945371526,48.299251688542604,25.647403628663398,21.885507840837512,25.944239629500732,19.046788438324302,19.046788438324302,28.56615517104774,28.56615517104774,27.384681654429883,29.304288767330984,29.304288767330984,27.79392544706438,17.106282430581107,51.00315464809278,33.66793462747654,16.031456863740956,14.056013723908542
W kernel support bw8 [pixels],,,,,33.95951695906216,103.96855967296712,31.031550045013944,55.505438258058,29.4514440624959,25.127807730914586,29.792648671265212,21.865911787333545,21.865911787333545,32.80673572618783,32.80673572618783,31.448484676486782,33.65536083922448,33.65536083922448,31.918950508132838,19.636500941725668,,,18.401789764784752,16.132752228860515
W kernel support bw9 [pixels],,,,,39.55658296481214,121.35176022146271,36.14191642817904,64.70150568502494,34.299420287786546,29.258786161757115,34.69726900138385,25.456958553434607,25.456958553434607,38.212107171071125,38.212107171071125,36.62811761132519,39.201839853380385,39.201839853380385,37.17675864555632,22.859041113172704,,,21.420430460984715,18.77705304776184
W kernel support bw10 [pixels],,,,,44.92053659934653,138.06131578474688,41.0385934399515,73.524367898809,38.944231514422846,33.21555672331233,39.39644914660513,28.895806027403985,28.895806027403985,43.39200131369714,43.39200131369714,41.59128919540256,44.5172194747715,44.5172194747715,42.2149800464147,25.94450938137025,,,24.310408341083626,21.308204787589954
W kernel support bw11 [pixels],,,,,50.096321005702414,154.22872613115808,45.76275021308014,82.04630736149853,43.4250037504175,37.03163078016316,43.92975669230309,32.21170527182153,32.21170527182153,48.38987724088924,48.38987724088924,46.379706909059166,49.646051512425345,49.646051512425345,47.07592928070965,28.919232247983533,,,27.096425549763627,23.747915504733736
"W kernel support bw, ff0 [pixels]",94.44788008440969,88.26430262687784,94.49305725599304,94.49305725599304,85.65972384700646,122.14132705527012,84.75978235229557,94.21730748608076,84.30337932870665,83.16301767267085,84.40016883548745,82.41138848241457,82.41138848241457,85.29711166630848,85.29711166630848,84.8836655586314,85.56301553112678,85.56301553112678,85.02516966391312,81.95324002795392,93.95629007157072,86.4146990985945,81.71932333076207,81.32689793813084
"W kernel support bw, ff1 [pixels]",103.96073137208651,93.97229559498659,104.03256567360341,104.03256567360341,90.14509866973073,148.7222188955185,88.56414054381756,104.70782851941014,87.75807682869349,85.7308391448472,87.92926570443319,84.38385800423227,84.38385800423227,89.50940879155888,89.50940879155888,88.78242855705135,89.97573282318459,89.97573282318459,89.03150525581982,83.55841863772423,103.17809864598304,90.91580754192266,83.1356548474048,82.42437271694858
"W kernel support bw, ff2 [pixels]",119.3323007757197,103.54280147363826,119.4437205020048,119.4437205020048,95.19632279519934,175.1833666876211,92.87811594436361,115.94686961297806,91.68991889528976,88.68165607822256,91.94262863941958,86.66594925869757,86.66594925869757,94.26608848437373,94.26608848437373,93.19914788977735,94.9487259451103,94.9487259451103,93.56508215615895,85.42357941314565,118.11665137068502,98.5687216438724,84.78508870428807,83.7074031512405
"W kernel support bw, ff3 [pixels]",142.02115698217142,118.25444208546249,142.18577403943584,142.18577403943584,106.3284873469515,226.48921030936486,102.47761762709224,139.26071431236954,100.48523988164355,92.59577054447496,100.9100980692189,91.90007010669447,91.90007010669447,104.78877083917534,104.78877083917534,103.01369231908582,105.91936816386747,105.91936816386747,103.62362268063873,89.73131777722202,140.22271612849113,110.53552476416618,88.60874888284029,86.701004268349
"W kernel support bw, ff4 [pixels]",175.7789228416345,141.0020548466655,176.01589180287516,176.01589180287516,130.4059079571559,322.4016747902511,123.55149791612558,185.84982746941014,119.95746798935393,110.56994427848147,120.72681141497374,104.00581101701358,104.00581101701358,127.67896235065047,127.67896235065047,124.51270358449602,129.68302553738883,129.68302553738883,125.6034717647931,99.82861463754901,173.18718535648907,129.37905715863914,97.63772515009597,93.86469466978596
"W kernel support bw, ff5 [pixels]",223.00430940012106,173.84391604364126,223.33526537088105,223.33526537088105,155.03541168350125,411.39324726768797,145.3897148363253,230.7812053896993,140.29103631246474,126.81039386258784,141.3850750734006,117.21047408181983,117.21047408181983,151.2094042830585,151.2094042830585,146.74826970846297,154.02256740408768,154.02256740408768,148.2874990245244,111.00729056075373,219.3818253655298,157.04038777400768,107.71934304307348,101.99320627744623
"W kernel support bw, ff6 [pixels]",288.68190278791127,220.56032339930294,289.13681668412914,289.13681668412914,203.36920767445585,453.9235133250929,188.69174350785931,315.43879505995045,180.86768024641702,159.9026915789509,182.55077960898336,144.65113800920875,144.65113800920875,197.5651022441813,197.5651022441813,190.76831283780228,201.8348336689452,201.8348336689452,193.11715737192745,134.60434865909028,283.7001505960954,196.90451031885488,129.2035259380534,119.64653647907052
"W kernel support bw, ff7 [pixels]",423.45820128213217,318.0467101466785,424.1578176069355,424.1578176069355,249.7122885335945,727.3894575004899,230.5038916830211,394.5888159528649,220.2237862381375,192.49527012601388,222.43792050140462,172.09860425963424,172.09860425963424,242.1272685188683,242.1272685188683,233.2272079242171,247.7083885745167,247.7083885745167,236.3051981494404,158.51811729284356,415.7939323507081,280.97314571524834,151.15715989371847,138.00209199729233
"W kernel support bw, ff8 [pixels]",,,,,283.21003282712485,835.5869372065151,260.82418270658326,451.1924592433052,248.8228359123109,216.3562575179093,251.40907412097164,192.35269244451177,192.35269244451177,274.3757317557576,274.3757317557576,264.00087132549834,280.87672037030393,280.87672037030393,267.59006277999293,176.28924763297724,,,167.54717383181838,151.84533067098062
"W kernel support bw, ff9 [pixels]",,,,,326.4081622363819,974.1047075988455,299.9987331281494,523.7577967211524,285.8195494591059,247.36390264184362,288.8764969219219,218.80500744416796,218.80500744416796,315.9914059037353,315.9914059037353,303.7492649932514,323.65752249092765,323.65752249092765,307.9855979375604,199.60533229169533,,,189.11750271344118,170.19099316397907
"W kernel support bw, ff10 [pixels]",,,,,368.16123497169934,1107.38399963057,337.9151279506384,593.6103866972365,321.6610059797951,277.50582938045295,325.1663161262353,244.6179199942122,244.6179199942122,356.2350485178364,356.2350485178364,342.21259702687604,365.01246705415207,365.01246705415207,347.0658303267958,222.4399341183156,,,210.29441513614813,188.30436490233512
"W kernel support bw, ff11 [pixels]",,,,,408.6771931630249,1236.4206394664177,374.74081129781564,661.2277817107197,356.49232929520593,306.86457502822475,360.4285025839059,269.8258942673895,269.8258942673895,395.298790841628,395.298790841628,379.56414692393525,405.1453412907041,405.1453412907041,385.01059664522495,244.79503182054145,,,231.0624196288278,206.139912225843
-- I/O --,,,,,,,,,,,,,,,,,,,,,,,,
Visibility Buffer [PetaBytes],11.79660516904192,12.738016150411003,11.79660516904192,11.79660516904192,5.18522443962308,0.32406752516500914,6.39630715249548,1.1914559999999998,3.7550875781415987,0.027428195196651312,5.120573970193088,0.23584145480395563,0.23584145480395563,15.534329921756584,15.534329921756584,11.504461209949055,12.974414343922646,12.974414343922646,13.315159628954358,15.616652083199998,8.28232973512208,16.46046216192,15.616652083199998,15.616652083199998
Working (cache) memory [TeraBytes],40.890976676238964,17.936567387258965,41.10113657730024,41.10113657730024,2207.1690823269214,9.467522439951276,2065.6804286578285,32.63909014154857,1409.2624628822723,0.0039679907681385755,224.16752610460924,1274.8204082552309,1274.8204082552309,5948.509372119957,5948.509372119957,3870.305415564417,821.9234347593404,821.9234347593404,718.3562232572206,193.5840213320854,27.125079958125998,15.53638403213466,10934.788371595305,2584.928900071305
I/O Rate [TeraBytes/s],3.0037652050801182,0.7371537124080442,3.0037652050801182,3.0037652050801182,11.882806007469556,0.018753907706308397,14.658203891135473,0.06894999999999998,11.734648681692493,0.002164472474483216,5.215399414085552,26.364390272799916,26.364390272799916,35.59950607069217,35.59950607069217,26.364390272799916,13.21468127621751,13.21468127621751,13.561736659120177,3.6149657599999996,2.1089265529246033,0.9525730417777777,99.41155839999999,14.459863039999998
-- Compute --,,,,,,,,,,,,,,,,,,,,,,,,
Total Compute Requirement [PetaFLOPS],13.01844886253723,1.499243309026051,13.068582548629912,13.068582548629912,25.555538340979833,0.14698503677196742,25.631327810456444,0.2759105736571289,18.66277530897373,0.009294544519717642,5.931715675044212,53.84991473423561,53.84991473423561,67.51373185678887,67.51373185678887,46.14980666906969,17.146399223200643,17.146399223200643,15.769068511714348,1.346607310857114,8.427084329357605,1.1773047446773286,124.63019348075005,7.979504039828277
-> Gridding [PetaFLOPS],3.1721153640059545,0.33773871598264155,3.1805664513953547,3.1805664513953547,8.01061489713828,0.02458414961976168,8.260885754226575,0.08883021368597811,5.957632483903341,0.0008839650252758065,2.0565231218674285,7.451479639283044,7.451479639283044,22.4127432045103,22.4127432045103,15.24838867657403,6.514254838426033,6.514254838426033,6.0431557105907565,0.6095316596940548,2.1638933879745528,0.4538642367807112,32.712878703087256,2.241265910236091
-> FFT [PetaFLOPS],5.562488379238353,0.422510562365389,5.573160276283611,5.573160276283611,15.058083613398184,0.04101090678275946,15.187705510388975,0.09412217699460465,10.843522209172509,0.0006078481011304278,3.1867609805450963,44.88979043941385,44.88979043941385,40.93718598340874,40.93718598340874,27.808330427101986,9.721466585898138,9.721466585898138,8.908703287354873,0.5197053338750415,3.6467312839022856,0.3327636166114044,78.37232018192867,3.711690983470837
-> Phase Rotation [PetaFLOPS],0.0,0.0,0.0,0.0,0.006652888339868677,0.0,0.0082363145637095,0.0,0.00657002781710188,0.0,0.003163382574936087,0.014754622741847441,0.014754622741847441,0.019998468999049786,0.019998468999049786,0.014755336023471179,0.007836376797669376,0.007836376797669376,0.008042182469262294,0.0018920306902437403,0.0,0.0,0.05522002686847711,0.00635814309281611
-> Projection [PetaFLOPS],0.07515881718319117,0.2089244209961341,0.08998840766033367,0.08998840766033367,0.1899745718232817,0.025393137611538552,0.1554482968033712,0.028402333223319514,0.1385181879997192,0.0002347935465952122,0.07582196867019743,0.25778131229808504,0.25778131229808504,0.1805395202635636,0.1805395202635636,0.16601591378580002,0.054343691494564035,0.054343691494564035,0.04414311538178634,0.15692272168167667,0.03529990489848998,0.11409851508193994,0.330547423134364,1.1511400648439951
-> Convolution [PetaFLOPS],4.208686302109734,0.530069609681887,4.224867413290615,4.224867413290615,2.2902123702802193,0.055996842757907735,2.019051934473816,0.0645558497532266,1.716532400081058,0.007567937846716197,0.6094462213865541,1.2361087204987793,1.2361087204987793,3.963264679607196,3.963264679607196,2.9123163155844014,0.848497730584236,0.848497730584236,0.765024215917671,0.058555564916097494,2.581159752582275,0.2765783762032731,13.159227145731274,0.8690489381845384
